post_id,likes,pair_count,left,right
synthetic_post_0000.jpg,821,23,creative,drawing
synthetic_post_0000.jpg,821,5,creative,love
synthetic_post_0000.jpg,821,4,creative,wanderlust
synthetic_post_0000.jpg,821,2,drawing,love
synthetic_post_0000.jpg,821,11,drawing,wanderlust
synthetic_post_0000.jpg,821,7,love,wanderlust
synthetic_post_0001.jpg,873,18,chef,delicious
synthetic_post_0001.jpg,873,32,chef,foodie
synthetic_post_0001.jpg,873,25,chef,foodporn
synthetic_post_0001.jpg,873,28,delicious,foodie
synthetic_post_0001.jpg,873,20,delicious,foodporn
synthetic_post_0001.jpg,873,26,foodie,foodporn
synthetic_post_0002.jpg,1188,6,artist,beauty
synthetic_post_0002.jpg,1188,30,artist,creative
synthetic_post_0002.jpg,1188,27,artist,drawing
synthetic_post_0002.jpg,1188,5,artist,fashion
synthetic_post_0002.jpg,1188,6,artist,photooftheday
synthetic_post_0002.jpg,1188,9,beauty,creative
synthetic_post_0002.jpg,1188,3,beauty,drawing
synthetic_post_0002.jpg,1188,20,beauty,fashion
synthetic_post_0002.jpg,1188,3,beauty,photooftheday
synthetic_post_0002.jpg,1188,23,creative,drawing
synthetic_post_0002.jpg,1188,10,creative,fashion
synthetic_post_0002.jpg,1188,7,creative,photooftheday
synthetic_post_0002.jpg,1188,4,drawing,fashion
synthetic_post_0002.jpg,1188,8,drawing,photooftheday
synthetic_post_0002.jpg,1188,8,fashion,photooftheday
synthetic_post_0003.jpg,697,3,coding,nature
synthetic_post_0003.jpg,697,4,coding,photography
synthetic_post_0003.jpg,697,19,coding,startup
synthetic_post_0003.jpg,697,4,coding,vacation
synthetic_post_0003.jpg,697,21,nature,photography
synthetic_post_0003.jpg,697,5,nature,startup
synthetic_post_0003.jpg,697,22,nature,vacation
synthetic_post_0003.jpg,697,4,photography,startup
synthetic_post_0003.jpg,697,20,photography,vacation
synthetic_post_0003.jpg,697,3,startup,vacation
synthetic_post_0004.jpg,1529,4,followme,gym
synthetic_post_0004.jpg,1529,3,followme,model
synthetic_post_0004.jpg,1529,5,followme,motivation
synthetic_post_0004.jpg,1529,2,followme,style
synthetic_post_0004.jpg,1529,4,followme,training
synthetic_post_0004.jpg,1529,4,followme,workout
synthetic_post_0004.jpg,1529,6,gym,model
synthetic_post_0004.jpg,1529,28,gym,motivation
synthetic_post_0004.jpg,1529,4,gym,style
synthetic_post_0004.jpg,1529,26,gym,training
synthetic_post_0004.jpg,1529,24,gym,workout
synthetic_post_0004.jpg,1529,6,model,motivation
synthetic_post_0004.jpg,1529,27,model,style
synthetic_post_0004.jpg,1529,8,model,training
synthetic_post_0004.jpg,1529,7,model,workout
synthetic_post_0004.jpg,1529,6,motivation,style
synthetic_post_0004.jpg,1529,29,motivation,training
synthetic_post_0004.jpg,1529,27,motivation,workout
synthetic_post_0004.jpg,1529,6,style,training
synthetic_post_0004.jpg,1529,5,style,workout
synthetic_post_0004.jpg,1529,42,training,workout
synthetic_post_0005.jpg,843,6,gym,model
synthetic_post_0005.jpg,843,6,gym,ootd
synthetic_post_0005.jpg,843,3,gym,streetstyle
synthetic_post_0005.jpg,843,4,gym,style
synthetic_post_0005.jpg,843,20,model,ootd
synthetic_post_0005.jpg,843,22,model,streetstyle
synthetic_post_0005.jpg,843,27,model,style
synthetic_post_0005.jpg,843,18,ootd,streetstyle
synthetic_post_0005.jpg,843,23,ootd,style
synthetic_post_0005.jpg,843,22,streetstyle,style
synthetic_post_0006.jpg,1014,6,artist,beauty
synthetic_post_0006.jpg,1014,24,artist,design
synthetic_post_0006.jpg,1014,27,artist,drawing
synthetic_post_0006.jpg,1014,2,artist,style
synthetic_post_0006.jpg,1014,2,beauty,design
synthetic_post_0006.jpg,1014,3,beauty,drawing
synthetic_post_0006.jpg,1014,25,beauty,style
synthetic_post_0006.jpg,1014,23,design,drawing
synthetic_post_0006.jpg,1014,3,design,style
synthetic_post_0006.jpg,1014,2,drawing,style
synthetic_post_0007.jpg,973,12,software,style
synthetic_post_0007.jpg,973,26,software,tech
synthetic_post_0007.jpg,973,10,style,tech
synthetic_post_0008.jpg,616,4,innovation,motivation
synthetic_post_0008.jpg,616,6,innovation,training
synthetic_post_0008.jpg,616,29,motivation,training
synthetic_post_0009.jpg,787,5,drawing,explore
synthetic_post_0009.jpg,787,33,drawing,gallery
synthetic_post_0009.jpg,787,2,drawing,nature
synthetic_post_0009.jpg,787,4,drawing,travel
synthetic_post_0009.jpg,787,11,drawing,wanderlust
synthetic_post_0009.jpg,787,6,explore,gallery
synthetic_post_0009.jpg,787,25,explore,nature
synthetic_post_0009.jpg,787,30,explore,travel
synthetic_post_0009.jpg,787,25,explore,wanderlust
synthetic_post_0009.jpg,787,6,gallery,nature
synthetic_post_0009.jpg,787,6,gallery,travel
synthetic_post_0009.jpg,787,8,gallery,wanderlust
synthetic_post_0009.jpg,787,27,nature,travel
synthetic_post_0009.jpg,787,21,nature,wanderlust
synthetic_post_0009.jpg,787,23,travel,wanderlust
synthetic_post_0010.jpg,620,8,developer,fitness
synthetic_post_0010.jpg,620,9,developer,gym
synthetic_post_0010.jpg,620,5,developer,life
synthetic_post_0010.jpg,620,28,developer,software
synthetic_post_0010.jpg,620,26,developer,tech
synthetic_post_0010.jpg,620,24,fitness,gym
synthetic_post_0010.jpg,620,6,fitness,life
synthetic_post_0010.jpg,620,6,fitness,software
synthetic_post_0010.jpg,620,5,fitness,tech
synthetic_post_0010.jpg,620,7,gym,life
synthetic_post_0010.jpg,620,4,gym,software
synthetic_post_0010.jpg,620,5,gym,tech
synthetic_post_0010.jpg,620,5,life,software
synthetic_post_0010.jpg,620,5,life,tech
synthetic_post_0010.jpg,620,26,software,tech
synthetic_post_0011.jpg,1124,30,artist,creative
synthetic_post_0011.jpg,1124,24,artist,design
synthetic_post_0011.jpg,1124,30,artist,illustration
synthetic_post_0011.jpg,1124,4,artist,streetstyle
synthetic_post_0011.jpg,1124,27,creative,design
synthetic_post_0011.jpg,1124,21,creative,illustration
synthetic_post_0011.jpg,1124,5,creative,streetstyle
synthetic_post_0011.jpg,1124,23,design,illustration
synthetic_post_0011.jpg,1124,5,design,streetstyle
synthetic_post_0011.jpg,1124,4,illustration,streetstyle
synthetic_post_0012.jpg,704,2,delicious,explore
synthetic_post_0012.jpg,704,4,delicious,travel
synthetic_post_0012.jpg,704,30,explore,travel
synthetic_post_0013.jpg,1146,3,fitfam,instagood
synthetic_post_0013.jpg,1146,15,fitfam,motivation
synthetic_post_0013.jpg,1146,3,fitfam,nature
synthetic_post_0013.jpg,1146,4,fitfam,wanderlust
synthetic_post_0013.jpg,1146,6,instagood,motivation
synthetic_post_0013.jpg,1146,4,instagood,nature
synthetic_post_0013.jpg,1146,3,instagood,wanderlust
synthetic_post_0013.jpg,1146,5,motivation,nature
synthetic_post_0013.jpg,1146,4,motivation,wanderlust
synthetic_post_0013.jpg,1146,21,nature,wanderlust
synthetic_post_0014.jpg,981,5,adventure,drawing
synthetic_post_0014.jpg,981,22,adventure,explore
synthetic_post_0014.jpg,981,4,adventure,followme
synthetic_post_0014.jpg,981,6,adventure,gallery
synthetic_post_0014.jpg,981,27,adventure,photography
synthetic_post_0014.jpg,981,5,drawing,explore
synthetic_post_0014.jpg,981,6,drawing,followme
synthetic_post_0014.jpg,981,33,drawing,gallery
synthetic_post_0014.jpg,981,8,drawing,photography
synthetic_post_0014.jpg,981,5,explore,followme
synthetic_post_0014.jpg,981,6,explore,gallery
synthetic_post_0014.jpg,981,15,explore,photography
synthetic_post_0014.jpg,981,7,followme,gallery
synthetic_post_0014.jpg,981,5,followme,photography
synthetic_post_0014.jpg,981,9,gallery,photography
synthetic_post_0015.jpg,968,25,chef,foodporn
synthetic_post_0015.jpg,968,25,chef,homemade
synthetic_post_0015.jpg,968,4,chef,instagood
synthetic_post_0015.jpg,968,22,chef,yummy
synthetic_post_0015.jpg,968,25,foodporn,homemade
synthetic_post_0015.jpg,968,5,foodporn,instagood
synthetic_post_0015.jpg,968,25,foodporn,yummy
synthetic_post_0015.jpg,968,5,homemade,instagood
synthetic_post_0015.jpg,968,20,homemade,yummy
synthetic_post_0015.jpg,968,3,instagood,yummy
synthetic_post_0016.jpg,648,4,adventure,foodporn
synthetic_post_0016.jpg,648,25,adventure,vacation
synthetic_post_0016.jpg,648,5,adventure,yummy
synthetic_post_0016.jpg,648,6,foodporn,vacation
synthetic_post_0016.jpg,648,25,foodporn,yummy
synthetic_post_0016.jpg,648,9,vacation,yummy
synthetic_post_0017.jpg,924,9,beauty,creative
synthetic_post_0017.jpg,924,5,beauty,love
synthetic_post_0017.jpg,924,27,beauty,outfit
synthetic_post_0017.jpg,924,17,beauty,streetstyle
synthetic_post_0017.jpg,924,25,beauty,style
synthetic_post_0017.jpg,924,5,creative,love
synthetic_post_0017.jpg,924,3,creative,outfit
synthetic_post_0017.jpg,924,5,creative,streetstyle
synthetic_post_0017.jpg,924,7,creative,style
synthetic_post_0017.jpg,924,8,love,outfit
synthetic_post_0017.jpg,924,4,love,streetstyle
synthetic_post_0017.jpg,924,3,love,style
synthetic_post_0017.jpg,924,26,outfit,streetstyle
synthetic_post_0017.jpg,924,33,outfit,style
synthetic_post_0017.jpg,924,22,streetstyle,style
synthetic_post_0018.jpg,371,10,instagood,startup
synthetic_post_0018.jpg,371,6,instagood,tech
synthetic_post_0018.jpg,371,28,startup,tech
synthetic_post_0019.jpg,960,3,explore,innovation
synthetic_post_0019.jpg,960,3,explore,software
synthetic_post_0019.jpg,960,3,explore,startup
synthetic_post_0019.jpg,960,25,explore,wanderlust
synthetic_post_0019.jpg,960,25,innovation,software
synthetic_post_0019.jpg,960,28,innovation,startup
synthetic_post_0019.jpg,960,4,innovation,wanderlust
synthetic_post_0019.jpg,960,25,software,startup
synthetic_post_0019.jpg,960,4,software,wanderlust
synthetic_post_0019.jpg,960,3,startup,wanderlust
synthetic_post_0020.jpg,794,21,fitfam,health
synthetic_post_0020.jpg,794,4,fitfam,travel
synthetic_post_0020.jpg,794,7,health,travel
synthetic_post_0021.jpg,758,2,health,homemade
synthetic_post_0021.jpg,758,22,health,training
synthetic_post_0021.jpg,758,17,health,workout
synthetic_post_0021.jpg,758,4,homemade,training
synthetic_post_0021.jpg,758,3,homemade,workout
synthetic_post_0021.jpg,758,42,training,workout
synthetic_post_0022.jpg,761,28,gym,motivation
synthetic_post_0022.jpg,761,26,gym,training
synthetic_post_0022.jpg,761,24,gym,workout
synthetic_post_0022.jpg,761,29,motivation,training
synthetic_post_0022.jpg,761,27,motivation,workout
synthetic_post_0022.jpg,761,42,training,workout
synthetic_post_0023.jpg,630,2,gym,photography
synthetic_post_0023.jpg,630,4,gym,wanderlust
synthetic_post_0023.jpg,630,24,gym,workout
synthetic_post_0023.jpg,630,30,photography,wanderlust
synthetic_post_0023.jpg,630,4,photography,workout
synthetic_post_0023.jpg,630,4,wanderlust,workout
synthetic_post_0024.jpg,1075,4,developer,fitfam
synthetic_post_0024.jpg,1075,8,developer,fitness
synthetic_post_0024.jpg,1075,9,developer,gym
synthetic_post_0024.jpg,1075,26,developer,tech
synthetic_post_0024.jpg,1075,6,developer,training
synthetic_post_0024.jpg,1075,26,fitfam,fitness
synthetic_post_0024.jpg,1075,15,fitfam,gym
synthetic_post_0024.jpg,1075,4,fitfam,tech
synthetic_post_0024.jpg,1075,26,fitfam,training
synthetic_post_0024.jpg,1075,24,fitness,gym
synthetic_post_0024.jpg,1075,5,fitness,tech
synthetic_post_0024.jpg,1075,30,fitness,training
synthetic_post_0024.jpg,1075,5,gym,tech
synthetic_post_0024.jpg,1075,26,gym,training
synthetic_post_0024.jpg,1075,5,tech,training
synthetic_post_0025.jpg,704,26,foodie,foodporn
synthetic_post_0025.jpg,704,28,foodie,instafood
synthetic_post_0025.jpg,704,27,foodporn,instafood
synthetic_post_0026.jpg,670,2,beauty,followme
synthetic_post_0026.jpg,670,3,beauty,foodporn
synthetic_post_0026.jpg,670,5,beauty,instafood
synthetic_post_0026.jpg,670,27,beauty,outfit
synthetic_post_0026.jpg,670,5,followme,foodporn
synthetic_post_0026.jpg,670,3,followme,instafood
synthetic_post_0026.jpg,670,7,followme,outfit
synthetic_post_0026.jpg,670,27,foodporn,instafood
synthetic_post_0026.jpg,670,5,foodporn,outfit
synthetic_post_0026.jpg,670,7,instafood,outfit
synthetic_post_0027.jpg,878,23,creative,drawing
synthetic_post_0027.jpg,878,21,creative,illustration
synthetic_post_0027.jpg,878,2,creative,tech
synthetic_post_0027.jpg,878,24,drawing,illustration
synthetic_post_0027.jpg,878,3,drawing,tech
synthetic_post_0027.jpg,878,2,illustration,tech
synthetic_post_0028.jpg,1277,10,art,followme
synthetic_post_0028.jpg,1277,24,art,gallery
synthetic_post_0028.jpg,1277,2,art,gym
synthetic_post_0028.jpg,1277,5,art,health
synthetic_post_0028.jpg,1277,23,art,illustration
synthetic_post_0028.jpg,1277,7,followme,gallery
synthetic_post_0028.jpg,1277,4,followme,gym
synthetic_post_0028.jpg,1277,2,followme,health
synthetic_post_0028.jpg,1277,3,followme,illustration
synthetic_post_0028.jpg,1277,4,gallery,gym
synthetic_post_0028.jpg,1277,5,gallery,health
synthetic_post_0028.jpg,1277,28,gallery,illustration
synthetic_post_0028.jpg,1277,18,gym,health
synthetic_post_0028.jpg,1277,3,gym,illustration
synthetic_post_0028.jpg,1277,3,health,illustration
synthetic_post_0029.jpg,1120,7,creative,explore
synthetic_post_0029.jpg,1120,21,creative,illustration
synthetic_post_0029.jpg,1120,4,creative,nature
synthetic_post_0029.jpg,1120,4,creative,travel
synthetic_post_0029.jpg,1120,5,explore,illustration
synthetic_post_0029.jpg,1120,25,explore,nature
synthetic_post_0029.jpg,1120,30,explore,travel
synthetic_post_0029.jpg,1120,3,illustration,nature
synthetic_post_0029.jpg,1120,3,illustration,travel
synthetic_post_0029.jpg,1120,27,nature,travel
synthetic_post_0030.jpg,448,28,gallery,illustration
synthetic_post_0030.jpg,448,5,gallery,life
synthetic_post_0030.jpg,448,3,illustration,life
synthetic_post_0031.jpg,755,27,beauty,outfit
synthetic_post_0031.jpg,755,17,beauty,streetstyle
synthetic_post_0031.jpg,755,25,beauty,style
synthetic_post_0031.jpg,755,26,outfit,streetstyle
synthetic_post_0031.jpg,755,33,outfit,style
synthetic_post_0031.jpg,755,22,streetstyle,style
synthetic_post_0032.jpg,754,26,foodie,foodporn
synthetic_post_0033.jpg,664,4,beauty,chef
synthetic_post_0033.jpg,664,18,beauty,model
synthetic_post_0033.jpg,664,4,chef,model
synthetic_post_0034.jpg,1180,25,ai,coding
synthetic_post_0034.jpg,1180,7,ai,delicious
synthetic_post_0034.jpg,1180,5,ai,homemade
synthetic_post_0034.jpg,1180,6,coding,delicious
synthetic_post_0034.jpg,1180,6,coding,homemade
synthetic_post_0034.jpg,1180,26,delicious,homemade
synthetic_post_0035.jpg,1046,6,foodporn,gallery
synthetic_post_0035.jpg,1046,7,foodporn,illustration
synthetic_post_0035.jpg,1046,27,foodporn,instafood
synthetic_post_0035.jpg,1046,25,foodporn,yummy
synthetic_post_0035.jpg,1046,28,gallery,illustration
synthetic_post_0035.jpg,1046,6,gallery,instafood
synthetic_post_0035.jpg,1046,4,gallery,yummy
synthetic_post_0035.jpg,1046,7,illustration,instafood
synthetic_post_0035.jpg,1046,4,illustration,yummy
synthetic_post_0035.jpg,1046,18,instafood,yummy
synthetic_post_0036.jpg,895,24,fitness,gym
synthetic_post_0036.jpg,895,23,fitness,health
synthetic_post_0036.jpg,895,4,fitness,instagood
synthetic_post_0036.jpg,895,26,fitness,motivation
synthetic_post_0036.jpg,895,18,gym,health
synthetic_post_0036.jpg,895,5,gym,instagood
synthetic_post_0036.jpg,895,28,gym,motivation
synthetic_post_0036.jpg,895,4,health,instagood
synthetic_post_0036.jpg,895,20,health,motivation
synthetic_post_0036.jpg,895,6,instagood,motivation
synthetic_post_0037.jpg,754,2,beauty,nature
synthetic_post_0037.jpg,754,27,beauty,outfit
synthetic_post_0037.jpg,754,9,beauty,vacation
synthetic_post_0037.jpg,754,6,nature,outfit
synthetic_post_0037.jpg,754,22,nature,vacation
synthetic_post_0037.jpg,754,7,outfit,vacation
synthetic_post_0038.jpg,950,2,beauty,coding
synthetic_post_0038.jpg,950,6,beauty,developer
synthetic_post_0038.jpg,950,18,beauty,model
synthetic_post_0038.jpg,950,17,beauty,streetstyle
synthetic_post_0038.jpg,950,25,beauty,style
synthetic_post_0038.jpg,950,26,coding,developer
synthetic_post_0038.jpg,950,7,coding,model
synthetic_post_0038.jpg,950,4,coding,streetstyle
synthetic_post_0038.jpg,950,6,coding,style
synthetic_post_0038.jpg,950,3,developer,model
synthetic_post_0038.jpg,950,2,developer,streetstyle
synthetic_post_0038.jpg,950,9,developer,style
synthetic_post_0038.jpg,950,22,model,streetstyle
synthetic_post_0038.jpg,950,27,model,style
synthetic_post_0038.jpg,950,22,streetstyle,style
synthetic_post_0039.jpg,315,20,ai,startup
synthetic_post_0040.jpg,1033,3,beauty,fitfam
synthetic_post_0040.jpg,1033,4,beauty,gym
synthetic_post_0040.jpg,1033,9,beauty,like4like
synthetic_post_0040.jpg,1033,27,beauty,outfit
synthetic_post_0040.jpg,1033,4,beauty,workout
synthetic_post_0040.jpg,1033,15,fitfam,gym
synthetic_post_0040.jpg,1033,5,fitfam,like4like
synthetic_post_0040.jpg,1033,7,fitfam,outfit
synthetic_post_0040.jpg,1033,25,fitfam,workout
synthetic_post_0040.jpg,1033,6,gym,like4like
synthetic_post_0040.jpg,1033,5,gym,outfit
synthetic_post_0040.jpg,1033,24,gym,workout
synthetic_post_0040.jpg,1033,7,like4like,outfit
synthetic_post_0040.jpg,1033,7,like4like,workout
synthetic_post_0040.jpg,1033,6,outfit,workout
synthetic_post_0041.jpg,957,5,fitness,foodporn
synthetic_post_0041.jpg,957,23,fitness,health
synthetic_post_0041.jpg,957,26,fitness,motivation
synthetic_post_0041.jpg,957,30,fitness,training
synthetic_post_0041.jpg,957,2,foodporn,health
synthetic_post_0041.jpg,957,5,foodporn,motivation
synthetic_post_0041.jpg,957,5,foodporn,training
synthetic_post_0041.jpg,957,20,health,motivation
synthetic_post_0041.jpg,957,22,health,training
synthetic_post_0041.jpg,957,29,motivation,training
synthetic_post_0042.jpg,867,6,beauty,gallery
synthetic_post_0042.jpg,867,27,beauty,ootd
synthetic_post_0042.jpg,867,25,beauty,style
synthetic_post_0042.jpg,867,9,gallery,ootd
synthetic_post_0042.jpg,867,5,gallery,style
synthetic_post_0042.jpg,867,23,ootd,style
synthetic_post_0043.jpg,819,7,innovation,photography
synthetic_post_0043.jpg,819,25,innovation,software
synthetic_post_0043.jpg,819,6,innovation,travel
synthetic_post_0043.jpg,819,4,innovation,vacation
synthetic_post_0043.jpg,819,4,innovation,wanderlust
synthetic_post_0043.jpg,819,7,photography,software
synthetic_post_0043.jpg,819,25,photography,travel
synthetic_post_0043.jpg,819,20,photography,vacation
synthetic_post_0043.jpg,819,30,photography,wanderlust
synthetic_post_0043.jpg,819,2,software,travel
synthetic_post_0043.jpg,819,3,software,vacation
synthetic_post_0043.jpg,819,4,software,wanderlust
synthetic_post_0043.jpg,819,23,travel,vacation
synthetic_post_0043.jpg,819,23,travel,wanderlust
synthetic_post_0043.jpg,819,17,vacation,wanderlust
synthetic_post_0044.jpg,1163,5,ai,design
synthetic_post_0044.jpg,1163,25,ai,innovation
synthetic_post_0044.jpg,1163,27,ai,tech
synthetic_post_0044.jpg,1163,2,design,innovation
synthetic_post_0044.jpg,1163,2,design,tech
synthetic_post_0044.jpg,1163,26,innovation,tech
synthetic_post_0045.jpg,769,7,ai,like4like
synthetic_post_0045.jpg,769,24,ai,software
synthetic_post_0045.jpg,769,20,ai,startup
synthetic_post_0045.jpg,769,5,like4like,software
synthetic_post_0045.jpg,769,10,like4like,startup
synthetic_post_0045.jpg,769,25,software,startup
synthetic_post_0046.jpg,772,3,explore,gym
synthetic_post_0046.jpg,772,5,explore,training
synthetic_post_0046.jpg,772,25,explore,wanderlust
synthetic_post_0046.jpg,772,5,explore,workout
synthetic_post_0046.jpg,772,26,gym,training
synthetic_post_0046.jpg,772,4,gym,wanderlust
synthetic_post_0046.jpg,772,24,gym,workout
synthetic_post_0046.jpg,772,4,training,wanderlust
synthetic_post_0046.jpg,772,42,training,workout
synthetic_post_0046.jpg,772,4,wanderlust,workout
synthetic_post_0047.jpg,839,5,delicious,drawing
synthetic_post_0047.jpg,839,20,delicious,foodporn
synthetic_post_0047.jpg,839,3,delicious,gallery
synthetic_post_0047.jpg,839,20,delicious,yummy
synthetic_post_0047.jpg,839,8,drawing,foodporn
synthetic_post_0047.jpg,839,33,drawing,gallery
synthetic_post_0047.jpg,839,3,drawing,yummy
synthetic_post_0047.jpg,839,6,foodporn,gallery
synthetic_post_0047.jpg,839,25,foodporn,yummy
synthetic_post_0047.jpg,839,4,gallery,yummy
synthetic_post_0048.jpg,838,5,ai,design
synthetic_post_0048.jpg,838,7,ai,drawing
synthetic_post_0048.jpg,838,6,ai,illustration
synthetic_post_0048.jpg,838,25,ai,innovation
synthetic_post_0048.jpg,838,23,design,drawing
synthetic_post_0048.jpg,838,23,design,illustration
synthetic_post_0048.jpg,838,2,design,innovation
synthetic_post_0048.jpg,838,24,drawing,illustration
synthetic_post_0048.jpg,838,3,drawing,innovation
synthetic_post_0048.jpg,838,4,illustration,innovation
synthetic_post_0049.jpg,757,23,art,drawing
synthetic_post_0049.jpg,757,6,art,foodporn
synthetic_post_0049.jpg,757,5,art,happy
synthetic_post_0049.jpg,757,23,art,illustration
synthetic_post_0049.jpg,757,8,drawing,foodporn
synthetic_post_0049.jpg,757,5,drawing,happy
synthetic_post_0049.jpg,757,24,drawing,illustration
synthetic_post_0049.jpg,757,3,foodporn,happy
synthetic_post_0049.jpg,757,7,foodporn,illustration
synthetic_post_0049.jpg,757,5,happy,illustration
synthetic_post_0050.jpg,1060,23,fitness,health
synthetic_post_0050.jpg,1060,7,fitness,instafood
synthetic_post_0050.jpg,1060,2,fitness,love
synthetic_post_0050.jpg,1060,26,fitness,motivation
synthetic_post_0050.jpg,1060,6,health,instafood
synthetic_post_0050.jpg,1060,3,health,love
synthetic_post_0050.jpg,1060,20,health,motivation
synthetic_post_0050.jpg,1060,6,instafood,love
synthetic_post_0050.jpg,1060,10,instafood,motivation
synthetic_post_0050.jpg,1060,4,love,motivation
synthetic_post_0051.jpg,909,8,fashion,like4like
synthetic_post_0051.jpg,909,20,fashion,ootd
synthetic_post_0051.jpg,909,29,fashion,style
synthetic_post_0051.jpg,909,7,like4like,ootd
synthetic_post_0051.jpg,909,6,like4like,style
synthetic_post_0051.jpg,909,23,ootd,style
synthetic_post_0052.jpg,1115,26,foodie,foodporn
synthetic_post_0052.jpg,1115,19,foodie,homemade
synthetic_post_0052.jpg,1115,28,foodie,instafood
synthetic_post_0052.jpg,1115,25,foodporn,homemade
synthetic_post_0052.jpg,1115,27,foodporn,instafood
synthetic_post_0052.jpg,1115,27,homemade,instafood
synthetic_post_0053.jpg,606,4,beauty,instagood
synthetic_post_0053.jpg,606,5,beauty,software
synthetic_post_0053.jpg,606,7,beauty,startup
synthetic_post_0053.jpg,606,7,beauty,tech
synthetic_post_0053.jpg,606,6,instagood,software
synthetic_post_0053.jpg,606,10,instagood,startup
synthetic_post_0053.jpg,606,6,instagood,tech
synthetic_post_0053.jpg,606,25,software,startup
synthetic_post_0053.jpg,606,26,software,tech
synthetic_post_0053.jpg,606,28,startup,tech
synthetic_post_0054.jpg,836,6,adventure,fashion
synthetic_post_0054.jpg,836,20,adventure,nature
synthetic_post_0054.jpg,836,27,adventure,photography
synthetic_post_0054.jpg,836,4,adventure,photooftheday
synthetic_post_0054.jpg,836,8,adventure,style
synthetic_post_0054.jpg,836,4,fashion,nature
synthetic_post_0054.jpg,836,6,fashion,photography
synthetic_post_0054.jpg,836,8,fashion,photooftheday
synthetic_post_0054.jpg,836,29,fashion,style
synthetic_post_0054.jpg,836,21,nature,photography
synthetic_post_0054.jpg,836,3,nature,photooftheday
synthetic_post_0054.jpg,836,4,nature,style
synthetic_post_0054.jpg,836,3,photography,photooftheday
synthetic_post_0054.jpg,836,5,photography,style
synthetic_post_0054.jpg,836,7,photooftheday,style
synthetic_post_0055.jpg,1174,26,coding,developer
synthetic_post_0055.jpg,1174,3,coding,foodporn
synthetic_post_0055.jpg,1174,25,coding,software
synthetic_post_0055.jpg,1174,23,coding,tech
synthetic_post_0055.jpg,1174,2,developer,foodporn
synthetic_post_0055.jpg,1174,28,developer,software
synthetic_post_0055.jpg,1174,26,developer,tech
synthetic_post_0055.jpg,1174,2,foodporn,software
synthetic_post_0055.jpg,1174,4,foodporn,tech
synthetic_post_0055.jpg,1174,26,software,tech
synthetic_post_0056.jpg,583,4,developer,fitfam
synthetic_post_0056.jpg,583,8,developer,fitness
synthetic_post_0056.jpg,583,6,developer,health
synthetic_post_0056.jpg,583,26,developer,innovation
synthetic_post_0056.jpg,583,6,developer,training
synthetic_post_0056.jpg,583,26,fitfam,fitness
synthetic_post_0056.jpg,583,21,fitfam,health
synthetic_post_0056.jpg,583,4,fitfam,innovation
synthetic_post_0056.jpg,583,26,fitfam,training
synthetic_post_0056.jpg,583,23,fitness,health
synthetic_post_0056.jpg,583,4,fitness,innovation
synthetic_post_0056.jpg,583,30,fitness,training
synthetic_post_0056.jpg,583,4,health,innovation
synthetic_post_0056.jpg,583,22,health,training
synthetic_post_0056.jpg,583,6,innovation,training
synthetic_post_0057.jpg,1366,6,ai,beauty
synthetic_post_0057.jpg,1366,8,ai,ootd
synthetic_post_0057.jpg,1366,6,ai,outfit
synthetic_post_0057.jpg,1366,5,ai,photooftheday
synthetic_post_0057.jpg,1366,8,ai,style
synthetic_post_0057.jpg,1366,27,ai,tech
synthetic_post_0057.jpg,1366,27,beauty,ootd
synthetic_post_0057.jpg,1366,27,beauty,outfit
synthetic_post_0057.jpg,1366,3,beauty,photooftheday
synthetic_post_0057.jpg,1366,25,beauty,style
synthetic_post_0057.jpg,1366,7,beauty,tech
synthetic_post_0057.jpg,1366,22,ootd,outfit
synthetic_post_0057.jpg,1366,6,ootd,photooftheday
synthetic_post_0057.jpg,1366,23,ootd,style
synthetic_post_0057.jpg,1366,9,ootd,tech
synthetic_post_0057.jpg,1366,5,outfit,photooftheday
synthetic_post_0057.jpg,1366,33,outfit,style
synthetic_post_0057.jpg,1366,9,outfit,tech
synthetic_post_0057.jpg,1366,7,photooftheday,style
synthetic_post_0057.jpg,1366,5,photooftheday,tech
synthetic_post_0057.jpg,1366,10,style,tech
synthetic_post_0058.jpg,1024,22,art,creative
synthetic_post_0058.jpg,1024,29,art,design
synthetic_post_0058.jpg,1024,2,art,fashion
synthetic_post_0058.jpg,1024,24,art,gallery
synthetic_post_0058.jpg,1024,9,art,ootd
synthetic_post_0058.jpg,1024,27,creative,design
synthetic_post_0058.jpg,1024,10,creative,fashion
synthetic_post_0058.jpg,1024,24,creative,gallery
synthetic_post_0058.jpg,1024,10,creative,ootd
synthetic_post_0058.jpg,1024,2,design,fashion
synthetic_post_0058.jpg,1024,21,design,gallery
synthetic_post_0058.jpg,1024,2,design,ootd
synthetic_post_0058.jpg,1024,6,fashion,gallery
synthetic_post_0058.jpg,1024,20,fashion,ootd
synthetic_post_0058.jpg,1024,9,gallery,ootd
synthetic_post_0059.jpg,950,6,coding,delicious
synthetic_post_0059.jpg,950,6,coding,homemade
synthetic_post_0059.jpg,950,7,coding,instagood
synthetic_post_0059.jpg,950,3,coding,yummy
synthetic_post_0059.jpg,950,26,delicious,homemade
synthetic_post_0059.jpg,950,5,delicious,instagood
synthetic_post_0059.jpg,950,20,delicious,yummy
synthetic_post_0059.jpg,950,5,homemade,instagood
synthetic_post_0059.jpg,950,20,homemade,yummy
synthetic_post_0059.jpg,950,3,instagood,yummy
synthetic_post_0060.jpg,500,7,coding,fitfam
synthetic_post_0060.jpg,500,4,coding,health
synthetic_post_0060.jpg,500,21,fitfam,health
synthetic_post_0061.jpg,918,23,design,drawing
synthetic_post_0061.jpg,918,5,design,fitfam
synthetic_post_0061.jpg,918,21,design,gallery
synthetic_post_0061.jpg,918,6,drawing,fitfam
synthetic_post_0061.jpg,918,33,drawing,gallery
synthetic_post_0061.jpg,918,4,fitfam,gallery
synthetic_post_0062.jpg,1375,6,fitness,software
synthetic_post_0062.jpg,1375,2,fitness,startup
synthetic_post_0062.jpg,1375,30,fitness,training
synthetic_post_0062.jpg,1375,21,fitness,workout
synthetic_post_0062.jpg,1375,25,software,startup
synthetic_post_0062.jpg,1375,1,software,training
synthetic_post_0062.jpg,1375,5,software,workout
synthetic_post_0062.jpg,1375,7,startup,training
synthetic_post_0062.jpg,1375,8,startup,workout
synthetic_post_0062.jpg,1375,42,training,workout
synthetic_post_0063.jpg,1242,15,fitfam,gym
synthetic_post_0063.jpg,1242,5,fitfam,like4like
synthetic_post_0063.jpg,1242,5,fitfam,startup
synthetic_post_0063.jpg,1242,26,fitfam,training
synthetic_post_0063.jpg,1242,25,fitfam,workout
synthetic_post_0063.jpg,1242,6,gym,like4like
synthetic_post_0063.jpg,1242,4,gym,startup
synthetic_post_0063.jpg,1242,26,gym,training
synthetic_post_0063.jpg,1242,24,gym,workout
synthetic_post_0063.jpg,1242,10,like4like,startup
synthetic_post_0063.jpg,1242,6,like4like,training
synthetic_post_0063.jpg,1242,7,like4like,workout
synthetic_post_0063.jpg,1242,7,startup,training
synthetic_post_0063.jpg,1242,8,startup,workout
synthetic_post_0063.jpg,1242,42,training,workout
synthetic_post_0064.jpg,651,17,beauty,streetstyle
synthetic_post_0064.jpg,651,5,beauty,travel
synthetic_post_0064.jpg,651,9,beauty,vacation
synthetic_post_0064.jpg,651,3,streetstyle,travel
synthetic_post_0064.jpg,651,3,streetstyle,vacation
synthetic_post_0064.jpg,651,23,travel,vacation
synthetic_post_0065.jpg,750,5,creative,delicious
synthetic_post_0065.jpg,750,27,creative,design
synthetic_post_0065.jpg,750,3,creative,homemade
synthetic_post_0065.jpg,750,5,creative,love
synthetic_post_0065.jpg,750,8,delicious,design
synthetic_post_0065.jpg,750,26,delicious,homemade
synthetic_post_0065.jpg,750,3,delicious,love
synthetic_post_0065.jpg,750,9,design,homemade
synthetic_post_0065.jpg,750,3,design,love
synthetic_post_0065.jpg,750,2,homemade,love
synthetic_post_0066.jpg,758,3,innovation,love
synthetic_post_0066.jpg,758,7,innovation,photography
synthetic_post_0066.jpg,758,25,innovation,software
synthetic_post_0066.jpg,758,4,innovation,wanderlust
synthetic_post_0066.jpg,758,4,love,photography
synthetic_post_0066.jpg,758,3,love,software
synthetic_post_0066.jpg,758,7,love,wanderlust
synthetic_post_0066.jpg,758,7,photography,software
synthetic_post_0066.jpg,758,30,photography,wanderlust
synthetic_post_0066.jpg,758,4,software,wanderlust
synthetic_post_0067.jpg,837,26,fitfam,training
synthetic_post_0067.jpg,837,4,fitfam,wanderlust
synthetic_post_0067.jpg,837,25,fitfam,workout
synthetic_post_0067.jpg,837,4,training,wanderlust
synthetic_post_0067.jpg,837,42,training,workout
synthetic_post_0067.jpg,837,4,wanderlust,workout
synthetic_post_0068.jpg,870,34,ai,developer
synthetic_post_0068.jpg,870,6,ai,outfit
synthetic_post_0068.jpg,870,8,ai,style
synthetic_post_0068.jpg,870,8,developer,outfit
synthetic_post_0068.jpg,870,9,developer,style
synthetic_post_0068.jpg,870,33,outfit,style
synthetic_post_0069.jpg,1066,34,ai,developer
synthetic_post_0069.jpg,1066,3,ai,fitfam
synthetic_post_0069.jpg,1066,4,ai,gym
synthetic_post_0069.jpg,1066,25,ai,innovation
synthetic_post_0069.jpg,1066,24,ai,software
synthetic_post_0069.jpg,1066,4,developer,fitfam
synthetic_post_0069.jpg,1066,9,developer,gym
synthetic_post_0069.jpg,1066,26,developer,innovation
synthetic_post_0069.jpg,1066,28,developer,software
synthetic_post_0069.jpg,1066,15,fitfam,gym
synthetic_post_0069.jpg,1066,4,fitfam,innovation
synthetic_post_0069.jpg,1066,4,fitfam,software
synthetic_post_0069.jpg,1066,4,gym,innovation
synthetic_post_0069.jpg,1066,4,gym,software
synthetic_post_0069.jpg,1066,25,innovation,software
synthetic_post_0070.jpg,767,4,art,beauty
synthetic_post_0070.jpg,767,24,art,gallery
synthetic_post_0070.jpg,767,23,art,illustration
synthetic_post_0070.jpg,767,9,art,ootd
synthetic_post_0070.jpg,767,6,beauty,gallery
synthetic_post_0070.jpg,767,3,beauty,illustration
synthetic_post_0070.jpg,767,27,beauty,ootd
synthetic_post_0070.jpg,767,28,gallery,illustration
synthetic_post_0070.jpg,767,9,gallery,ootd
synthetic_post_0070.jpg,767,5,illustration,ootd
synthetic_post_0071.jpg,379,27,creative,design
synthetic_post_0071.jpg,379,7,creative,photooftheday
synthetic_post_0071.jpg,379,7,design,photooftheday
synthetic_post_0072.jpg,893,18,chef,delicious
synthetic_post_0072.jpg,893,3,chef,developer
synthetic_post_0072.jpg,893,23,chef,instafood
synthetic_post_0072.jpg,893,5,delicious,developer
synthetic_post_0072.jpg,893,25,delicious,instafood
synthetic_post_0072.jpg,893,2,developer,instafood
synthetic_post_0073.jpg,1283,3,delicious,gallery
synthetic_post_0073.jpg,1283,26,delicious,homemade
synthetic_post_0073.jpg,1283,25,delicious,instafood
synthetic_post_0073.jpg,1283,4,delicious,photooftheday
synthetic_post_0073.jpg,1283,20,delicious,yummy
synthetic_post_0073.jpg,1283,2,gallery,homemade
synthetic_post_0073.jpg,1283,6,gallery,instafood
synthetic_post_0073.jpg,1283,6,gallery,photooftheday
synthetic_post_0073.jpg,1283,4,gallery,yummy
synthetic_post_0073.jpg,1283,27,homemade,instafood
synthetic_post_0073.jpg,1283,4,homemade,photooftheday
synthetic_post_0073.jpg,1283,20,homemade,yummy
synthetic_post_0073.jpg,1283,4,instafood,photooftheday
synthetic_post_0073.jpg,1283,18,instafood,yummy
synthetic_post_0073.jpg,1283,6,photooftheday,yummy
synthetic_post_0074.jpg,953,4,adventure,artist
synthetic_post_0074.jpg,953,5,adventure,illustration
synthetic_post_0074.jpg,953,26,adventure,travel
synthetic_post_0074.jpg,953,30,artist,illustration
synthetic_post_0074.jpg,953,6,artist,travel
synthetic_post_0074.jpg,953,3,illustration,travel
synthetic_post_0075.jpg,1166,4,fitfam,travel
synthetic_post_0075.jpg,1166,3,fitfam,vacation
synthetic_post_0075.jpg,1166,4,fitfam,wanderlust
synthetic_post_0075.jpg,1166,23,travel,vacation
synthetic_post_0075.jpg,1166,23,travel,wanderlust
synthetic_post_0075.jpg,1166,17,vacation,wanderlust
synthetic_post_0076.jpg,902,26,developer,innovation
synthetic_post_0076.jpg,902,8,developer,outfit
synthetic_post_0076.jpg,902,26,developer,tech
synthetic_post_0076.jpg,902,8,innovation,outfit
synthetic_post_0076.jpg,902,26,innovation,tech
synthetic_post_0076.jpg,902,9,outfit,tech
synthetic_post_0077.jpg,804,5,fashion,followme
synthetic_post_0077.jpg,804,8,fashion,motivation
synthetic_post_0077.jpg,804,26,fashion,outfit
synthetic_post_0077.jpg,804,5,followme,motivation
synthetic_post_0077.jpg,804,7,followme,outfit
synthetic_post_0077.jpg,804,6,motivation,outfit
synthetic_post_0078.jpg,733,5,developer,nature
synthetic_post_0078.jpg,733,6,developer,wanderlust
synthetic_post_0078.jpg,733,21,nature,wanderlust
synthetic_post_0079.jpg,894,32,chef,foodie
synthetic_post_0079.jpg,894,25,chef,foodporn
synthetic_post_0079.jpg,894,25,chef,homemade
synthetic_post_0079.jpg,894,7,chef,vacation
synthetic_post_0079.jpg,894,6,chef,wanderlust
synthetic_post_0079.jpg,894,26,foodie,foodporn
synthetic_post_0079.jpg,894,19,foodie,homemade
synthetic_post_0079.jpg,894,9,foodie,vacation
synthetic_post_0079.jpg,894,6,foodie,wanderlust
synthetic_post_0079.jpg,894,25,foodporn,homemade
synthetic_post_0079.jpg,894,6,foodporn,vacation
synthetic_post_0079.jpg,894,6,foodporn,wanderlust
synthetic_post_0079.jpg,894,7,homemade,vacation
synthetic_post_0079.jpg,894,6,homemade,wanderlust
synthetic_post_0079.jpg,894,17,vacation,wanderlust
synthetic_post_0080.jpg,535,6,adventure,gallery
synthetic_post_0080.jpg,535,5,adventure,illustration
synthetic_post_0080.jpg,535,4,adventure,life
synthetic_post_0080.jpg,535,25,adventure,vacation
synthetic_post_0080.jpg,535,28,gallery,illustration
synthetic_post_0080.jpg,535,5,gallery,life
synthetic_post_0080.jpg,535,6,gallery,vacation
synthetic_post_0080.jpg,535,3,illustration,life
synthetic_post_0080.jpg,535,4,illustration,vacation
synthetic_post_0080.jpg,535,5,life,vacation
synthetic_post_0081.jpg,628,23,fashion,model
synthetic_post_0081.jpg,628,26,fashion,outfit
synthetic_post_0081.jpg,628,23,model,outfit
synthetic_post_0082.jpg,1136,3,ai,fitfam
synthetic_post_0082.jpg,1136,3,ai,health
synthetic_post_0082.jpg,1136,20,ai,startup
synthetic_post_0082.jpg,1136,4,ai,training
synthetic_post_0082.jpg,1136,4,ai,workout
synthetic_post_0082.jpg,1136,21,fitfam,health
synthetic_post_0082.jpg,1136,5,fitfam,startup
synthetic_post_0082.jpg,1136,26,fitfam,training
synthetic_post_0082.jpg,1136,25,fitfam,workout
synthetic_post_0082.jpg,1136,5,health,startup
synthetic_post_0082.jpg,1136,22,health,training
synthetic_post_0082.jpg,1136,17,health,workout
synthetic_post_0082.jpg,1136,7,startup,training
synthetic_post_0082.jpg,1136,8,startup,workout
synthetic_post_0082.jpg,1136,42,training,workout
synthetic_post_0083.jpg,738,26,fitfam,fitness
synthetic_post_0083.jpg,738,15,fitfam,motivation
synthetic_post_0083.jpg,738,6,fitfam,ootd
synthetic_post_0083.jpg,738,7,fitfam,outfit
synthetic_post_0083.jpg,738,26,fitness,motivation
synthetic_post_0083.jpg,738,7,fitness,ootd
synthetic_post_0083.jpg,738,5,fitness,outfit
synthetic_post_0083.jpg,738,4,motivation,ootd
synthetic_post_0083.jpg,738,6,motivation,outfit
synthetic_post_0083.jpg,738,22,ootd,outfit
synthetic_post_0084.jpg,1402,23,fashion,model
synthetic_post_0084.jpg,1402,20,fashion,ootd
synthetic_post_0084.jpg,1402,6,fashion,photography
synthetic_post_0084.jpg,1402,29,fashion,style
synthetic_post_0084.jpg,1402,6,fashion,travel
synthetic_post_0084.jpg,1402,20,model,ootd
synthetic_post_0084.jpg,1402,5,model,photography
synthetic_post_0084.jpg,1402,27,model,style
synthetic_post_0084.jpg,1402,8,model,travel
synthetic_post_0084.jpg,1402,5,ootd,photography
synthetic_post_0084.jpg,1402,23,ootd,style
synthetic_post_0084.jpg,1402,4,ootd,travel
synthetic_post_0084.jpg,1402,5,photography,style
synthetic_post_0084.jpg,1402,25,photography,travel
synthetic_post_0084.jpg,1402,6,style,travel
synthetic_post_0085.jpg,379,21,coding,innovation
synthetic_post_0086.jpg,1022,25,innovation,software
synthetic_post_0086.jpg,1022,28,innovation,startup
synthetic_post_0086.jpg,1022,26,innovation,tech
synthetic_post_0086.jpg,1022,25,software,startup
synthetic_post_0086.jpg,1022,26,software,tech
synthetic_post_0086.jpg,1022,28,startup,tech
synthetic_post_0087.jpg,541,26,gym,training
synthetic_post_0087.jpg,541,2,gym,travel
synthetic_post_0087.jpg,541,4,gym,wanderlust
synthetic_post_0087.jpg,541,5,training,travel
synthetic_post_0087.jpg,541,4,training,wanderlust
synthetic_post_0087.jpg,541,23,travel,wanderlust
synthetic_post_0088.jpg,913,8,foodie,like4like
synthetic_post_0088.jpg,913,10,foodie,motivation
synthetic_post_0088.jpg,913,8,foodie,training
synthetic_post_0088.jpg,913,5,foodie,workout
synthetic_post_0088.jpg,913,7,like4like,motivation
synthetic_post_0088.jpg,913,6,like4like,training
synthetic_post_0088.jpg,913,7,like4like,workout
synthetic_post_0088.jpg,913,29,motivation,training
synthetic_post_0088.jpg,913,27,motivation,workout
synthetic_post_0088.jpg,913,42,training,workout
synthetic_post_0089.jpg,694,26,coding,developer
synthetic_post_0089.jpg,694,6,coding,ootd
synthetic_post_0089.jpg,694,19,coding,startup
synthetic_post_0089.jpg,694,10,developer,ootd
synthetic_post_0089.jpg,694,17,developer,startup
synthetic_post_0089.jpg,694,7,ootd,startup
synthetic_post_0090.jpg,741,26,coding,developer
synthetic_post_0090.jpg,741,5,coding,photooftheday
synthetic_post_0090.jpg,741,4,coding,vacation
synthetic_post_0090.jpg,741,6,developer,photooftheday
synthetic_post_0090.jpg,741,4,developer,vacation
synthetic_post_0090.jpg,741,4,photooftheday,vacation
synthetic_post_0091.jpg,506,20,delicious,foodporn
synthetic_post_0091.jpg,506,26,delicious,homemade
synthetic_post_0091.jpg,506,25,delicious,instafood
synthetic_post_0091.jpg,506,3,delicious,outfit
synthetic_post_0091.jpg,506,25,foodporn,homemade
synthetic_post_0091.jpg,506,27,foodporn,instafood
synthetic_post_0091.jpg,506,5,foodporn,outfit
synthetic_post_0091.jpg,506,27,homemade,instafood
synthetic_post_0091.jpg,506,6,homemade,outfit
synthetic_post_0091.jpg,506,7,instafood,outfit
synthetic_post_0092.jpg,1067,34,ai,developer
synthetic_post_0092.jpg,1067,9,ai,fashion
synthetic_post_0092.jpg,1067,25,ai,innovation
synthetic_post_0092.jpg,1067,1,ai,life
synthetic_post_0092.jpg,1067,8,ai,ootd
synthetic_post_0092.jpg,1067,27,ai,tech
synthetic_post_0092.jpg,1067,5,developer,fashion
synthetic_post_0092.jpg,1067,26,developer,innovation
synthetic_post_0092.jpg,1067,5,developer,life
synthetic_post_0092.jpg,1067,10,developer,ootd
synthetic_post_0092.jpg,1067,26,developer,tech
synthetic_post_0092.jpg,1067,6,fashion,innovation
synthetic_post_0092.jpg,1067,12,fashion,life
synthetic_post_0092.jpg,1067,20,fashion,ootd
synthetic_post_0092.jpg,1067,5,fashion,tech
synthetic_post_0092.jpg,1067,3,innovation,life
synthetic_post_0092.jpg,1067,5,innovation,ootd
synthetic_post_0092.jpg,1067,26,innovation,tech
synthetic_post_0092.jpg,1067,5,life,ootd
synthetic_post_0092.jpg,1067,5,life,tech
synthetic_post_0092.jpg,1067,9,ootd,tech
synthetic_post_0093.jpg,815,34,ai,developer
synthetic_post_0093.jpg,815,8,ai,ootd
synthetic_post_0093.jpg,815,20,ai,startup
synthetic_post_0093.jpg,815,27,ai,tech
synthetic_post_0093.jpg,815,10,developer,ootd
synthetic_post_0093.jpg,815,17,developer,startup
synthetic_post_0093.jpg,815,26,developer,tech
synthetic_post_0093.jpg,815,7,ootd,startup
synthetic_post_0093.jpg,815,9,ootd,tech
synthetic_post_0093.jpg,815,28,startup,tech
synthetic_post_0094.jpg,1114,4,creative,fitness
synthetic_post_0094.jpg,1114,4,creative,gym
synthetic_post_0094.jpg,1114,5,creative,life
synthetic_post_0094.jpg,1114,4,creative,motivation
synthetic_post_0094.jpg,1114,5,creative,training
synthetic_post_0094.jpg,1114,24,fitness,gym
synthetic_post_0094.jpg,1114,6,fitness,life
synthetic_post_0094.jpg,1114,26,fitness,motivation
synthetic_post_0094.jpg,1114,30,fitness,training
synthetic_post_0094.jpg,1114,7,gym,life
synthetic_post_0094.jpg,1114,28,gym,motivation
synthetic_post_0094.jpg,1114,26,gym,training
synthetic_post_0094.jpg,1114,5,life,motivation
synthetic_post_0094.jpg,1114,10,life,training
synthetic_post_0094.jpg,1114,29,motivation,training
synthetic_post_0095.jpg,1166,29,art,design
synthetic_post_0095.jpg,1166,3,art,fitfam
synthetic_post_0095.jpg,1166,5,art,motivation
synthetic_post_0095.jpg,1166,7,art,photooftheday
synthetic_post_0095.jpg,1166,5,design,fitfam
synthetic_post_0095.jpg,1166,8,design,motivation
synthetic_post_0095.jpg,1166,7,design,photooftheday
synthetic_post_0095.jpg,1166,15,fitfam,motivation
synthetic_post_0095.jpg,1166,3,fitfam,photooftheday
synthetic_post_0095.jpg,1166,3,motivation,photooftheday
synthetic_post_0096.jpg,485,27,beauty,ootd
synthetic_post_0096.jpg,485,3,beauty,photography
synthetic_post_0096.jpg,485,5,ootd,photography
synthetic_post_0097.jpg,747,8,developer,fitness
synthetic_post_0097.jpg,747,9,developer,gym
synthetic_post_0097.jpg,747,6,developer,health
synthetic_post_0097.jpg,747,26,developer,tech
synthetic_post_0097.jpg,747,24,fitness,gym
synthetic_post_0097.jpg,747,23,fitness,health
synthetic_post_0097.jpg,747,5,fitness,tech
synthetic_post_0097.jpg,747,18,gym,health
synthetic_post_0097.jpg,747,5,gym,tech
synthetic_post_0097.jpg,747,4,health,tech
synthetic_post_0098.jpg,639,26,coding,developer
synthetic_post_0098.jpg,639,21,coding,innovation
synthetic_post_0098.jpg,639,7,coding,like4like
synthetic_post_0098.jpg,639,19,coding,startup
synthetic_post_0098.jpg,639,26,developer,innovation
synthetic_post_0098.jpg,639,3,developer,like4like
synthetic_post_0098.jpg,639,17,developer,startup
synthetic_post_0098.jpg,639,3,innovation,like4like
synthetic_post_0098.jpg,639,28,innovation,startup
synthetic_post_0098.jpg,639,10,like4like,startup
synthetic_post_0099.jpg,1025,18,gym,health
synthetic_post_0099.jpg,1025,7,gym,life
synthetic_post_0099.jpg,1025,28,gym,motivation
synthetic_post_0099.jpg,1025,26,gym,training
synthetic_post_0099.jpg,1025,5,health,life
synthetic_post_0099.jpg,1025,20,health,motivation
synthetic_post_0099.jpg,1025,22,health,training
synthetic_post_0099.jpg,1025,5,life,motivation
synthetic_post_0099.jpg,1025,10,life,training
synthetic_post_0099.jpg,1025,29,motivation,training
synthetic_post_0100.jpg,952,4,gym,innovation
synthetic_post_0100.jpg,952,28,gym,motivation
synthetic_post_0100.jpg,952,24,gym,workout
synthetic_post_0100.jpg,952,4,innovation,motivation
synthetic_post_0100.jpg,952,4,innovation,workout
synthetic_post_0100.jpg,952,27,motivation,workout
synthetic_post_0101.jpg,618,4,fashion,gym
synthetic_post_0101.jpg,618,8,fashion,like4like
synthetic_post_0101.jpg,618,10,fashion,training
synthetic_post_0101.jpg,618,6,gym,like4like
synthetic_post_0101.jpg,618,26,gym,training
synthetic_post_0101.jpg,618,6,like4like,training
synthetic_post_0102.jpg,800,7,coding,model
synthetic_post_0102.jpg,800,25,coding,software
synthetic_post_0102.jpg,800,4,model,software
synthetic_post_0103.jpg,1201,25,ai,coding
synthetic_post_0103.jpg,1201,7,ai,delicious
synthetic_post_0103.jpg,1201,5,ai,homemade
synthetic_post_0103.jpg,1201,24,ai,software
synthetic_post_0103.jpg,1201,6,coding,delicious
synthetic_post_0103.jpg,1201,6,coding,homemade
synthetic_post_0103.jpg,1201,25,coding,software
synthetic_post_0103.jpg,1201,26,delicious,homemade
synthetic_post_0103.jpg,1201,4,delicious,software
synthetic_post_0103.jpg,1201,6,homemade,software
synthetic_post_0104.jpg,765,4,chef,innovation
synthetic_post_0104.jpg,765,23,chef,instafood
synthetic_post_0104.jpg,765,5,innovation,instafood
synthetic_post_0105.jpg,1168,8,fashion,fitfam
synthetic_post_0105.jpg,1168,6,fashion,fitness
synthetic_post_0105.jpg,1168,4,fashion,gym
synthetic_post_0105.jpg,1168,20,fashion,ootd
synthetic_post_0105.jpg,1168,10,fashion,training
synthetic_post_0105.jpg,1168,26,fitfam,fitness
synthetic_post_0105.jpg,1168,15,fitfam,gym
synthetic_post_0105.jpg,1168,6,fitfam,ootd
synthetic_post_0105.jpg,1168,26,fitfam,training
synthetic_post_0105.jpg,1168,24,fitness,gym
synthetic_post_0105.jpg,1168,7,fitness,ootd
synthetic_post_0105.jpg,1168,30,fitness,training
synthetic_post_0105.jpg,1168,6,gym,ootd
synthetic_post_0105.jpg,1168,26,gym,training
synthetic_post_0105.jpg,1168,2,ootd,training
synthetic_post_0106.jpg,1006,19,foodie,homemade
synthetic_post_0106.jpg,1006,28,foodie,instafood
synthetic_post_0106.jpg,1006,8,foodie,like4like
synthetic_post_0106.jpg,1006,6,foodie,wanderlust
synthetic_post_0106.jpg,1006,27,homemade,instafood
synthetic_post_0106.jpg,1006,4,homemade,like4like
synthetic_post_0106.jpg,1006,6,homemade,wanderlust
synthetic_post_0106.jpg,1006,4,instafood,like4like
synthetic_post_0106.jpg,1006,4,instafood,wanderlust
synthetic_post_0106.jpg,1006,8,like4like,wanderlust
synthetic_post_0107.jpg,842,5,foodie,health
synthetic_post_0107.jpg,842,28,foodie,instafood
synthetic_post_0107.jpg,842,6,foodie,love
synthetic_post_0107.jpg,842,10,foodie,motivation
synthetic_post_0107.jpg,842,6,health,instafood
synthetic_post_0107.jpg,842,3,health,love
synthetic_post_0107.jpg,842,20,health,motivation
synthetic_post_0107.jpg,842,6,instafood,love
synthetic_post_0107.jpg,842,10,instafood,motivation
synthetic_post_0107.jpg,842,4,love,motivation
synthetic_post_0108.jpg,405,28,innovation,startup
synthetic_post_0109.jpg,869,18,chef,delicious
synthetic_post_0109.jpg,869,4,chef,design
synthetic_post_0109.jpg,869,32,chef,foodie
synthetic_post_0109.jpg,869,23,chef,instafood
synthetic_post_0109.jpg,869,8,delicious,design
synthetic_post_0109.jpg,869,28,delicious,foodie
synthetic_post_0109.jpg,869,25,delicious,instafood
synthetic_post_0109.jpg,869,7,design,foodie
synthetic_post_0109.jpg,869,7,design,instafood
synthetic_post_0109.jpg,869,28,foodie,instafood
synthetic_post_0110.jpg,1385,7,fitness,foodie
synthetic_post_0110.jpg,1385,26,fitness,motivation
synthetic_post_0110.jpg,1385,1,fitness,photooftheday
synthetic_post_0110.jpg,1385,30,fitness,training
synthetic_post_0110.jpg,1385,21,fitness,workout
synthetic_post_0110.jpg,1385,10,foodie,motivation
synthetic_post_0110.jpg,1385,5,foodie,photooftheday
synthetic_post_0110.jpg,1385,8,foodie,training
synthetic_post_0110.jpg,1385,5,foodie,workout
synthetic_post_0110.jpg,1385,3,motivation,photooftheday
synthetic_post_0110.jpg,1385,29,motivation,training
synthetic_post_0110.jpg,1385,27,motivation,workout
synthetic_post_0110.jpg,1385,1,photooftheday,training
synthetic_post_0110.jpg,1385,2,photooftheday,workout
synthetic_post_0110.jpg,1385,42,training,workout
synthetic_post_0111.jpg,718,6,artist,beauty
synthetic_post_0111.jpg,718,30,artist,creative
synthetic_post_0111.jpg,718,2,artist,love
synthetic_post_0111.jpg,718,9,beauty,creative
synthetic_post_0111.jpg,718,5,beauty,love
synthetic_post_0111.jpg,718,5,creative,love
synthetic_post_0112.jpg,589,6,explore,gallery
synthetic_post_0112.jpg,589,22,explore,vacation
synthetic_post_0112.jpg,589,6,gallery,vacation
synthetic_post_0113.jpg,999,4,chef,fitfam
synthetic_post_0113.jpg,999,32,chef,foodie
synthetic_post_0113.jpg,999,6,chef,motivation
synthetic_post_0113.jpg,999,5,chef,workout
synthetic_post_0113.jpg,999,6,fitfam,foodie
synthetic_post_0113.jpg,999,15,fitfam,motivation
synthetic_post_0113.jpg,999,25,fitfam,workout
synthetic_post_0113.jpg,999,10,foodie,motivation
synthetic_post_0113.jpg,999,5,foodie,workout
synthetic_post_0113.jpg,999,27,motivation,workout
synthetic_post_0114.jpg,829,22,adventure,explore
synthetic_post_0114.jpg,829,6,adventure,motivation
synthetic_post_0114.jpg,829,20,adventure,nature
synthetic_post_0114.jpg,829,25,adventure,vacation
synthetic_post_0114.jpg,829,4,explore,motivation
synthetic_post_0114.jpg,829,25,explore,nature
synthetic_post_0114.jpg,829,22,explore,vacation
synthetic_post_0114.jpg,829,5,motivation,nature
synthetic_post_0114.jpg,829,4,motivation,vacation
synthetic_post_0114.jpg,829,22,nature,vacation
synthetic_post_0115.jpg,642,30,artist,creative
synthetic_post_0115.jpg,642,30,artist,illustration
synthetic_post_0115.jpg,642,21,creative,illustration
synthetic_post_0116.jpg,1397,26,fitfam,fitness
synthetic_post_0116.jpg,1397,15,fitfam,gym
synthetic_post_0116.jpg,1397,21,fitfam,health
synthetic_post_0116.jpg,1397,6,fitfam,ootd
synthetic_post_0116.jpg,1397,7,fitfam,outfit
synthetic_post_0116.jpg,1397,24,fitness,gym
synthetic_post_0116.jpg,1397,23,fitness,health
synthetic_post_0116.jpg,1397,7,fitness,ootd
synthetic_post_0116.jpg,1397,5,fitness,outfit
synthetic_post_0116.jpg,1397,18,gym,health
synthetic_post_0116.jpg,1397,6,gym,ootd
synthetic_post_0116.jpg,1397,5,gym,outfit
synthetic_post_0116.jpg,1397,3,health,ootd
synthetic_post_0116.jpg,1397,5,health,outfit
synthetic_post_0116.jpg,1397,22,ootd,outfit
synthetic_post_0117.jpg,696,4,adventure,foodporn
synthetic_post_0117.jpg,696,7,adventure,homemade
synthetic_post_0117.jpg,696,20,adventure,nature
synthetic_post_0117.jpg,696,25,foodporn,homemade
synthetic_post_0117.jpg,696,3,foodporn,nature
synthetic_post_0117.jpg,696,3,homemade,nature
synthetic_post_0118.jpg,752,32,chef,foodie
synthetic_post_0118.jpg,752,5,chef,photography
synthetic_post_0118.jpg,752,6,chef,wanderlust
synthetic_post_0118.jpg,752,7,foodie,photography
synthetic_post_0118.jpg,752,6,foodie,wanderlust
synthetic_post_0118.jpg,752,30,photography,wanderlust
synthetic_post_0119.jpg,671,3,foodie,gym
synthetic_post_0119.jpg,671,10,foodie,motivation
synthetic_post_0119.jpg,671,8,foodie,training
synthetic_post_0119.jpg,671,5,foodie,workout
synthetic_post_0119.jpg,671,28,gym,motivation
synthetic_post_0119.jpg,671,26,gym,training
synthetic_post_0119.jpg,671,24,gym,workout
synthetic_post_0119.jpg,671,29,motivation,training
synthetic_post_0119.jpg,671,27,motivation,workout
synthetic_post_0119.jpg,671,42,training,workout
synthetic_post_0120.jpg,1348,7,ai,delicious
synthetic_post_0120.jpg,1348,34,ai,developer
synthetic_post_0120.jpg,1348,24,ai,software
synthetic_post_0120.jpg,1348,27,ai,tech
synthetic_post_0120.jpg,1348,2,ai,yummy
synthetic_post_0120.jpg,1348,5,delicious,developer
synthetic_post_0120.jpg,1348,4,delicious,software
synthetic_post_0120.jpg,1348,5,delicious,tech
synthetic_post_0120.jpg,1348,20,delicious,yummy
synthetic_post_0120.jpg,1348,28,developer,software
synthetic_post_0120.jpg,1348,26,developer,tech
synthetic_post_0120.jpg,1348,1,developer,yummy
synthetic_post_0120.jpg,1348,26,software,tech
synthetic_post_0120.jpg,1348,3,software,yummy
synthetic_post_0120.jpg,1348,3,tech,yummy
synthetic_post_0121.jpg,861,27,artist,drawing
synthetic_post_0121.jpg,861,30,artist,illustration
synthetic_post_0121.jpg,861,7,artist,software
synthetic_post_0121.jpg,861,24,drawing,illustration
synthetic_post_0121.jpg,861,3,drawing,software
synthetic_post_0121.jpg,861,4,illustration,software
synthetic_post_0122.jpg,615,25,foodporn,homemade
synthetic_post_0122.jpg,615,27,foodporn,instafood
synthetic_post_0122.jpg,615,27,homemade,instafood
synthetic_post_0123.jpg,1034,17,art,artist
synthetic_post_0123.jpg,1034,24,art,gallery
synthetic_post_0123.jpg,1034,2,art,gym
synthetic_post_0123.jpg,1034,23,art,illustration
synthetic_post_0123.jpg,1034,26,artist,gallery
synthetic_post_0123.jpg,1034,7,artist,gym
synthetic_post_0123.jpg,1034,30,artist,illustration
synthetic_post_0123.jpg,1034,4,gallery,gym
synthetic_post_0123.jpg,1034,28,gallery,illustration
synthetic_post_0123.jpg,1034,3,gym,illustration
synthetic_post_0124.jpg,1192,29,art,design
synthetic_post_0124.jpg,1192,24,art,gallery
synthetic_post_0124.jpg,1192,4,art,homemade
synthetic_post_0124.jpg,1192,23,art,illustration
synthetic_post_0124.jpg,1192,4,art,instafood
synthetic_post_0124.jpg,1192,21,design,gallery
synthetic_post_0124.jpg,1192,9,design,homemade
synthetic_post_0124.jpg,1192,23,design,illustration
synthetic_post_0124.jpg,1192,7,design,instafood
synthetic_post_0124.jpg,1192,2,gallery,homemade
synthetic_post_0124.jpg,1192,28,gallery,illustration
synthetic_post_0124.jpg,1192,6,gallery,instafood
synthetic_post_0124.jpg,1192,3,homemade,illustration
synthetic_post_0124.jpg,1192,27,homemade,instafood
synthetic_post_0124.jpg,1192,7,illustration,instafood
synthetic_post_0125.jpg,549,22,ootd,outfit
synthetic_post_0125.jpg,549,23,ootd,style
synthetic_post_0125.jpg,549,33,outfit,style
synthetic_post_0126.jpg,1043,5,adventure,ai
synthetic_post_0126.jpg,1043,2,adventure,coding
synthetic_post_0126.jpg,1043,5,adventure,love
synthetic_post_0126.jpg,1043,5,adventure,tech
synthetic_post_0126.jpg,1043,23,adventure,wanderlust
synthetic_post_0126.jpg,1043,25,ai,coding
synthetic_post_0126.jpg,1043,2,ai,love
synthetic_post_0126.jpg,1043,27,ai,tech
synthetic_post_0126.jpg,1043,6,ai,wanderlust
synthetic_post_0126.jpg,1043,3,coding,love
synthetic_post_0126.jpg,1043,23,coding,tech
synthetic_post_0126.jpg,1043,5,coding,wanderlust
synthetic_post_0126.jpg,1043,4,love,tech
synthetic_post_0126.jpg,1043,7,love,wanderlust
synthetic_post_0126.jpg,1043,9,tech,wanderlust
synthetic_post_0127.jpg,613,26,delicious,homemade
synthetic_post_0127.jpg,613,20,delicious,yummy
synthetic_post_0127.jpg,613,20,homemade,yummy
synthetic_post_0128.jpg,670,32,chef,foodie
synthetic_post_0128.jpg,670,4,chef,innovation
synthetic_post_0128.jpg,670,23,chef,instafood
synthetic_post_0128.jpg,670,2,chef,startup
synthetic_post_0128.jpg,670,4,foodie,innovation
synthetic_post_0128.jpg,670,28,foodie,instafood
synthetic_post_0128.jpg,670,5,foodie,startup
synthetic_post_0128.jpg,670,5,innovation,instafood
synthetic_post_0128.jpg,670,28,innovation,startup
synthetic_post_0128.jpg,670,1,instafood,startup
synthetic_post_0129.jpg,1073,22,art,creative
synthetic_post_0129.jpg,1073,29,art,design
synthetic_post_0129.jpg,1073,5,art,health
synthetic_post_0129.jpg,1073,27,creative,design
synthetic_post_0129.jpg,1073,5,creative,health
synthetic_post_0129.jpg,1073,4,design,health
synthetic_post_0130.jpg,1493,8,developer,fitness
synthetic_post_0130.jpg,1493,9,developer,gym
synthetic_post_0130.jpg,1493,6,developer,health
synthetic_post_0130.jpg,1493,4,developer,motivation
synthetic_post_0130.jpg,1493,28,developer,software
synthetic_post_0130.jpg,1493,24,fitness,gym
synthetic_post_0130.jpg,1493,23,fitness,health
synthetic_post_0130.jpg,1493,26,fitness,motivation
synthetic_post_0130.jpg,1493,6,fitness,software
synthetic_post_0130.jpg,1493,18,gym,health
synthetic_post_0130.jpg,1493,28,gym,motivation
synthetic_post_0130.jpg,1493,4,gym,software
synthetic_post_0130.jpg,1493,20,health,motivation
synthetic_post_0130.jpg,1493,3,health,software
synthetic_post_0130.jpg,1493,2,motivation,software
synthetic_post_0131.jpg,707,15,explore,photography
synthetic_post_0132.jpg,1086,18,chef,delicious
synthetic_post_0132.jpg,1086,25,chef,homemade
synthetic_post_0132.jpg,1086,23,chef,instafood
synthetic_post_0132.jpg,1086,6,chef,like4like
synthetic_post_0132.jpg,1086,4,chef,model
synthetic_post_0132.jpg,1086,3,chef,streetstyle
synthetic_post_0132.jpg,1086,26,delicious,homemade
synthetic_post_0132.jpg,1086,25,delicious,instafood
synthetic_post_0132.jpg,1086,4,delicious,like4like
synthetic_post_0132.jpg,1086,5,delicious,model
synthetic_post_0132.jpg,1086,4,delicious,streetstyle
synthetic_post_0132.jpg,1086,27,homemade,instafood
synthetic_post_0132.jpg,1086,4,homemade,like4like
synthetic_post_0132.jpg,1086,3,homemade,model
synthetic_post_0132.jpg,1086,5,homemade,streetstyle
synthetic_post_0132.jpg,1086,4,instafood,like4like
synthetic_post_0132.jpg,1086,2,instafood,model
synthetic_post_0132.jpg,1086,5,instafood,streetstyle
synthetic_post_0132.jpg,1086,8,like4like,model
synthetic_post_0132.jpg,1086,3,like4like,streetstyle
synthetic_post_0132.jpg,1086,22,model,streetstyle
synthetic_post_0133.jpg,543,4,happy,innovation
synthetic_post_0133.jpg,543,10,happy,model
synthetic_post_0133.jpg,543,3,happy,software
synthetic_post_0133.jpg,543,4,happy,startup
synthetic_post_0133.jpg,543,3,innovation,model
synthetic_post_0133.jpg,543,25,innovation,software
synthetic_post_0133.jpg,543,28,innovation,startup
synthetic_post_0133.jpg,543,4,model,software
synthetic_post_0133.jpg,543,3,model,startup
synthetic_post_0133.jpg,543,25,software,startup
synthetic_post_0134.jpg,1048,27,foodporn,instafood
synthetic_post_0134.jpg,1048,3,foodporn,photography
synthetic_post_0134.jpg,1048,6,foodporn,wanderlust
synthetic_post_0134.jpg,1048,25,foodporn,yummy
synthetic_post_0134.jpg,1048,5,instafood,photography
synthetic_post_0134.jpg,1048,4,instafood,wanderlust
synthetic_post_0134.jpg,1048,18,instafood,yummy
synthetic_post_0134.jpg,1048,30,photography,wanderlust
synthetic_post_0134.jpg,1048,3,photography,yummy
synthetic_post_0134.jpg,1048,3,wanderlust,yummy
synthetic_post_0135.jpg,1308,30,artist,creative
synthetic_post_0135.jpg,1308,24,artist,design
synthetic_post_0135.jpg,1308,26,artist,gallery
synthetic_post_0135.jpg,1308,4,artist,ootd
synthetic_post_0135.jpg,1308,4,artist,streetstyle
synthetic_post_0135.jpg,1308,27,creative,design
synthetic_post_0135.jpg,1308,24,creative,gallery
synthetic_post_0135.jpg,1308,10,creative,ootd
synthetic_post_0135.jpg,1308,5,creative,streetstyle
synthetic_post_0135.jpg,1308,21,design,gallery
synthetic_post_0135.jpg,1308,2,design,ootd
synthetic_post_0135.jpg,1308,5,design,streetstyle
synthetic_post_0135.jpg,1308,9,gallery,ootd
synthetic_post_0135.jpg,1308,4,gallery,streetstyle
synthetic_post_0135.jpg,1308,18,ootd,streetstyle
synthetic_post_0136.jpg,961,2,fitfam,foodporn
synthetic_post_0136.jpg,961,3,fitfam,homemade
synthetic_post_0136.jpg,961,25,fitfam,workout
synthetic_post_0136.jpg,961,5,fitfam,yummy
synthetic_post_0136.jpg,961,25,foodporn,homemade
synthetic_post_0136.jpg,961,2,foodporn,workout
synthetic_post_0136.jpg,961,25,foodporn,yummy
synthetic_post_0136.jpg,961,3,homemade,workout
synthetic_post_0136.jpg,961,20,homemade,yummy
synthetic_post_0136.jpg,961,4,workout,yummy
synthetic_post_0137.jpg,923,27,homemade,instafood
synthetic_post_0137.jpg,923,3,homemade,workout
synthetic_post_0137.jpg,923,5,instafood,workout
synthetic_post_0138.jpg,857,6,artist,coding
synthetic_post_0138.jpg,857,4,artist,life
synthetic_post_0138.jpg,857,7,artist,startup
synthetic_post_0138.jpg,857,2,artist,tech
synthetic_post_0138.jpg,857,2,coding,life
synthetic_post_0138.jpg,857,19,coding,startup
synthetic_post_0138.jpg,857,23,coding,tech
synthetic_post_0138.jpg,857,6,life,startup
synthetic_post_0138.jpg,857,5,life,tech
synthetic_post_0138.jpg,857,28,startup,tech
synthetic_post_0139.jpg,792,4,design,nature
synthetic_post_0139.jpg,792,4,design,travel
synthetic_post_0139.jpg,792,27,nature,travel
synthetic_post_0140.jpg,956,26,artist,gallery
synthetic_post_0140.jpg,956,6,artist,nature
synthetic_post_0140.jpg,956,6,artist,travel
synthetic_post_0140.jpg,956,5,artist,vacation
synthetic_post_0140.jpg,956,6,artist,wanderlust
synthetic_post_0140.jpg,956,6,gallery,nature
synthetic_post_0140.jpg,956,6,gallery,travel
synthetic_post_0140.jpg,956,6,gallery,vacation
synthetic_post_0140.jpg,956,8,gallery,wanderlust
synthetic_post_0140.jpg,956,27,nature,travel
synthetic_post_0140.jpg,956,22,nature,vacation
synthetic_post_0140.jpg,956,21,nature,wanderlust
synthetic_post_0140.jpg,956,23,travel,vacation
synthetic_post_0140.jpg,956,23,travel,wanderlust
synthetic_post_0140.jpg,956,17,vacation,wanderlust
synthetic_post_0141.jpg,922,7,coding,fitfam
synthetic_post_0141.jpg,922,3,coding,fitness
synthetic_post_0141.jpg,922,4,coding,motivation
synthetic_post_0141.jpg,922,19,coding,startup
synthetic_post_0141.jpg,922,5,coding,workout
synthetic_post_0141.jpg,922,26,fitfam,fitness
synthetic_post_0141.jpg,922,15,fitfam,motivation
synthetic_post_0141.jpg,922,5,fitfam,startup
synthetic_post_0141.jpg,922,25,fitfam,workout
synthetic_post_0141.jpg,922,26,fitness,motivation
synthetic_post_0141.jpg,922,2,fitness,startup
synthetic_post_0141.jpg,922,21,fitness,workout
synthetic_post_0141.jpg,922,4,motivation,startup
synthetic_post_0141.jpg,922,27,motivation,workout
synthetic_post_0141.jpg,922,8,startup,workout
synthetic_post_0142.jpg,1108,8,artist,explore
synthetic_post_0142.jpg,1108,6,artist,nature
synthetic_post_0142.jpg,1108,5,artist,vacation
synthetic_post_0142.jpg,1108,25,explore,nature
synthetic_post_0142.jpg,1108,22,explore,vacation
synthetic_post_0142.jpg,1108,22,nature,vacation
synthetic_post_0143.jpg,918,24,artist,design
synthetic_post_0143.jpg,918,10,artist,instagood
synthetic_post_0143.jpg,918,6,artist,travel
synthetic_post_0143.jpg,918,6,artist,wanderlust
synthetic_post_0143.jpg,918,8,design,instagood
synthetic_post_0143.jpg,918,4,design,travel
synthetic_post_0143.jpg,918,9,design,wanderlust
synthetic_post_0143.jpg,918,5,instagood,travel
synthetic_post_0143.jpg,918,3,instagood,wanderlust
synthetic_post_0143.jpg,918,23,travel,wanderlust
synthetic_post_0144.jpg,799,23,art,drawing
synthetic_post_0144.jpg,799,6,art,foodporn
synthetic_post_0144.jpg,799,4,art,instafood
synthetic_post_0144.jpg,799,8,drawing,foodporn
synthetic_post_0144.jpg,799,3,drawing,instafood
synthetic_post_0144.jpg,799,27,foodporn,instafood
synthetic_post_0145.jpg,761,3,homemade,model
synthetic_post_0145.jpg,761,6,homemade,outfit
synthetic_post_0145.jpg,761,20,homemade,yummy
synthetic_post_0145.jpg,761,23,model,outfit
synthetic_post_0145.jpg,761,4,model,yummy
synthetic_post_0145.jpg,761,3,outfit,yummy
synthetic_post_0146.jpg,1010,5,gallery,software
synthetic_post_0146.jpg,1010,5,gallery,startup
synthetic_post_0146.jpg,1010,3,gallery,tech
synthetic_post_0146.jpg,1010,25,software,startup
synthetic_post_0146.jpg,1010,26,software,tech
synthetic_post_0146.jpg,1010,28,startup,tech
synthetic_post_0147.jpg,1018,5,model,nature
synthetic_post_0147.jpg,1018,23,model,outfit
synthetic_post_0147.jpg,1018,22,model,streetstyle
synthetic_post_0147.jpg,1018,27,model,style
synthetic_post_0147.jpg,1018,6,nature,outfit
synthetic_post_0147.jpg,1018,6,nature,streetstyle
synthetic_post_0147.jpg,1018,4,nature,style
synthetic_post_0147.jpg,1018,26,outfit,streetstyle
synthetic_post_0147.jpg,1018,33,outfit,style
synthetic_post_0147.jpg,1018,22,streetstyle,style
synthetic_post_0148.jpg,1066,6,ai,beauty
synthetic_post_0148.jpg,1066,34,ai,developer
synthetic_post_0148.jpg,1066,9,ai,fashion
synthetic_post_0148.jpg,1066,24,ai,software
synthetic_post_0148.jpg,1066,27,ai,tech
synthetic_post_0148.jpg,1066,6,beauty,developer
synthetic_post_0148.jpg,1066,20,beauty,fashion
synthetic_post_0148.jpg,1066,5,beauty,software
synthetic_post_0148.jpg,1066,7,beauty,tech
synthetic_post_0148.jpg,1066,5,developer,fashion
synthetic_post_0148.jpg,1066,28,developer,software
synthetic_post_0148.jpg,1066,26,developer,tech
synthetic_post_0148.jpg,1066,5,fashion,software
synthetic_post_0148.jpg,1066,5,fashion,tech
synthetic_post_0148.jpg,1066,26,software,tech
synthetic_post_0149.jpg,939,22,adventure,explore
synthetic_post_0149.jpg,939,1,adventure,instagood
synthetic_post_0149.jpg,939,26,adventure,travel
synthetic_post_0149.jpg,939,3,explore,instagood
synthetic_post_0149.jpg,939,30,explore,travel
synthetic_post_0149.jpg,939,5,instagood,travel
synthetic_post_0150.jpg,1267,8,artist,explore
synthetic_post_0150.jpg,1267,6,artist,nature
synthetic_post_0150.jpg,1267,5,artist,vacation
synthetic_post_0150.jpg,1267,6,artist,wanderlust
synthetic_post_0150.jpg,1267,25,explore,nature
synthetic_post_0150.jpg,1267,22,explore,vacation
synthetic_post_0150.jpg,1267,25,explore,wanderlust
synthetic_post_0150.jpg,1267,22,nature,vacation
synthetic_post_0150.jpg,1267,21,nature,wanderlust
synthetic_post_0150.jpg,1267,17,vacation,wanderlust
synthetic_post_0151.jpg,565,6,artist,beauty
synthetic_post_0151.jpg,565,6,artist,model
synthetic_post_0151.jpg,565,4,artist,outfit
synthetic_post_0151.jpg,565,4,artist,streetstyle
synthetic_post_0151.jpg,565,18,beauty,model
synthetic_post_0151.jpg,565,27,beauty,outfit
synthetic_post_0151.jpg,565,17,beauty,streetstyle
synthetic_post_0151.jpg,565,23,model,outfit
synthetic_post_0151.jpg,565,22,model,streetstyle
synthetic_post_0151.jpg,565,26,outfit,streetstyle
synthetic_post_0152.jpg,678,28,delicious,foodie
synthetic_post_0152.jpg,678,6,delicious,life
synthetic_post_0152.jpg,678,4,foodie,life
synthetic_post_0153.jpg,1051,3,coding,foodporn
synthetic_post_0153.jpg,1051,6,coding,homemade
synthetic_post_0153.jpg,1051,19,coding,startup
synthetic_post_0153.jpg,1051,25,foodporn,homemade
synthetic_post_0153.jpg,1051,3,foodporn,startup
synthetic_post_0153.jpg,1051,5,homemade,startup
synthetic_post_0154.jpg,1033,23,fashion,model
synthetic_post_0154.jpg,1033,8,fashion,motivation
synthetic_post_0154.jpg,1033,22,fashion,streetstyle
synthetic_post_0154.jpg,1033,6,model,motivation
synthetic_post_0154.jpg,1033,22,model,streetstyle
synthetic_post_0154.jpg,1033,6,motivation,streetstyle
synthetic_post_0155.jpg,926,6,artist,beauty
synthetic_post_0155.jpg,926,30,artist,creative
synthetic_post_0155.jpg,926,24,artist,design
synthetic_post_0155.jpg,926,9,beauty,creative
synthetic_post_0155.jpg,926,2,beauty,design
synthetic_post_0155.jpg,926,27,creative,design
synthetic_post_0156.jpg,885,6,beauty,developer
synthetic_post_0156.jpg,885,27,beauty,ootd
synthetic_post_0156.jpg,885,27,beauty,outfit
synthetic_post_0156.jpg,885,25,beauty,style
synthetic_post_0156.jpg,885,10,developer,ootd
synthetic_post_0156.jpg,885,8,developer,outfit
synthetic_post_0156.jpg,885,9,developer,style
synthetic_post_0156.jpg,885,22,ootd,outfit
synthetic_post_0156.jpg,885,23,ootd,style
synthetic_post_0156.jpg,885,33,outfit,style
synthetic_post_0157.jpg,787,2,design,fashion
synthetic_post_0157.jpg,787,3,design,model
synthetic_post_0157.jpg,787,7,design,photooftheday
synthetic_post_0157.jpg,787,5,design,streetstyle
synthetic_post_0157.jpg,787,3,design,style
synthetic_post_0157.jpg,787,23,fashion,model
synthetic_post_0157.jpg,787,8,fashion,photooftheday
synthetic_post_0157.jpg,787,22,fashion,streetstyle
synthetic_post_0157.jpg,787,29,fashion,style
synthetic_post_0157.jpg,787,4,model,photooftheday
synthetic_post_0157.jpg,787,22,model,streetstyle
synthetic_post_0157.jpg,787,27,model,style
synthetic_post_0157.jpg,787,3,photooftheday,streetstyle
synthetic_post_0157.jpg,787,7,photooftheday,style
synthetic_post_0157.jpg,787,22,streetstyle,style
synthetic_post_0158.jpg,1443,12,ai,artist
synthetic_post_0158.jpg,1443,5,ai,creative
synthetic_post_0158.jpg,1443,5,ai,design
synthetic_post_0158.jpg,1443,6,ai,gallery
synthetic_post_0158.jpg,1443,24,ai,software
synthetic_post_0158.jpg,1443,30,artist,creative
synthetic_post_0158.jpg,1443,24,artist,design
synthetic_post_0158.jpg,1443,26,artist,gallery
synthetic_post_0158.jpg,1443,7,artist,software
synthetic_post_0158.jpg,1443,27,creative,design
synthetic_post_0158.jpg,1443,24,creative,gallery
synthetic_post_0158.jpg,1443,3,creative,software
synthetic_post_0158.jpg,1443,21,design,gallery
synthetic_post_0158.jpg,1443,3,design,software
synthetic_post_0158.jpg,1443,5,gallery,software
synthetic_post_0159.jpg,752,27,creative,design
synthetic_post_0159.jpg,752,7,creative,explore
synthetic_post_0159.jpg,752,7,creative,like4like
synthetic_post_0159.jpg,752,1,creative,vacation
synthetic_post_0159.jpg,752,4,creative,wanderlust
synthetic_post_0159.jpg,752,6,design,explore
synthetic_post_0159.jpg,752,5,design,like4like
synthetic_post_0159.jpg,752,2,design,vacation
synthetic_post_0159.jpg,752,9,design,wanderlust
synthetic_post_0159.jpg,752,5,explore,like4like
synthetic_post_0159.jpg,752,22,explore,vacation
synthetic_post_0159.jpg,752,25,explore,wanderlust
synthetic_post_0159.jpg,752,4,like4like,vacation
synthetic_post_0159.jpg,752,8,like4like,wanderlust
synthetic_post_0159.jpg,752,17,vacation,wanderlust
synthetic_post_0160.jpg,895,1,delicious,fitfam
synthetic_post_0160.jpg,895,20,delicious,yummy
synthetic_post_0160.jpg,895,5,fitfam,yummy
synthetic_post_0161.jpg,648,27,artist,drawing
synthetic_post_0161.jpg,648,7,artist,gym
synthetic_post_0161.jpg,648,5,artist,health
synthetic_post_0161.jpg,648,7,drawing,gym
synthetic_post_0161.jpg,648,5,drawing,health
synthetic_post_0161.jpg,648,18,gym,health
synthetic_post_0162.jpg,863,4,art,foodie
synthetic_post_0162.jpg,863,5,art,happy
synthetic_post_0162.jpg,863,4,art,homemade
synthetic_post_0162.jpg,863,7,foodie,happy
synthetic_post_0162.jpg,863,19,foodie,homemade
synthetic_post_0162.jpg,863,4,happy,homemade
synthetic_post_0163.jpg,1031,7,like4like,ootd
synthetic_post_0163.jpg,1031,10,like4like,startup
synthetic_post_0163.jpg,1031,3,like4like,streetstyle
synthetic_post_0163.jpg,1031,7,like4like,tech
synthetic_post_0163.jpg,1031,7,ootd,startup
synthetic_post_0163.jpg,1031,18,ootd,streetstyle
synthetic_post_0163.jpg,1031,9,ootd,tech
synthetic_post_0163.jpg,1031,3,startup,streetstyle
synthetic_post_0163.jpg,1031,28,startup,tech
synthetic_post_0163.jpg,1031,3,streetstyle,tech
synthetic_post_0164.jpg,822,18,chef,delicious
synthetic_post_0164.jpg,822,25,chef,homemade
synthetic_post_0164.jpg,822,23,chef,instafood
synthetic_post_0164.jpg,822,26,delicious,homemade
synthetic_post_0164.jpg,822,25,delicious,instafood
synthetic_post_0164.jpg,822,27,homemade,instafood
synthetic_post_0165.jpg,898,8,adventure,art
synthetic_post_0165.jpg,898,5,adventure,drawing
synthetic_post_0165.jpg,898,6,adventure,gallery
synthetic_post_0165.jpg,898,5,adventure,illustration
synthetic_post_0165.jpg,898,25,adventure,vacation
synthetic_post_0165.jpg,898,23,art,drawing
synthetic_post_0165.jpg,898,24,art,gallery
synthetic_post_0165.jpg,898,23,art,illustration
synthetic_post_0165.jpg,898,3,art,vacation
synthetic_post_0165.jpg,898,33,drawing,gallery
synthetic_post_0165.jpg,898,24,drawing,illustration
synthetic_post_0165.jpg,898,3,drawing,vacation
synthetic_post_0165.jpg,898,28,gallery,illustration
synthetic_post_0165.jpg,898,6,gallery,vacation
synthetic_post_0165.jpg,898,4,illustration,vacation
synthetic_post_0166.jpg,967,25,ai,coding
synthetic_post_0166.jpg,967,25,ai,innovation
synthetic_post_0166.jpg,967,27,ai,tech
synthetic_post_0166.jpg,967,4,ai,travel
synthetic_post_0166.jpg,967,5,ai,vacation
synthetic_post_0166.jpg,967,21,coding,innovation
synthetic_post_0166.jpg,967,23,coding,tech
synthetic_post_0166.jpg,967,2,coding,travel
synthetic_post_0166.jpg,967,4,coding,vacation
synthetic_post_0166.jpg,967,26,innovation,tech
synthetic_post_0166.jpg,967,6,innovation,travel
synthetic_post_0166.jpg,967,4,innovation,vacation
synthetic_post_0166.jpg,967,4,tech,travel
synthetic_post_0166.jpg,967,3,tech,vacation
synthetic_post_0166.jpg,967,23,travel,vacation
synthetic_post_0167.jpg,813,7,ai,delicious
synthetic_post_0167.jpg,813,34,ai,developer
synthetic_post_0167.jpg,813,7,ai,like4like
synthetic_post_0167.jpg,813,24,ai,software
synthetic_post_0167.jpg,813,27,ai,tech
synthetic_post_0167.jpg,813,5,delicious,developer
synthetic_post_0167.jpg,813,4,delicious,like4like
synthetic_post_0167.jpg,813,4,delicious,software
synthetic_post_0167.jpg,813,5,delicious,tech
synthetic_post_0167.jpg,813,3,developer,like4like
synthetic_post_0167.jpg,813,28,developer,software
synthetic_post_0167.jpg,813,26,developer,tech
synthetic_post_0167.jpg,813,5,like4like,software
synthetic_post_0167.jpg,813,7,like4like,tech
synthetic_post_0167.jpg,813,26,software,tech
synthetic_post_0168.jpg,861,29,art,design
synthetic_post_0168.jpg,861,6,art,life
synthetic_post_0168.jpg,861,5,art,training
synthetic_post_0168.jpg,861,2,design,life
synthetic_post_0168.jpg,861,6,design,training
synthetic_post_0168.jpg,861,10,life,training
synthetic_post_0169.jpg,728,25,chef,foodporn
synthetic_post_0169.jpg,728,25,chef,homemade
synthetic_post_0169.jpg,728,5,chef,training
synthetic_post_0169.jpg,728,22,chef,yummy
synthetic_post_0169.jpg,728,25,foodporn,homemade
synthetic_post_0169.jpg,728,5,foodporn,training
synthetic_post_0169.jpg,728,25,foodporn,yummy
synthetic_post_0169.jpg,728,4,homemade,training
synthetic_post_0169.jpg,728,20,homemade,yummy
synthetic_post_0169.jpg,728,6,training,yummy
synthetic_post_0170.jpg,897,22,art,creative
synthetic_post_0170.jpg,897,23,art,drawing
synthetic_post_0170.jpg,897,9,art,ootd
synthetic_post_0170.jpg,897,23,creative,drawing
synthetic_post_0170.jpg,897,10,creative,ootd
synthetic_post_0170.jpg,897,2,drawing,ootd
synthetic_post_0171.jpg,1095,25,ai,innovation
synthetic_post_0171.jpg,1095,2,ai,love
synthetic_post_0171.jpg,1095,20,ai,startup
synthetic_post_0171.jpg,1095,27,ai,tech
synthetic_post_0171.jpg,1095,3,innovation,love
synthetic_post_0171.jpg,1095,28,innovation,startup
synthetic_post_0171.jpg,1095,26,innovation,tech
synthetic_post_0171.jpg,1095,1,love,startup
synthetic_post_0171.jpg,1095,4,love,tech
synthetic_post_0171.jpg,1095,28,startup,tech
synthetic_post_0172.jpg,1144,26,artist,gallery
synthetic_post_0172.jpg,1144,6,artist,nature
synthetic_post_0172.jpg,1144,2,artist,photography
synthetic_post_0172.jpg,1144,6,artist,photooftheday
synthetic_post_0172.jpg,1144,5,artist,vacation
synthetic_post_0172.jpg,1144,6,artist,wanderlust
synthetic_post_0172.jpg,1144,6,gallery,nature
synthetic_post_0172.jpg,1144,9,gallery,photography
synthetic_post_0172.jpg,1144,6,gallery,photooftheday
synthetic_post_0172.jpg,1144,6,gallery,vacation
synthetic_post_0172.jpg,1144,8,gallery,wanderlust
synthetic_post_0172.jpg,1144,21,nature,photography
synthetic_post_0172.jpg,1144,3,nature,photooftheday
synthetic_post_0172.jpg,1144,22,nature,vacation
synthetic_post_0172.jpg,1144,21,nature,wanderlust
synthetic_post_0172.jpg,1144,3,photography,photooftheday
synthetic_post_0172.jpg,1144,20,photography,vacation
synthetic_post_0172.jpg,1144,30,photography,wanderlust
synthetic_post_0172.jpg,1144,4,photooftheday,vacation
synthetic_post_0172.jpg,1144,2,photooftheday,wanderlust
synthetic_post_0172.jpg,1144,17,vacation,wanderlust
synthetic_post_0173.jpg,682,8,model,training
synthetic_post_0173.jpg,682,7,model,workout
synthetic_post_0173.jpg,682,42,training,workout
synthetic_post_0174.jpg,1189,18,beauty,model
synthetic_post_0174.jpg,1189,3,beauty,motivation
synthetic_post_0174.jpg,1189,27,beauty,ootd
synthetic_post_0174.jpg,1189,27,beauty,outfit
synthetic_post_0174.jpg,1189,3,beauty,training
synthetic_post_0174.jpg,1189,6,model,motivation
synthetic_post_0174.jpg,1189,20,model,ootd
synthetic_post_0174.jpg,1189,23,model,outfit
synthetic_post_0174.jpg,1189,8,model,training
synthetic_post_0174.jpg,1189,4,motivation,ootd
synthetic_post_0174.jpg,1189,6,motivation,outfit
synthetic_post_0174.jpg,1189,29,motivation,training
synthetic_post_0174.jpg,1189,22,ootd,outfit
synthetic_post_0174.jpg,1189,2,ootd,training
synthetic_post_0174.jpg,1189,3,outfit,training
synthetic_post_0175.jpg,1039,9,beauty,like4like
synthetic_post_0175.jpg,1039,18,beauty,model
synthetic_post_0175.jpg,1039,27,beauty,outfit
synthetic_post_0175.jpg,1039,4,beauty,workout
synthetic_post_0175.jpg,1039,8,like4like,model
synthetic_post_0175.jpg,1039,7,like4like,outfit
synthetic_post_0175.jpg,1039,7,like4like,workout
synthetic_post_0175.jpg,1039,23,model,outfit
synthetic_post_0175.jpg,1039,7,model,workout
synthetic_post_0175.jpg,1039,6,outfit,workout
synthetic_post_0176.jpg,1118,5,adventure,drawing
synthetic_post_0176.jpg,1118,6,adventure,gallery
synthetic_post_0176.jpg,1118,6,adventure,like4like
synthetic_post_0176.jpg,1118,27,adventure,photography
synthetic_post_0176.jpg,1118,23,adventure,wanderlust
synthetic_post_0176.jpg,1118,33,drawing,gallery
synthetic_post_0176.jpg,1118,3,drawing,like4like
synthetic_post_0176.jpg,1118,8,drawing,photography
synthetic_post_0176.jpg,1118,11,drawing,wanderlust
synthetic_post_0176.jpg,1118,7,gallery,like4like
synthetic_post_0176.jpg,1118,9,gallery,photography
synthetic_post_0176.jpg,1118,8,gallery,wanderlust
synthetic_post_0176.jpg,1118,4,like4like,photography
synthetic_post_0176.jpg,1118,8,like4like,wanderlust
synthetic_post_0176.jpg,1118,30,photography,wanderlust
synthetic_post_0177.jpg,1019,29,art,design
synthetic_post_0177.jpg,1019,23,art,illustration
synthetic_post_0177.jpg,1019,2,art,outfit
synthetic_post_0177.jpg,1019,2,art,streetstyle
synthetic_post_0177.jpg,1019,23,design,illustration
synthetic_post_0177.jpg,1019,2,design,outfit
synthetic_post_0177.jpg,1019,5,design,streetstyle
synthetic_post_0177.jpg,1019,5,illustration,outfit
synthetic_post_0177.jpg,1019,4,illustration,streetstyle
synthetic_post_0177.jpg,1019,26,outfit,streetstyle
synthetic_post_0178.jpg,1018,5,creative,delicious
synthetic_post_0178.jpg,1018,5,creative,foodie
synthetic_post_0178.jpg,1018,3,creative,foodporn
synthetic_post_0178.jpg,1018,24,creative,gallery
synthetic_post_0178.jpg,1018,4,creative,instafood
synthetic_post_0178.jpg,1018,28,delicious,foodie
synthetic_post_0178.jpg,1018,20,delicious,foodporn
synthetic_post_0178.jpg,1018,3,delicious,gallery
synthetic_post_0178.jpg,1018,25,delicious,instafood
synthetic_post_0178.jpg,1018,26,foodie,foodporn
synthetic_post_0178.jpg,1018,3,foodie,gallery
synthetic_post_0178.jpg,1018,28,foodie,instafood
synthetic_post_0178.jpg,1018,6,foodporn,gallery
synthetic_post_0178.jpg,1018,27,foodporn,instafood
synthetic_post_0178.jpg,1018,6,gallery,instafood
synthetic_post_0179.jpg,1227,12,ai,artist
synthetic_post_0179.jpg,1227,34,ai,developer
synthetic_post_0179.jpg,1227,7,ai,drawing
synthetic_post_0179.jpg,1227,6,ai,gallery
synthetic_post_0179.jpg,1227,6,ai,illustration
synthetic_post_0179.jpg,1227,6,artist,developer
synthetic_post_0179.jpg,1227,27,artist,drawing
synthetic_post_0179.jpg,1227,26,artist,gallery
synthetic_post_0179.jpg,1227,30,artist,illustration
synthetic_post_0179.jpg,1227,5,developer,drawing
synthetic_post_0179.jpg,1227,6,developer,gallery
synthetic_post_0179.jpg,1227,5,developer,illustration
synthetic_post_0179.jpg,1227,33,drawing,gallery
synthetic_post_0179.jpg,1227,24,drawing,illustration
synthetic_post_0179.jpg,1227,28,gallery,illustration
synthetic_post_0180.jpg,694,9,fitness,happy
synthetic_post_0180.jpg,694,26,fitness,motivation
synthetic_post_0180.jpg,694,7,fitness,ootd
synthetic_post_0180.jpg,694,5,happy,motivation
synthetic_post_0180.jpg,694,4,happy,ootd
synthetic_post_0180.jpg,694,4,motivation,ootd
synthetic_post_0181.jpg,744,22,art,creative
synthetic_post_0181.jpg,744,10,art,followme
synthetic_post_0181.jpg,744,24,art,gallery
synthetic_post_0181.jpg,744,3,creative,followme
synthetic_post_0181.jpg,744,24,creative,gallery
synthetic_post_0181.jpg,744,7,followme,gallery
synthetic_post_0182.jpg,800,25,ai,coding
synthetic_post_0182.jpg,800,7,ai,delicious
synthetic_post_0182.jpg,800,3,ai,instafood
synthetic_post_0182.jpg,800,6,coding,delicious
synthetic_post_0182.jpg,800,3,coding,instafood
synthetic_post_0182.jpg,800,25,delicious,instafood
synthetic_post_0183.jpg,764,5,developer,fashion
synthetic_post_0183.jpg,764,8,developer,outfit
synthetic_post_0183.jpg,764,9,developer,style
synthetic_post_0183.jpg,764,26,fashion,outfit
synthetic_post_0183.jpg,764,29,fashion,style
synthetic_post_0183.jpg,764,33,outfit,style
synthetic_post_0184.jpg,1159,4,adventure,model
synthetic_post_0184.jpg,1159,20,adventure,nature
synthetic_post_0184.jpg,1159,4,adventure,outfit
synthetic_post_0184.jpg,1159,2,adventure,streetstyle
synthetic_post_0184.jpg,1159,5,model,nature
synthetic_post_0184.jpg,1159,23,model,outfit
synthetic_post_0184.jpg,1159,22,model,streetstyle
synthetic_post_0184.jpg,1159,6,nature,outfit
synthetic_post_0184.jpg,1159,6,nature,streetstyle
synthetic_post_0184.jpg,1159,26,outfit,streetstyle
synthetic_post_0185.jpg,626,21,coding,innovation
synthetic_post_0185.jpg,626,7,coding,instagood
synthetic_post_0185.jpg,626,9,innovation,instagood
synthetic_post_0186.jpg,916,25,ai,coding
synthetic_post_0186.jpg,916,6,ai,outfit
synthetic_post_0186.jpg,916,3,ai,streetstyle
synthetic_post_0186.jpg,916,5,coding,outfit
synthetic_post_0186.jpg,916,4,coding,streetstyle
synthetic_post_0186.jpg,916,26,outfit,streetstyle
synthetic_post_0187.jpg,1278,26,fitfam,fitness
synthetic_post_0187.jpg,1278,1,fitfam,style
synthetic_post_0187.jpg,1278,26,fitfam,training
synthetic_post_0187.jpg,1278,25,fitfam,workout
synthetic_post_0187.jpg,1278,5,fitness,style
synthetic_post_0187.jpg,1278,30,fitness,training
synthetic_post_0187.jpg,1278,21,fitness,workout
synthetic_post_0187.jpg,1278,6,style,training
synthetic_post_0187.jpg,1278,5,style,workout
synthetic_post_0187.jpg,1278,42,training,workout
synthetic_post_0188.jpg,860,2,fashion,instafood
synthetic_post_0188.jpg,860,6,fashion,instagood
synthetic_post_0188.jpg,860,22,fashion,streetstyle
synthetic_post_0188.jpg,860,5,instafood,instagood
synthetic_post_0188.jpg,860,5,instafood,streetstyle
synthetic_post_0188.jpg,860,3,instagood,streetstyle
synthetic_post_0189.jpg,999,25,explore,nature
synthetic_post_0189.jpg,999,3,explore,startup
synthetic_post_0189.jpg,999,5,explore,tech
synthetic_post_0189.jpg,999,5,nature,startup
synthetic_post_0189.jpg,999,4,nature,tech
synthetic_post_0189.jpg,999,28,startup,tech
synthetic_post_0190.jpg,779,5,adventure,beauty
synthetic_post_0190.jpg,779,22,adventure,explore
synthetic_post_0190.jpg,779,26,adventure,travel
synthetic_post_0190.jpg,779,3,beauty,explore
synthetic_post_0190.jpg,779,5,beauty,travel
synthetic_post_0190.jpg,779,30,explore,travel
synthetic_post_0191.jpg,775,7,developer,explore
synthetic_post_0191.jpg,775,5,developer,nature
synthetic_post_0191.jpg,775,4,developer,vacation
synthetic_post_0191.jpg,775,25,explore,nature
synthetic_post_0191.jpg,775,22,explore,vacation
synthetic_post_0191.jpg,775,22,nature,vacation
synthetic_post_0192.jpg,1232,6,instagood,motivation
synthetic_post_0192.jpg,1232,4,instagood,nature
synthetic_post_0192.jpg,1232,4,instagood,photography
synthetic_post_0192.jpg,1232,3,instagood,vacation
synthetic_post_0192.jpg,1232,3,instagood,wanderlust
synthetic_post_0192.jpg,1232,5,motivation,nature
synthetic_post_0192.jpg,1232,5,motivation,photography
synthetic_post_0192.jpg,1232,4,motivation,vacation
synthetic_post_0192.jpg,1232,4,motivation,wanderlust
synthetic_post_0192.jpg,1232,21,nature,photography
synthetic_post_0192.jpg,1232,22,nature,vacation
synthetic_post_0192.jpg,1232,21,nature,wanderlust
synthetic_post_0192.jpg,1232,20,photography,vacation
synthetic_post_0192.jpg,1232,30,photography,wanderlust
synthetic_post_0192.jpg,1232,17,vacation,wanderlust
synthetic_post_0193.jpg,1355,5,adventure,beauty
synthetic_post_0193.jpg,1355,6,adventure,fashion
synthetic_post_0193.jpg,1355,5,adventure,love
synthetic_post_0193.jpg,1355,4,adventure,ootd
synthetic_post_0193.jpg,1355,4,adventure,outfit
synthetic_post_0193.jpg,1355,25,adventure,vacation
synthetic_post_0193.jpg,1355,20,beauty,fashion
synthetic_post_0193.jpg,1355,5,beauty,love
synthetic_post_0193.jpg,1355,27,beauty,ootd
synthetic_post_0193.jpg,1355,27,beauty,outfit
synthetic_post_0193.jpg,1355,9,beauty,vacation
synthetic_post_0193.jpg,1355,3,fashion,love
synthetic_post_0193.jpg,1355,20,fashion,ootd
synthetic_post_0193.jpg,1355,26,fashion,outfit
synthetic_post_0193.jpg,1355,4,fashion,vacation
synthetic_post_0193.jpg,1355,6,love,ootd
synthetic_post_0193.jpg,1355,8,love,outfit
synthetic_post_0193.jpg,1355,5,love,vacation
synthetic_post_0193.jpg,1355,22,ootd,outfit
synthetic_post_0193.jpg,1355,3,ootd,vacation
synthetic_post_0193.jpg,1355,7,outfit,vacation
synthetic_post_0194.jpg,797,4,beauty,chef
synthetic_post_0194.jpg,797,6,beauty,delicious
synthetic_post_0194.jpg,797,9,beauty,like4like
synthetic_post_0194.jpg,797,18,beauty,model
synthetic_post_0194.jpg,797,27,beauty,ootd
synthetic_post_0194.jpg,797,18,chef,delicious
synthetic_post_0194.jpg,797,6,chef,like4like
synthetic_post_0194.jpg,797,4,chef,model
synthetic_post_0194.jpg,797,2,chef,ootd
synthetic_post_0194.jpg,797,4,delicious,like4like
synthetic_post_0194.jpg,797,5,delicious,model
synthetic_post_0194.jpg,797,5,delicious,ootd
synthetic_post_0194.jpg,797,8,like4like,model
synthetic_post_0194.jpg,797,7,like4like,ootd
synthetic_post_0194.jpg,797,20,model,ootd
synthetic_post_0195.jpg,973,7,adventure,homemade
synthetic_post_0195.jpg,973,26,adventure,travel
synthetic_post_0195.jpg,973,25,adventure,vacation
synthetic_post_0195.jpg,973,1,homemade,travel
synthetic_post_0195.jpg,973,7,homemade,vacation
synthetic_post_0195.jpg,973,23,travel,vacation
synthetic_post_0196.jpg,841,6,adventure,motivation
synthetic_post_0196.jpg,841,27,adventure,photography
synthetic_post_0196.jpg,841,3,adventure,training
synthetic_post_0196.jpg,841,26,adventure,travel
synthetic_post_0196.jpg,841,23,adventure,wanderlust
synthetic_post_0196.jpg,841,5,motivation,photography
synthetic_post_0196.jpg,841,29,motivation,training
synthetic_post_0196.jpg,841,1,motivation,travel
synthetic_post_0196.jpg,841,4,motivation,wanderlust
synthetic_post_0196.jpg,841,2,photography,training
synthetic_post_0196.jpg,841,25,photography,travel
synthetic_post_0196.jpg,841,30,photography,wanderlust
synthetic_post_0196.jpg,841,5,training,travel
synthetic_post_0196.jpg,841,4,training,wanderlust
synthetic_post_0196.jpg,841,23,travel,wanderlust
synthetic_post_0197.jpg,613,26,delicious,homemade
synthetic_post_0197.jpg,613,4,delicious,software
synthetic_post_0197.jpg,613,5,delicious,tech
synthetic_post_0197.jpg,613,6,homemade,software
synthetic_post_0197.jpg,613,4,homemade,tech
synthetic_post_0197.jpg,613,26,software,tech
synthetic_post_0198.jpg,734,30,artist,creative
synthetic_post_0198.jpg,734,8,artist,explore
synthetic_post_0198.jpg,734,4,artist,like4like
synthetic_post_0198.jpg,734,6,artist,travel
synthetic_post_0198.jpg,734,7,creative,explore
synthetic_post_0198.jpg,734,7,creative,like4like
synthetic_post_0198.jpg,734,4,creative,travel
synthetic_post_0198.jpg,734,5,explore,like4like
synthetic_post_0198.jpg,734,30,explore,travel
synthetic_post_0198.jpg,734,6,like4like,travel
synthetic_post_0199.jpg,664,8,design,motivation
synthetic_post_0199.jpg,664,6,design,training
synthetic_post_0199.jpg,664,29,motivation,training
synthetic_post_0200.jpg,1092,4,fashion,gym
synthetic_post_0200.jpg,1092,12,fashion,life
synthetic_post_0200.jpg,1092,23,fashion,model
synthetic_post_0200.jpg,1092,8,fashion,motivation
synthetic_post_0200.jpg,1092,10,fashion,training
synthetic_post_0200.jpg,1092,7,gym,life
synthetic_post_0200.jpg,1092,6,gym,model
synthetic_post_0200.jpg,1092,28,gym,motivation
synthetic_post_0200.jpg,1092,26,gym,training
synthetic_post_0200.jpg,1092,5,life,model
synthetic_post_0200.jpg,1092,5,life,motivation
synthetic_post_0200.jpg,1092,10,life,training
synthetic_post_0200.jpg,1092,6,model,motivation
synthetic_post_0200.jpg,1092,8,model,training
synthetic_post_0200.jpg,1092,29,motivation,training
synthetic_post_0201.jpg,1063,7,design,foodie
synthetic_post_0201.jpg,1063,9,design,homemade
synthetic_post_0201.jpg,1063,7,design,instafood
synthetic_post_0201.jpg,1063,8,design,instagood
synthetic_post_0201.jpg,1063,19,foodie,homemade
synthetic_post_0201.jpg,1063,28,foodie,instafood
synthetic_post_0201.jpg,1063,4,foodie,instagood
synthetic_post_0201.jpg,1063,27,homemade,instafood
synthetic_post_0201.jpg,1063,5,homemade,instagood
synthetic_post_0201.jpg,1063,5,instafood,instagood
synthetic_post_0202.jpg,704,6,love,ootd
synthetic_post_0202.jpg,704,3,love,software
synthetic_post_0202.jpg,704,4,love,streetstyle
synthetic_post_0202.jpg,704,3,love,style
synthetic_post_0202.jpg,704,4,love,tech
synthetic_post_0202.jpg,704,8,ootd,software
synthetic_post_0202.jpg,704,18,ootd,streetstyle
synthetic_post_0202.jpg,704,23,ootd,style
synthetic_post_0202.jpg,704,9,ootd,tech
synthetic_post_0202.jpg,704,5,software,streetstyle
synthetic_post_0202.jpg,704,12,software,style
synthetic_post_0202.jpg,704,26,software,tech
synthetic_post_0202.jpg,704,22,streetstyle,style
synthetic_post_0202.jpg,704,3,streetstyle,tech
synthetic_post_0202.jpg,704,10,style,tech
synthetic_post_0203.jpg,979,6,drawing,fitfam
synthetic_post_0203.jpg,979,5,drawing,health
synthetic_post_0203.jpg,979,5,drawing,motivation
synthetic_post_0203.jpg,979,5,drawing,training
synthetic_post_0203.jpg,979,21,fitfam,health
synthetic_post_0203.jpg,979,15,fitfam,motivation
synthetic_post_0203.jpg,979,26,fitfam,training
synthetic_post_0203.jpg,979,20,health,motivation
synthetic_post_0203.jpg,979,22,health,training
synthetic_post_0203.jpg,979,29,motivation,training
synthetic_post_0204.jpg,740,28,delicious,foodie
synthetic_post_0204.jpg,740,2,delicious,happy
synthetic_post_0204.jpg,740,25,delicious,instafood
synthetic_post_0204.jpg,740,20,delicious,yummy
synthetic_post_0204.jpg,740,7,foodie,happy
synthetic_post_0204.jpg,740,28,foodie,instafood
synthetic_post_0204.jpg,740,23,foodie,yummy
synthetic_post_0204.jpg,740,5,happy,instafood
synthetic_post_0204.jpg,740,2,happy,yummy
synthetic_post_0204.jpg,740,18,instafood,yummy
synthetic_post_0205.jpg,381,26,developer,innovation
synthetic_post_0206.jpg,1145,4,coding,gym
synthetic_post_0206.jpg,1145,21,coding,innovation
synthetic_post_0206.jpg,1145,4,coding,motivation
synthetic_post_0206.jpg,1145,2,coding,training
synthetic_post_0206.jpg,1145,5,coding,workout
synthetic_post_0206.jpg,1145,4,gym,innovation
synthetic_post_0206.jpg,1145,28,gym,motivation
synthetic_post_0206.jpg,1145,26,gym,training
synthetic_post_0206.jpg,1145,24,gym,workout
synthetic_post_0206.jpg,1145,4,innovation,motivation
synthetic_post_0206.jpg,1145,6,innovation,training
synthetic_post_0206.jpg,1145,4,innovation,workout
synthetic_post_0206.jpg,1145,29,motivation,training
synthetic_post_0206.jpg,1145,27,motivation,workout
synthetic_post_0206.jpg,1145,42,training,workout
synthetic_post_0207.jpg,1068,5,adventure,health
synthetic_post_0207.jpg,1068,6,adventure,like4like
synthetic_post_0207.jpg,1068,20,adventure,nature
synthetic_post_0207.jpg,1068,27,adventure,photography
synthetic_post_0207.jpg,1068,26,adventure,travel
synthetic_post_0207.jpg,1068,4,adventure,workout
synthetic_post_0207.jpg,1068,6,health,like4like
synthetic_post_0207.jpg,1068,3,health,nature
synthetic_post_0207.jpg,1068,4,health,photography
synthetic_post_0207.jpg,1068,7,health,travel
synthetic_post_0207.jpg,1068,17,health,workout
synthetic_post_0207.jpg,1068,3,like4like,nature
synthetic_post_0207.jpg,1068,4,like4like,photography
synthetic_post_0207.jpg,1068,6,like4like,travel
synthetic_post_0207.jpg,1068,7,like4like,workout
synthetic_post_0207.jpg,1068,21,nature,photography
synthetic_post_0207.jpg,1068,27,nature,travel
synthetic_post_0207.jpg,1068,4,nature,workout
synthetic_post_0207.jpg,1068,25,photography,travel
synthetic_post_0207.jpg,1068,4,photography,workout
synthetic_post_0207.jpg,1068,2,travel,workout
synthetic_post_0208.jpg,1075,4,chef,design
synthetic_post_0208.jpg,1075,32,chef,foodie
synthetic_post_0208.jpg,1075,25,chef,foodporn
synthetic_post_0208.jpg,1075,25,chef,homemade
synthetic_post_0208.jpg,1075,4,chef,instagood
synthetic_post_0208.jpg,1075,7,design,foodie
synthetic_post_0208.jpg,1075,5,design,foodporn
synthetic_post_0208.jpg,1075,9,design,homemade
synthetic_post_0208.jpg,1075,8,design,instagood
synthetic_post_0208.jpg,1075,26,foodie,foodporn
synthetic_post_0208.jpg,1075,19,foodie,homemade
synthetic_post_0208.jpg,1075,4,foodie,instagood
synthetic_post_0208.jpg,1075,25,foodporn,homemade
synthetic_post_0208.jpg,1075,5,foodporn,instagood
synthetic_post_0208.jpg,1075,5,homemade,instagood
synthetic_post_0209.jpg,791,3,art,fitness
synthetic_post_0209.jpg,791,24,art,gallery
synthetic_post_0209.jpg,791,5,art,health
synthetic_post_0209.jpg,791,23,art,illustration
synthetic_post_0209.jpg,791,5,fitness,gallery
synthetic_post_0209.jpg,791,23,fitness,health
synthetic_post_0209.jpg,791,4,fitness,illustration
synthetic_post_0209.jpg,791,5,gallery,health
synthetic_post_0209.jpg,791,28,gallery,illustration
synthetic_post_0209.jpg,791,3,health,illustration
synthetic_post_0210.jpg,1171,6,fashion,fitness
synthetic_post_0210.jpg,1171,12,fashion,life
synthetic_post_0210.jpg,1171,20,fashion,ootd
synthetic_post_0210.jpg,1171,22,fashion,streetstyle
synthetic_post_0210.jpg,1171,6,fashion,workout
synthetic_post_0210.jpg,1171,6,fitness,life
synthetic_post_0210.jpg,1171,7,fitness,ootd
synthetic_post_0210.jpg,1171,6,fitness,streetstyle
synthetic_post_0210.jpg,1171,21,fitness,workout
synthetic_post_0210.jpg,1171,5,life,ootd
synthetic_post_0210.jpg,1171,6,life,streetstyle
synthetic_post_0210.jpg,1171,7,life,workout
synthetic_post_0210.jpg,1171,18,ootd,streetstyle
synthetic_post_0210.jpg,1171,4,ootd,workout
synthetic_post_0210.jpg,1171,5,streetstyle,workout
synthetic_post_0211.jpg,705,5,foodie,photooftheday
synthetic_post_0211.jpg,705,23,foodie,yummy
synthetic_post_0211.jpg,705,6,photooftheday,yummy
synthetic_post_0212.jpg,550,2,chef,coding
synthetic_post_0212.jpg,550,22,chef,yummy
synthetic_post_0212.jpg,550,3,coding,yummy
synthetic_post_0213.jpg,1105,17,art,artist
synthetic_post_0213.jpg,1105,29,art,design
synthetic_post_0213.jpg,1105,23,art,illustration
synthetic_post_0213.jpg,1105,2,art,nature
synthetic_post_0213.jpg,1105,24,artist,design
synthetic_post_0213.jpg,1105,30,artist,illustration
synthetic_post_0213.jpg,1105,6,artist,nature
synthetic_post_0213.jpg,1105,23,design,illustration
synthetic_post_0213.jpg,1105,4,design,nature
synthetic_post_0213.jpg,1105,3,illustration,nature
synthetic_post_0214.jpg,716,27,creative,design
synthetic_post_0214.jpg,716,24,creative,gallery
synthetic_post_0214.jpg,716,4,creative,instagood
synthetic_post_0214.jpg,716,21,design,gallery
synthetic_post_0214.jpg,716,8,design,instagood
synthetic_post_0214.jpg,716,2,gallery,instagood
synthetic_post_0215.jpg,515,5,health,outfit
synthetic_post_0215.jpg,515,2,health,photooftheday
synthetic_post_0215.jpg,515,17,health,workout
synthetic_post_0215.jpg,515,5,outfit,photooftheday
synthetic_post_0215.jpg,515,6,outfit,workout
synthetic_post_0215.jpg,515,2,photooftheday,workout
synthetic_post_0216.jpg,1293,2,explore,foodie
synthetic_post_0216.jpg,1293,4,explore,foodporn
synthetic_post_0216.jpg,1293,5,explore,happy
synthetic_post_0216.jpg,1293,3,explore,instafood
synthetic_post_0216.jpg,1293,25,explore,wanderlust
synthetic_post_0216.jpg,1293,6,explore,yummy
synthetic_post_0216.jpg,1293,26,foodie,foodporn
synthetic_post_0216.jpg,1293,7,foodie,happy
synthetic_post_0216.jpg,1293,28,foodie,instafood
synthetic_post_0216.jpg,1293,6,foodie,wanderlust
synthetic_post_0216.jpg,1293,23,foodie,yummy
synthetic_post_0216.jpg,1293,3,foodporn,happy
synthetic_post_0216.jpg,1293,27,foodporn,instafood
synthetic_post_0216.jpg,1293,6,foodporn,wanderlust
synthetic_post_0216.jpg,1293,25,foodporn,yummy
synthetic_post_0216.jpg,1293,5,happy,instafood
synthetic_post_0216.jpg,1293,5,happy,wanderlust
synthetic_post_0216.jpg,1293,2,happy,yummy
synthetic_post_0216.jpg,1293,4,instafood,wanderlust
synthetic_post_0216.jpg,1293,18,instafood,yummy
synthetic_post_0216.jpg,1293,3,wanderlust,yummy
synthetic_post_0217.jpg,605,4,like4like,vacation
synthetic_post_0217.jpg,605,8,like4like,wanderlust
synthetic_post_0217.jpg,605,17,vacation,wanderlust
synthetic_post_0218.jpg,999,3,art,chef
synthetic_post_0218.jpg,999,4,art,foodie
synthetic_post_0218.jpg,999,6,art,foodporn
synthetic_post_0218.jpg,999,24,art,gallery
synthetic_post_0218.jpg,999,32,chef,foodie
synthetic_post_0218.jpg,999,25,chef,foodporn
synthetic_post_0218.jpg,999,3,chef,gallery
synthetic_post_0218.jpg,999,26,foodie,foodporn
synthetic_post_0218.jpg,999,3,foodie,gallery
synthetic_post_0218.jpg,999,6,foodporn,gallery
synthetic_post_0219.jpg,656,30,artist,creative
synthetic_post_0219.jpg,656,10,artist,instagood
synthetic_post_0219.jpg,656,4,artist,ootd
synthetic_post_0219.jpg,656,4,creative,instagood
synthetic_post_0219.jpg,656,10,creative,ootd
synthetic_post_0219.jpg,656,5,instagood,ootd
synthetic_post_0220.jpg,748,6,adventure,like4like
synthetic_post_0220.jpg,748,25,adventure,vacation
synthetic_post_0220.jpg,748,23,adventure,wanderlust
synthetic_post_0220.jpg,748,4,like4like,vacation
synthetic_post_0220.jpg,748,8,like4like,wanderlust
synthetic_post_0220.jpg,748,17,vacation,wanderlust
synthetic_post_0221.jpg,1207,5,developer,life
synthetic_post_0221.jpg,1207,10,developer,ootd
synthetic_post_0221.jpg,1207,28,developer,software
synthetic_post_0221.jpg,1207,17,developer,startup
synthetic_post_0221.jpg,1207,9,developer,style
synthetic_post_0221.jpg,1207,5,life,ootd
synthetic_post_0221.jpg,1207,5,life,software
synthetic_post_0221.jpg,1207,6,life,startup
synthetic_post_0221.jpg,1207,8,life,style
synthetic_post_0221.jpg,1207,8,ootd,software
synthetic_post_0221.jpg,1207,7,ootd,startup
synthetic_post_0221.jpg,1207,23,ootd,style
synthetic_post_0221.jpg,1207,25,software,startup
synthetic_post_0221.jpg,1207,12,software,style
synthetic_post_0221.jpg,1207,11,startup,style
synthetic_post_0222.jpg,507,3,coding,instafood
synthetic_post_0222.jpg,507,23,coding,tech
synthetic_post_0222.jpg,507,3,instafood,tech
synthetic_post_0223.jpg,906,6,developer,health
synthetic_post_0223.jpg,906,26,developer,innovation
synthetic_post_0223.jpg,906,8,developer,instagood
synthetic_post_0223.jpg,906,17,developer,startup
synthetic_post_0223.jpg,906,26,developer,tech
synthetic_post_0223.jpg,906,6,developer,training
synthetic_post_0223.jpg,906,4,health,innovation
synthetic_post_0223.jpg,906,4,health,instagood
synthetic_post_0223.jpg,906,5,health,startup
synthetic_post_0223.jpg,906,4,health,tech
synthetic_post_0223.jpg,906,22,health,training
synthetic_post_0223.jpg,906,9,innovation,instagood
synthetic_post_0223.jpg,906,28,innovation,startup
synthetic_post_0223.jpg,906,26,innovation,tech
synthetic_post_0223.jpg,906,6,innovation,training
synthetic_post_0223.jpg,906,10,instagood,startup
synthetic_post_0223.jpg,906,6,instagood,tech
synthetic_post_0223.jpg,906,4,instagood,training
synthetic_post_0223.jpg,906,28,startup,tech
synthetic_post_0223.jpg,906,7,startup,training
synthetic_post_0223.jpg,906,5,tech,training
synthetic_post_0224.jpg,772,4,adventure,instafood
synthetic_post_0224.jpg,772,20,adventure,nature
synthetic_post_0224.jpg,772,26,adventure,travel
synthetic_post_0224.jpg,772,23,adventure,wanderlust
synthetic_post_0224.jpg,772,5,instafood,nature
synthetic_post_0224.jpg,772,5,instafood,travel
synthetic_post_0224.jpg,772,4,instafood,wanderlust
synthetic_post_0224.jpg,772,27,nature,travel
synthetic_post_0224.jpg,772,21,nature,wanderlust
synthetic_post_0224.jpg,772,23,travel,wanderlust
synthetic_post_0225.jpg,971,5,delicious,developer
synthetic_post_0225.jpg,971,28,delicious,foodie
synthetic_post_0225.jpg,971,20,delicious,foodporn
synthetic_post_0225.jpg,971,25,delicious,instafood
synthetic_post_0225.jpg,971,3,developer,foodie
synthetic_post_0225.jpg,971,2,developer,foodporn
synthetic_post_0225.jpg,971,2,developer,instafood
synthetic_post_0225.jpg,971,26,foodie,foodporn
synthetic_post_0225.jpg,971,28,foodie,instafood
synthetic_post_0225.jpg,971,27,foodporn,instafood
synthetic_post_0226.jpg,1085,2,artist,chef
synthetic_post_0226.jpg,1085,27,artist,drawing
synthetic_post_0226.jpg,1085,1,artist,homemade
synthetic_post_0226.jpg,1085,2,artist,yummy
synthetic_post_0226.jpg,1085,3,chef,drawing
synthetic_post_0226.jpg,1085,25,chef,homemade
synthetic_post_0226.jpg,1085,22,chef,yummy
synthetic_post_0226.jpg,1085,4,drawing,homemade
synthetic_post_0226.jpg,1085,3,drawing,yummy
synthetic_post_0226.jpg,1085,20,homemade,yummy
synthetic_post_0227.jpg,844,28,delicious,foodie
synthetic_post_0227.jpg,844,26,delicious,homemade
synthetic_post_0227.jpg,844,20,delicious,yummy
synthetic_post_0227.jpg,844,19,foodie,homemade
synthetic_post_0227.jpg,844,23,foodie,yummy
synthetic_post_0227.jpg,844,20,homemade,yummy
synthetic_post_0228.jpg,953,28,delicious,foodie
synthetic_post_0228.jpg,953,20,delicious,foodporn
synthetic_post_0228.jpg,953,25,delicious,instafood
synthetic_post_0228.jpg,953,2,delicious,motivation
synthetic_post_0228.jpg,953,26,foodie,foodporn
synthetic_post_0228.jpg,953,28,foodie,instafood
synthetic_post_0228.jpg,953,10,foodie,motivation
synthetic_post_0228.jpg,953,27,foodporn,instafood
synthetic_post_0228.jpg,953,5,foodporn,motivation
synthetic_post_0228.jpg,953,10,instafood,motivation
synthetic_post_0229.jpg,1043,8,adventure,art
synthetic_post_0229.jpg,1043,5,adventure,creative
synthetic_post_0229.jpg,1043,5,adventure,drawing
synthetic_post_0229.jpg,1043,22,art,creative
synthetic_post_0229.jpg,1043,23,art,drawing
synthetic_post_0229.jpg,1043,23,creative,drawing
synthetic_post_0230.jpg,660,5,adventure,beauty
synthetic_post_0230.jpg,660,6,adventure,like4like
synthetic_post_0230.jpg,660,2,adventure,streetstyle
synthetic_post_0230.jpg,660,8,adventure,style
synthetic_post_0230.jpg,660,9,beauty,like4like
synthetic_post_0230.jpg,660,17,beauty,streetstyle
synthetic_post_0230.jpg,660,25,beauty,style
synthetic_post_0230.jpg,660,3,like4like,streetstyle
synthetic_post_0230.jpg,660,6,like4like,style
synthetic_post_0230.jpg,660,22,streetstyle,style
synthetic_post_0231.jpg,1021,24,fitness,gym
synthetic_post_0231.jpg,1021,7,fitness,instafood
synthetic_post_0231.jpg,1021,26,fitness,motivation
synthetic_post_0231.jpg,1021,4,gym,instafood
synthetic_post_0231.jpg,1021,28,gym,motivation
synthetic_post_0231.jpg,1021,10,instafood,motivation
synthetic_post_0232.jpg,767,25,adventure,vacation
synthetic_post_0232.jpg,767,23,adventure,wanderlust
synthetic_post_0232.jpg,767,17,vacation,wanderlust
synthetic_post_0233.jpg,996,6,ai,beauty
synthetic_post_0233.jpg,996,9,ai,fashion
synthetic_post_0233.jpg,996,7,ai,like4like
synthetic_post_0233.jpg,996,6,ai,outfit
synthetic_post_0233.jpg,996,8,ai,style
synthetic_post_0233.jpg,996,27,ai,tech
synthetic_post_0233.jpg,996,20,beauty,fashion
synthetic_post_0233.jpg,996,9,beauty,like4like
synthetic_post_0233.jpg,996,27,beauty,outfit
synthetic_post_0233.jpg,996,25,beauty,style
synthetic_post_0233.jpg,996,7,beauty,tech
synthetic_post_0233.jpg,996,8,fashion,like4like
synthetic_post_0233.jpg,996,26,fashion,outfit
synthetic_post_0233.jpg,996,29,fashion,style
synthetic_post_0233.jpg,996,5,fashion,tech
synthetic_post_0233.jpg,996,7,like4like,outfit
synthetic_post_0233.jpg,996,6,like4like,style
synthetic_post_0233.jpg,996,7,like4like,tech
synthetic_post_0233.jpg,996,33,outfit,style
synthetic_post_0233.jpg,996,9,outfit,tech
synthetic_post_0233.jpg,996,10,style,tech
synthetic_post_0234.jpg,1174,29,art,design
synthetic_post_0234.jpg,1174,3,art,fitfam
synthetic_post_0234.jpg,1174,5,art,training
synthetic_post_0234.jpg,1174,5,design,fitfam
synthetic_post_0234.jpg,1174,6,design,training
synthetic_post_0234.jpg,1174,26,fitfam,training
synthetic_post_0235.jpg,597,8,fashion,fitfam
synthetic_post_0235.jpg,597,8,fashion,like4like
synthetic_post_0235.jpg,597,26,fashion,outfit
synthetic_post_0235.jpg,597,10,fashion,training
synthetic_post_0235.jpg,597,5,fitfam,like4like
synthetic_post_0235.jpg,597,7,fitfam,outfit
synthetic_post_0235.jpg,597,26,fitfam,training
synthetic_post_0235.jpg,597,7,like4like,outfit
synthetic_post_0235.jpg,597,6,like4like,training
synthetic_post_0235.jpg,597,3,outfit,training
synthetic_post_0236.jpg,836,5,fashion,software
synthetic_post_0236.jpg,836,4,fashion,startup
synthetic_post_0236.jpg,836,22,fashion,streetstyle
synthetic_post_0236.jpg,836,25,software,startup
synthetic_post_0236.jpg,836,5,software,streetstyle
synthetic_post_0236.jpg,836,3,startup,streetstyle
synthetic_post_0237.jpg,669,27,artist,drawing
synthetic_post_0237.jpg,669,26,artist,gallery
synthetic_post_0237.jpg,669,30,artist,illustration
synthetic_post_0237.jpg,669,5,artist,vacation
synthetic_post_0237.jpg,669,33,drawing,gallery
synthetic_post_0237.jpg,669,24,drawing,illustration
synthetic_post_0237.jpg,669,3,drawing,vacation
synthetic_post_0237.jpg,669,28,gallery,illustration
synthetic_post_0237.jpg,669,6,gallery,vacation
synthetic_post_0237.jpg,669,4,illustration,vacation
synthetic_post_0238.jpg,694,3,beauty,drawing
synthetic_post_0238.jpg,694,6,beauty,gallery
synthetic_post_0238.jpg,694,33,drawing,gallery
synthetic_post_0239.jpg,1091,6,fashion,innovation
synthetic_post_0239.jpg,1091,12,fashion,life
synthetic_post_0239.jpg,1091,26,fashion,outfit
synthetic_post_0239.jpg,1091,5,fashion,software
synthetic_post_0239.jpg,1091,3,innovation,life
synthetic_post_0239.jpg,1091,8,innovation,outfit
synthetic_post_0239.jpg,1091,25,innovation,software
synthetic_post_0239.jpg,1091,8,life,outfit
synthetic_post_0239.jpg,1091,5,life,software
synthetic_post_0239.jpg,1091,8,outfit,software
synthetic_post_0240.jpg,1220,24,fitness,gym
synthetic_post_0240.jpg,1220,4,fitness,instagood
synthetic_post_0240.jpg,1220,4,fitness,model
synthetic_post_0240.jpg,1220,5,fitness,outfit
synthetic_post_0240.jpg,1220,6,fitness,streetstyle
synthetic_post_0240.jpg,1220,5,gym,instagood
synthetic_post_0240.jpg,1220,6,gym,model
synthetic_post_0240.jpg,1220,5,gym,outfit
synthetic_post_0240.jpg,1220,3,gym,streetstyle
synthetic_post_0240.jpg,1220,6,instagood,model
synthetic_post_0240.jpg,1220,4,instagood,outfit
synthetic_post_0240.jpg,1220,3,instagood,streetstyle
synthetic_post_0240.jpg,1220,23,model,outfit
synthetic_post_0240.jpg,1220,22,model,streetstyle
synthetic_post_0240.jpg,1220,26,outfit,streetstyle
synthetic_post_0241.jpg,1198,4,art,beauty
synthetic_post_0241.jpg,1198,22,art,creative
synthetic_post_0241.jpg,1198,24,art,gallery
synthetic_post_0241.jpg,1198,9,art,ootd
synthetic_post_0241.jpg,1198,9,beauty,creative
synthetic_post_0241.jpg,1198,6,beauty,gallery
synthetic_post_0241.jpg,1198,27,beauty,ootd
synthetic_post_0241.jpg,1198,24,creative,gallery
synthetic_post_0241.jpg,1198,10,creative,ootd
synthetic_post_0241.jpg,1198,9,gallery,ootd
synthetic_post_0242.jpg,903,4,design,fitness
synthetic_post_0242.jpg,903,4,design,health
synthetic_post_0242.jpg,903,5,design,like4like
synthetic_post_0242.jpg,903,8,design,motivation
synthetic_post_0242.jpg,903,23,fitness,health
synthetic_post_0242.jpg,903,6,fitness,like4like
synthetic_post_0242.jpg,903,26,fitness,motivation
synthetic_post_0242.jpg,903,6,health,like4like
synthetic_post_0242.jpg,903,20,health,motivation
synthetic_post_0242.jpg,903,7,like4like,motivation
synthetic_post_0243.jpg,616,2,adventure,gym
synthetic_post_0243.jpg,616,20,adventure,nature
synthetic_post_0243.jpg,616,26,adventure,travel
synthetic_post_0243.jpg,616,23,adventure,wanderlust
synthetic_post_0243.jpg,616,1,gym,nature
synthetic_post_0243.jpg,616,2,gym,travel
synthetic_post_0243.jpg,616,4,gym,wanderlust
synthetic_post_0243.jpg,616,27,nature,travel
synthetic_post_0243.jpg,616,21,nature,wanderlust
synthetic_post_0243.jpg,616,23,travel,wanderlust
synthetic_post_0244.jpg,1090,27,creative,design
synthetic_post_0244.jpg,1090,5,creative,foodie
synthetic_post_0244.jpg,1090,3,creative,homemade
synthetic_post_0244.jpg,1090,21,creative,illustration
synthetic_post_0244.jpg,1090,7,design,foodie
synthetic_post_0244.jpg,1090,9,design,homemade
synthetic_post_0244.jpg,1090,23,design,illustration
synthetic_post_0244.jpg,1090,19,foodie,homemade
synthetic_post_0244.jpg,1090,7,foodie,illustration
synthetic_post_0244.jpg,1090,3,homemade,illustration
synthetic_post_0245.jpg,1025,7,fitness,foodie
synthetic_post_0245.jpg,1025,6,fitness,like4like
synthetic_post_0245.jpg,1025,26,fitness,motivation
synthetic_post_0245.jpg,1025,30,fitness,training
synthetic_post_0245.jpg,1025,3,fitness,yummy
synthetic_post_0245.jpg,1025,8,foodie,like4like
synthetic_post_0245.jpg,1025,10,foodie,motivation
synthetic_post_0245.jpg,1025,8,foodie,training
synthetic_post_0245.jpg,1025,23,foodie,yummy
synthetic_post_0245.jpg,1025,7,like4like,motivation
synthetic_post_0245.jpg,1025,6,like4like,training
synthetic_post_0245.jpg,1025,4,like4like,yummy
synthetic_post_0245.jpg,1025,29,motivation,training
synthetic_post_0245.jpg,1025,2,motivation,yummy
synthetic_post_0245.jpg,1025,6,training,yummy
synthetic_post_0246.jpg,1144,25,ai,coding
synthetic_post_0246.jpg,1144,7,ai,like4like
synthetic_post_0246.jpg,1144,20,ai,startup
synthetic_post_0246.jpg,1144,27,ai,tech
synthetic_post_0246.jpg,1144,6,ai,wanderlust
synthetic_post_0246.jpg,1144,7,coding,like4like
synthetic_post_0246.jpg,1144,19,coding,startup
synthetic_post_0246.jpg,1144,23,coding,tech
synthetic_post_0246.jpg,1144,5,coding,wanderlust
synthetic_post_0246.jpg,1144,10,like4like,startup
synthetic_post_0246.jpg,1144,7,like4like,tech
synthetic_post_0246.jpg,1144,8,like4like,wanderlust
synthetic_post_0246.jpg,1144,28,startup,tech
synthetic_post_0246.jpg,1144,3,startup,wanderlust
synthetic_post_0246.jpg,1144,9,tech,wanderlust
synthetic_post_0247.jpg,1115,18,chef,delicious
synthetic_post_0247.jpg,1115,1,chef,fashion
synthetic_post_0247.jpg,1115,2,chef,followme
synthetic_post_0247.jpg,1115,25,chef,homemade
synthetic_post_0247.jpg,1115,3,chef,streetstyle
synthetic_post_0247.jpg,1115,3,delicious,fashion
synthetic_post_0247.jpg,1115,5,delicious,followme
synthetic_post_0247.jpg,1115,26,delicious,homemade
synthetic_post_0247.jpg,1115,4,delicious,streetstyle
synthetic_post_0247.jpg,1115,5,fashion,followme
synthetic_post_0247.jpg,1115,5,fashion,homemade
synthetic_post_0247.jpg,1115,22,fashion,streetstyle
synthetic_post_0247.jpg,1115,6,followme,homemade
synthetic_post_0247.jpg,1115,3,followme,streetstyle
synthetic_post_0247.jpg,1115,5,homemade,streetstyle
synthetic_post_0248.jpg,1070,26,artist,gallery
synthetic_post_0248.jpg,1070,3,artist,motivation
synthetic_post_0248.jpg,1070,1,artist,training
synthetic_post_0248.jpg,1070,3,artist,workout
synthetic_post_0248.jpg,1070,5,gallery,motivation
synthetic_post_0248.jpg,1070,3,gallery,training
synthetic_post_0248.jpg,1070,4,gallery,workout
synthetic_post_0248.jpg,1070,29,motivation,training
synthetic_post_0248.jpg,1070,27,motivation,workout
synthetic_post_0248.jpg,1070,42,training,workout
synthetic_post_0249.jpg,750,26,fitfam,fitness
synthetic_post_0249.jpg,750,26,fitfam,training
synthetic_post_0249.jpg,750,30,fitness,training
synthetic_post_0250.jpg,624,9,innovation,instagood
synthetic_post_0250.jpg,624,25,innovation,software
synthetic_post_0250.jpg,624,4,innovation,workout
synthetic_post_0250.jpg,624,6,instagood,software
synthetic_post_0250.jpg,624,1,instagood,workout
synthetic_post_0250.jpg,624,5,software,workout
synthetic_post_0251.jpg,930,23,creative,drawing
synthetic_post_0251.jpg,930,24,creative,gallery
synthetic_post_0251.jpg,930,5,creative,health
synthetic_post_0251.jpg,930,5,creative,workout
synthetic_post_0251.jpg,930,33,drawing,gallery
synthetic_post_0251.jpg,930,5,drawing,health
synthetic_post_0251.jpg,930,5,drawing,workout
synthetic_post_0251.jpg,930,5,gallery,health
synthetic_post_0251.jpg,930,4,gallery,workout
synthetic_post_0251.jpg,930,17,health,workout
synthetic_post_0252.jpg,673,22,adventure,explore
synthetic_post_0252.jpg,673,6,adventure,gallery
synthetic_post_0252.jpg,673,20,adventure,nature
synthetic_post_0252.jpg,673,6,explore,gallery
synthetic_post_0252.jpg,673,25,explore,nature
synthetic_post_0252.jpg,673,6,gallery,nature
synthetic_post_0253.jpg,612,27,creative,design
synthetic_post_0253.jpg,612,4,creative,instafood
synthetic_post_0253.jpg,612,7,design,instafood
synthetic_post_0254.jpg,1018,4,adventure,chef
synthetic_post_0254.jpg,1018,4,adventure,life
synthetic_post_0254.jpg,1018,20,adventure,nature
synthetic_post_0254.jpg,1018,27,adventure,photography
synthetic_post_0254.jpg,1018,25,adventure,vacation
synthetic_post_0254.jpg,1018,5,adventure,yummy
synthetic_post_0254.jpg,1018,2,chef,life
synthetic_post_0254.jpg,1018,3,chef,nature
synthetic_post_0254.jpg,1018,5,chef,photography
synthetic_post_0254.jpg,1018,7,chef,vacation
synthetic_post_0254.jpg,1018,22,chef,yummy
synthetic_post_0254.jpg,1018,5,life,nature
synthetic_post_0254.jpg,1018,6,life,photography
synthetic_post_0254.jpg,1018,5,life,vacation
synthetic_post_0254.jpg,1018,5,life,yummy
synthetic_post_0254.jpg,1018,21,nature,photography
synthetic_post_0254.jpg,1018,22,nature,vacation
synthetic_post_0254.jpg,1018,4,nature,yummy
synthetic_post_0254.jpg,1018,20,photography,vacation
synthetic_post_0254.jpg,1018,3,photography,yummy
synthetic_post_0254.jpg,1018,9,vacation,yummy
synthetic_post_0255.jpg,1234,30,artist,creative
synthetic_post_0255.jpg,1234,27,artist,drawing
synthetic_post_0255.jpg,1234,26,artist,gallery
synthetic_post_0255.jpg,1234,4,artist,life
synthetic_post_0255.jpg,1234,6,artist,travel
synthetic_post_0255.jpg,1234,6,artist,wanderlust
synthetic_post_0255.jpg,1234,23,creative,drawing
synthetic_post_0255.jpg,1234,24,creative,gallery
synthetic_post_0255.jpg,1234,5,creative,life
synthetic_post_0255.jpg,1234,4,creative,travel
synthetic_post_0255.jpg,1234,4,creative,wanderlust
synthetic_post_0255.jpg,1234,33,drawing,gallery
synthetic_post_0255.jpg,1234,4,drawing,life
synthetic_post_0255.jpg,1234,4,drawing,travel
synthetic_post_0255.jpg,1234,11,drawing,wanderlust
synthetic_post_0255.jpg,1234,5,gallery,life
synthetic_post_0255.jpg,1234,6,gallery,travel
synthetic_post_0255.jpg,1234,8,gallery,wanderlust
synthetic_post_0255.jpg,1234,5,life,travel
synthetic_post_0255.jpg,1234,3,life,wanderlust
synthetic_post_0255.jpg,1234,23,travel,wanderlust
synthetic_post_0256.jpg,896,12,ai,artist
synthetic_post_0256.jpg,896,5,ai,creative
synthetic_post_0256.jpg,896,5,ai,design
synthetic_post_0256.jpg,896,34,ai,developer
synthetic_post_0256.jpg,896,6,ai,illustration
synthetic_post_0256.jpg,896,30,artist,creative
synthetic_post_0256.jpg,896,24,artist,design
synthetic_post_0256.jpg,896,6,artist,developer
synthetic_post_0256.jpg,896,30,artist,illustration
synthetic_post_0256.jpg,896,27,creative,design
synthetic_post_0256.jpg,896,2,creative,developer
synthetic_post_0256.jpg,896,21,creative,illustration
synthetic_post_0256.jpg,896,3,design,developer
synthetic_post_0256.jpg,896,23,design,illustration
synthetic_post_0256.jpg,896,5,developer,illustration
synthetic_post_0257.jpg,764,8,adventure,art
synthetic_post_0257.jpg,764,4,adventure,artist
synthetic_post_0257.jpg,764,5,adventure,creative
synthetic_post_0257.jpg,764,5,adventure,illustration
synthetic_post_0257.jpg,764,17,art,artist
synthetic_post_0257.jpg,764,22,art,creative
synthetic_post_0257.jpg,764,23,art,illustration
synthetic_post_0257.jpg,764,30,artist,creative
synthetic_post_0257.jpg,764,30,artist,illustration
synthetic_post_0257.jpg,764,21,creative,illustration
synthetic_post_0258.jpg,983,8,adventure,art
synthetic_post_0258.jpg,983,3,adventure,design
synthetic_post_0258.jpg,983,4,adventure,followme
synthetic_post_0258.jpg,983,6,adventure,gallery
synthetic_post_0258.jpg,983,27,adventure,photography
synthetic_post_0258.jpg,983,29,art,design
synthetic_post_0258.jpg,983,10,art,followme
synthetic_post_0258.jpg,983,24,art,gallery
synthetic_post_0258.jpg,983,7,art,photography
synthetic_post_0258.jpg,983,6,design,followme
synthetic_post_0258.jpg,983,21,design,gallery
synthetic_post_0258.jpg,983,4,design,photography
synthetic_post_0258.jpg,983,7,followme,gallery
synthetic_post_0258.jpg,983,5,followme,photography
synthetic_post_0258.jpg,983,9,gallery,photography
synthetic_post_0259.jpg,956,25,ai,coding
synthetic_post_0259.jpg,956,7,ai,like4like
synthetic_post_0259.jpg,956,20,ai,startup
synthetic_post_0259.jpg,956,27,ai,tech
synthetic_post_0259.jpg,956,7,coding,like4like
synthetic_post_0259.jpg,956,19,coding,startup
synthetic_post_0259.jpg,956,23,coding,tech
synthetic_post_0259.jpg,956,10,like4like,startup
synthetic_post_0259.jpg,956,7,like4like,tech
synthetic_post_0259.jpg,956,28,startup,tech
synthetic_post_0260.jpg,880,27,artist,drawing
synthetic_post_0260.jpg,880,4,artist,fitness
synthetic_post_0260.jpg,880,7,artist,gym
synthetic_post_0260.jpg,880,3,artist,workout
synthetic_post_0260.jpg,880,5,drawing,fitness
synthetic_post_0260.jpg,880,7,drawing,gym
synthetic_post_0260.jpg,880,5,drawing,workout
synthetic_post_0260.jpg,880,24,fitness,gym
synthetic_post_0260.jpg,880,21,fitness,workout
synthetic_post_0260.jpg,880,24,gym,workout
synthetic_post_0261.jpg,1140,4,adventure,chef
synthetic_post_0261.jpg,1140,3,adventure,foodie
synthetic_post_0261.jpg,1140,7,adventure,homemade
synthetic_post_0261.jpg,1140,4,adventure,instafood
synthetic_post_0261.jpg,1140,32,chef,foodie
synthetic_post_0261.jpg,1140,25,chef,homemade
synthetic_post_0261.jpg,1140,23,chef,instafood
synthetic_post_0261.jpg,1140,19,foodie,homemade
synthetic_post_0261.jpg,1140,28,foodie,instafood
synthetic_post_0261.jpg,1140,27,homemade,instafood
synthetic_post_0262.jpg,565,26,fitfam,fitness
synthetic_post_0262.jpg,565,21,fitfam,health
synthetic_post_0262.jpg,565,25,fitfam,workout
synthetic_post_0262.jpg,565,23,fitness,health
synthetic_post_0262.jpg,565,21,fitness,workout
synthetic_post_0262.jpg,565,17,health,workout
synthetic_post_0263.jpg,973,26,coding,developer
synthetic_post_0263.jpg,973,7,coding,fitfam
synthetic_post_0263.jpg,973,21,coding,innovation
synthetic_post_0263.jpg,973,23,coding,tech
synthetic_post_0263.jpg,973,4,developer,fitfam
synthetic_post_0263.jpg,973,26,developer,innovation
synthetic_post_0263.jpg,973,26,developer,tech
synthetic_post_0263.jpg,973,4,fitfam,innovation
synthetic_post_0263.jpg,973,4,fitfam,tech
synthetic_post_0263.jpg,973,26,innovation,tech
synthetic_post_0264.jpg,1234,32,chef,foodie
synthetic_post_0264.jpg,1234,25,chef,foodporn
synthetic_post_0264.jpg,1234,3,chef,gallery
synthetic_post_0264.jpg,1234,3,chef,illustration
synthetic_post_0264.jpg,1234,22,chef,yummy
synthetic_post_0264.jpg,1234,26,foodie,foodporn
synthetic_post_0264.jpg,1234,3,foodie,gallery
synthetic_post_0264.jpg,1234,7,foodie,illustration
synthetic_post_0264.jpg,1234,23,foodie,yummy
synthetic_post_0264.jpg,1234,6,foodporn,gallery
synthetic_post_0264.jpg,1234,7,foodporn,illustration
synthetic_post_0264.jpg,1234,25,foodporn,yummy
synthetic_post_0264.jpg,1234,28,gallery,illustration
synthetic_post_0264.jpg,1234,4,gallery,yummy
synthetic_post_0264.jpg,1234,4,illustration,yummy
synthetic_post_0265.jpg,1155,2,explore,fashion
synthetic_post_0265.jpg,1155,4,explore,model
synthetic_post_0265.jpg,1155,30,explore,travel
synthetic_post_0265.jpg,1155,22,explore,vacation
synthetic_post_0265.jpg,1155,23,fashion,model
synthetic_post_0265.jpg,1155,6,fashion,travel
synthetic_post_0265.jpg,1155,4,fashion,vacation
synthetic_post_0265.jpg,1155,8,model,travel
synthetic_post_0265.jpg,1155,3,model,vacation
synthetic_post_0265.jpg,1155,23,travel,vacation
synthetic_post_0266.jpg,796,27,creative,design
synthetic_post_0267.jpg,632,26,fashion,outfit
synthetic_post_0267.jpg,632,8,fashion,photooftheday
synthetic_post_0267.jpg,632,5,outfit,photooftheday
synthetic_post_0268.jpg,942,18,chef,delicious
synthetic_post_0268.jpg,942,7,chef,vacation
synthetic_post_0268.jpg,942,22,chef,yummy
synthetic_post_0268.jpg,942,5,delicious,vacation
synthetic_post_0268.jpg,942,20,delicious,yummy
synthetic_post_0268.jpg,942,9,vacation,yummy
synthetic_post_0269.jpg,1080,3,explore,innovation
synthetic_post_0269.jpg,1080,25,explore,nature
synthetic_post_0269.jpg,1080,30,explore,travel
synthetic_post_0269.jpg,1080,22,explore,vacation
synthetic_post_0269.jpg,1080,3,innovation,nature
synthetic_post_0269.jpg,1080,6,innovation,travel
synthetic_post_0269.jpg,1080,4,innovation,vacation
synthetic_post_0269.jpg,1080,27,nature,travel
synthetic_post_0269.jpg,1080,22,nature,vacation
synthetic_post_0269.jpg,1080,23,travel,vacation
synthetic_post_0270.jpg,802,29,art,design
synthetic_post_0270.jpg,802,23,art,drawing
synthetic_post_0270.jpg,802,10,art,followme
synthetic_post_0270.jpg,802,23,design,drawing
synthetic_post_0270.jpg,802,6,design,followme
synthetic_post_0270.jpg,802,6,drawing,followme
synthetic_post_0271.jpg,879,27,artist,drawing
synthetic_post_0271.jpg,879,4,artist,fitness
synthetic_post_0271.jpg,879,7,artist,gym
synthetic_post_0271.jpg,879,5,drawing,fitness
synthetic_post_0271.jpg,879,7,drawing,gym
synthetic_post_0271.jpg,879,24,fitness,gym
synthetic_post_0272.jpg,973,3,beauty,homemade
synthetic_post_0272.jpg,973,5,beauty,instafood
synthetic_post_0272.jpg,973,27,homemade,instafood
synthetic_post_0273.jpg,717,3,adventure,innovation
synthetic_post_0273.jpg,717,20,adventure,nature
synthetic_post_0273.jpg,717,27,adventure,photography
synthetic_post_0273.jpg,717,26,adventure,travel
synthetic_post_0273.jpg,717,3,innovation,nature
synthetic_post_0273.jpg,717,7,innovation,photography
synthetic_post_0273.jpg,717,6,innovation,travel
synthetic_post_0273.jpg,717,21,nature,photography
synthetic_post_0273.jpg,717,27,nature,travel
synthetic_post_0273.jpg,717,25,photography,travel
synthetic_post_0274.jpg,710,5,ai,creative
synthetic_post_0274.jpg,710,5,ai,design
synthetic_post_0274.jpg,710,34,ai,developer
synthetic_post_0274.jpg,710,27,creative,design
synthetic_post_0274.jpg,710,2,creative,developer
synthetic_post_0274.jpg,710,3,design,developer
synthetic_post_0275.jpg,1214,25,chef,foodporn
synthetic_post_0275.jpg,1214,25,chef,homemade
synthetic_post_0275.jpg,1214,23,chef,instafood
synthetic_post_0275.jpg,1214,25,foodporn,homemade
synthetic_post_0275.jpg,1214,27,foodporn,instafood
synthetic_post_0275.jpg,1214,27,homemade,instafood
synthetic_post_0276.jpg,774,6,ai,beauty
synthetic_post_0276.jpg,774,34,ai,developer
synthetic_post_0276.jpg,774,9,ai,fashion
synthetic_post_0276.jpg,774,25,ai,innovation
synthetic_post_0276.jpg,774,20,ai,startup
synthetic_post_0276.jpg,774,6,beauty,developer
synthetic_post_0276.jpg,774,20,beauty,fashion
synthetic_post_0276.jpg,774,5,beauty,innovation
synthetic_post_0276.jpg,774,7,beauty,startup
synthetic_post_0276.jpg,774,5,developer,fashion
synthetic_post_0276.jpg,774,26,developer,innovation
synthetic_post_0276.jpg,774,17,developer,startup
synthetic_post_0276.jpg,774,6,fashion,innovation
synthetic_post_0276.jpg,774,4,fashion,startup
synthetic_post_0276.jpg,774,28,innovation,startup
synthetic_post_0277.jpg,794,32,chef,foodie
synthetic_post_0277.jpg,794,25,chef,foodporn
synthetic_post_0277.jpg,794,23,chef,instafood
synthetic_post_0277.jpg,794,5,chef,training
synthetic_post_0277.jpg,794,26,foodie,foodporn
synthetic_post_0277.jpg,794,28,foodie,instafood
synthetic_post_0277.jpg,794,8,foodie,training
synthetic_post_0277.jpg,794,27,foodporn,instafood
synthetic_post_0277.jpg,794,5,foodporn,training
synthetic_post_0277.jpg,794,3,instafood,training
synthetic_post_0278.jpg,1035,29,art,design
synthetic_post_0278.jpg,1035,23,art,drawing
synthetic_post_0278.jpg,1035,23,art,illustration
synthetic_post_0278.jpg,1035,6,art,life
synthetic_post_0278.jpg,1035,5,art,motivation
synthetic_post_0278.jpg,1035,5,art,training
synthetic_post_0278.jpg,1035,23,design,drawing
synthetic_post_0278.jpg,1035,23,design,illustration
synthetic_post_0278.jpg,1035,2,design,life
synthetic_post_0278.jpg,1035,8,design,motivation
synthetic_post_0278.jpg,1035,6,design,training
synthetic_post_0278.jpg,1035,24,drawing,illustration
synthetic_post_0278.jpg,1035,4,drawing,life
synthetic_post_0278.jpg,1035,5,drawing,motivation
synthetic_post_0278.jpg,1035,5,drawing,training
synthetic_post_0278.jpg,1035,3,illustration,life
synthetic_post_0278.jpg,1035,4,illustration,motivation
synthetic_post_0278.jpg,1035,4,illustration,training
synthetic_post_0278.jpg,1035,5,life,motivation
synthetic_post_0278.jpg,1035,10,life,training
synthetic_post_0278.jpg,1035,29,motivation,training
synthetic_post_0279.jpg,839,26,coding,developer
synthetic_post_0279.jpg,839,21,coding,innovation
synthetic_post_0279.jpg,839,19,coding,startup
synthetic_post_0279.jpg,839,26,developer,innovation
synthetic_post_0279.jpg,839,17,developer,startup
synthetic_post_0279.jpg,839,28,innovation,startup
synthetic_post_0280.jpg,634,25,explore,nature
synthetic_post_0280.jpg,634,2,explore,streetstyle
synthetic_post_0280.jpg,634,25,explore,wanderlust
synthetic_post_0280.jpg,634,6,nature,streetstyle
synthetic_post_0280.jpg,634,21,nature,wanderlust
synthetic_post_0280.jpg,634,2,streetstyle,wanderlust
synthetic_post_0281.jpg,1314,34,ai,developer
synthetic_post_0281.jpg,1314,25,ai,innovation
synthetic_post_0281.jpg,1314,12,ai,instagood
synthetic_post_0281.jpg,1314,7,ai,photography
synthetic_post_0281.jpg,1314,20,ai,startup
synthetic_post_0281.jpg,1314,4,ai,travel
synthetic_post_0281.jpg,1314,26,developer,innovation
synthetic_post_0281.jpg,1314,8,developer,instagood
synthetic_post_0281.jpg,1314,9,developer,photography
synthetic_post_0281.jpg,1314,17,developer,startup
synthetic_post_0281.jpg,1314,5,developer,travel
synthetic_post_0281.jpg,1314,9,innovation,instagood
synthetic_post_0281.jpg,1314,7,innovation,photography
synthetic_post_0281.jpg,1314,28,innovation,startup
synthetic_post_0281.jpg,1314,6,innovation,travel
synthetic_post_0281.jpg,1314,4,instagood,photography
synthetic_post_0281.jpg,1314,10,instagood,startup
synthetic_post_0281.jpg,1314,5,instagood,travel
synthetic_post_0281.jpg,1314,4,photography,startup
synthetic_post_0281.jpg,1314,25,photography,travel
synthetic_post_0281.jpg,1314,1,startup,travel
synthetic_post_0282.jpg,500,26,coding,developer
synthetic_post_0282.jpg,500,7,coding,model
synthetic_post_0282.jpg,500,5,coding,photooftheday
synthetic_post_0282.jpg,500,3,developer,model
synthetic_post_0282.jpg,500,6,developer,photooftheday
synthetic_post_0282.jpg,500,4,model,photooftheday
synthetic_post_0283.jpg,1462,20,beauty,fashion
synthetic_post_0283.jpg,1462,4,beauty,foodie
synthetic_post_0283.jpg,1462,4,beauty,life
synthetic_post_0283.jpg,1462,17,beauty,streetstyle
synthetic_post_0283.jpg,1462,25,beauty,style
synthetic_post_0283.jpg,1462,3,beauty,yummy
synthetic_post_0283.jpg,1462,2,fashion,foodie
synthetic_post_0283.jpg,1462,12,fashion,life
synthetic_post_0283.jpg,1462,22,fashion,streetstyle
synthetic_post_0283.jpg,1462,29,fashion,style
synthetic_post_0283.jpg,1462,2,fashion,yummy
synthetic_post_0283.jpg,1462,4,foodie,life
synthetic_post_0283.jpg,1462,3,foodie,streetstyle
synthetic_post_0283.jpg,1462,3,foodie,style
synthetic_post_0283.jpg,1462,23,foodie,yummy
synthetic_post_0283.jpg,1462,6,life,streetstyle
synthetic_post_0283.jpg,1462,8,life,style
synthetic_post_0283.jpg,1462,5,life,yummy
synthetic_post_0283.jpg,1462,22,streetstyle,style
synthetic_post_0283.jpg,1462,4,streetstyle,yummy
synthetic_post_0283.jpg,1462,1,style,yummy
synthetic_post_0284.jpg,940,8,like4like,model
synthetic_post_0284.jpg,940,7,like4like,ootd
synthetic_post_0284.jpg,940,6,like4like,style
synthetic_post_0284.jpg,940,6,like4like,travel
synthetic_post_0284.jpg,940,20,model,ootd
synthetic_post_0284.jpg,940,27,model,style
synthetic_post_0284.jpg,940,8,model,travel
synthetic_post_0284.jpg,940,23,ootd,style
synthetic_post_0284.jpg,940,4,ootd,travel
synthetic_post_0284.jpg,940,6,style,travel
synthetic_post_0285.jpg,677,3,adventure,foodie
synthetic_post_0285.jpg,677,27,adventure,photography
synthetic_post_0285.jpg,677,26,adventure,travel
synthetic_post_0285.jpg,677,25,adventure,vacation
synthetic_post_0285.jpg,677,7,foodie,photography
synthetic_post_0285.jpg,677,6,foodie,travel
synthetic_post_0285.jpg,677,9,foodie,vacation
synthetic_post_0285.jpg,677,25,photography,travel
synthetic_post_0285.jpg,677,20,photography,vacation
synthetic_post_0285.jpg,677,23,travel,vacation
synthetic_post_0286.jpg,703,5,adventure,ai
synthetic_post_0286.jpg,703,2,adventure,coding
synthetic_post_0286.jpg,703,5,adventure,developer
synthetic_post_0286.jpg,703,27,adventure,photography
synthetic_post_0286.jpg,703,4,adventure,software
synthetic_post_0286.jpg,703,25,ai,coding
synthetic_post_0286.jpg,703,34,ai,developer
synthetic_post_0286.jpg,703,7,ai,photography
synthetic_post_0286.jpg,703,24,ai,software
synthetic_post_0286.jpg,703,26,coding,developer
synthetic_post_0286.jpg,703,4,coding,photography
synthetic_post_0286.jpg,703,25,coding,software
synthetic_post_0286.jpg,703,9,developer,photography
synthetic_post_0286.jpg,703,28,developer,software
synthetic_post_0286.jpg,703,7,photography,software
synthetic_post_0287.jpg,740,23,art,drawing
synthetic_post_0287.jpg,740,10,art,followme
synthetic_post_0287.jpg,740,4,art,startup
synthetic_post_0287.jpg,740,3,art,tech
synthetic_post_0287.jpg,740,6,drawing,followme
synthetic_post_0287.jpg,740,5,drawing,startup
synthetic_post_0287.jpg,740,3,drawing,tech
synthetic_post_0287.jpg,740,3,followme,startup
synthetic_post_0287.jpg,740,3,followme,tech
synthetic_post_0287.jpg,740,28,startup,tech
synthetic_post_0288.jpg,907,5,beauty,instafood
synthetic_post_0288.jpg,907,27,beauty,ootd
synthetic_post_0288.jpg,907,27,beauty,outfit
synthetic_post_0288.jpg,907,25,beauty,style
synthetic_post_0288.jpg,907,4,instafood,ootd
synthetic_post_0288.jpg,907,7,instafood,outfit
synthetic_post_0288.jpg,907,1,instafood,style
synthetic_post_0288.jpg,907,22,ootd,outfit
synthetic_post_0288.jpg,907,23,ootd,style
synthetic_post_0288.jpg,907,33,outfit,style
synthetic_post_0289.jpg,589,1,followme,software
synthetic_post_0289.jpg,589,3,followme,startup
synthetic_post_0289.jpg,589,3,followme,tech
synthetic_post_0289.jpg,589,25,software,startup
synthetic_post_0289.jpg,589,26,software,tech
synthetic_post_0289.jpg,589,28,startup,tech
synthetic_post_0290.jpg,1088,32,chef,foodie
synthetic_post_0290.jpg,1088,25,chef,foodporn
synthetic_post_0290.jpg,1088,5,chef,software
synthetic_post_0290.jpg,1088,26,foodie,foodporn
synthetic_post_0290.jpg,1088,5,foodie,software
synthetic_post_0290.jpg,1088,2,foodporn,software
synthetic_post_0291.jpg,806,22,adventure,explore
synthetic_post_0291.jpg,806,7,adventure,homemade
synthetic_post_0291.jpg,806,20,adventure,nature
synthetic_post_0291.jpg,806,25,adventure,vacation
synthetic_post_0291.jpg,806,5,explore,homemade
synthetic_post_0291.jpg,806,25,explore,nature
synthetic_post_0291.jpg,806,22,explore,vacation
synthetic_post_0291.jpg,806,3,homemade,nature
synthetic_post_0291.jpg,806,7,homemade,vacation
synthetic_post_0291.jpg,806,22,nature,vacation
synthetic_post_0292.jpg,1090,9,developer,gym
synthetic_post_0292.jpg,1090,6,developer,health
synthetic_post_0292.jpg,1090,4,developer,motivation
synthetic_post_0292.jpg,1090,28,developer,software
synthetic_post_0292.jpg,1090,2,developer,workout
synthetic_post_0292.jpg,1090,18,gym,health
synthetic_post_0292.jpg,1090,28,gym,motivation
synthetic_post_0292.jpg,1090,4,gym,software
synthetic_post_0292.jpg,1090,24,gym,workout
synthetic_post_0292.jpg,1090,20,health,motivation
synthetic_post_0292.jpg,1090,3,health,software
synthetic_post_0292.jpg,1090,17,health,workout
synthetic_post_0292.jpg,1090,2,motivation,software
synthetic_post_0292.jpg,1090,27,motivation,workout
synthetic_post_0292.jpg,1090,5,software,workout
synthetic_post_0293.jpg,909,4,chef,fitfam
synthetic_post_0293.jpg,909,3,chef,health
synthetic_post_0293.jpg,909,23,chef,instafood
synthetic_post_0293.jpg,909,6,chef,motivation
synthetic_post_0293.jpg,909,5,chef,workout
synthetic_post_0293.jpg,909,21,fitfam,health
synthetic_post_0293.jpg,909,3,fitfam,instafood
synthetic_post_0293.jpg,909,15,fitfam,motivation
synthetic_post_0293.jpg,909,25,fitfam,workout
synthetic_post_0293.jpg,909,6,health,instafood
synthetic_post_0293.jpg,909,20,health,motivation
synthetic_post_0293.jpg,909,17,health,workout
synthetic_post_0293.jpg,909,10,instafood,motivation
synthetic_post_0293.jpg,909,5,instafood,workout
synthetic_post_0293.jpg,909,27,motivation,workout
synthetic_post_0294.jpg,1041,5,fitness,gallery
synthetic_post_0294.jpg,1041,23,fitness,health
synthetic_post_0294.jpg,1041,26,fitness,motivation
synthetic_post_0294.jpg,1041,30,fitness,training
synthetic_post_0294.jpg,1041,5,gallery,health
synthetic_post_0294.jpg,1041,5,gallery,motivation
synthetic_post_0294.jpg,1041,3,gallery,training
synthetic_post_0294.jpg,1041,20,health,motivation
synthetic_post_0294.jpg,1041,22,health,training
synthetic_post_0294.jpg,1041,29,motivation,training
synthetic_post_0295.jpg,808,24,artist,design
synthetic_post_0295.jpg,808,2,artist,foodporn
synthetic_post_0295.jpg,808,30,artist,illustration
synthetic_post_0295.jpg,808,2,artist,yummy
synthetic_post_0295.jpg,808,5,design,foodporn
synthetic_post_0295.jpg,808,23,design,illustration
synthetic_post_0295.jpg,808,2,design,yummy
synthetic_post_0295.jpg,808,7,foodporn,illustration
synthetic_post_0295.jpg,808,25,foodporn,yummy
synthetic_post_0295.jpg,808,4,illustration,yummy
synthetic_post_0296.jpg,657,6,coding,homemade
synthetic_post_0296.jpg,657,25,coding,software
synthetic_post_0296.jpg,657,19,coding,startup
synthetic_post_0296.jpg,657,6,homemade,software
synthetic_post_0296.jpg,657,5,homemade,startup
synthetic_post_0296.jpg,657,25,software,startup
synthetic_post_0297.jpg,609,6,chef,gym
synthetic_post_0297.jpg,609,6,chef,motivation
synthetic_post_0297.jpg,609,22,chef,yummy
synthetic_post_0297.jpg,609,28,gym,motivation
synthetic_post_0297.jpg,609,1,gym,yummy
synthetic_post_0297.jpg,609,2,motivation,yummy
synthetic_post_0298.jpg,937,25,ai,coding
synthetic_post_0298.jpg,937,34,ai,developer
synthetic_post_0298.jpg,937,25,ai,innovation
synthetic_post_0298.jpg,937,26,coding,developer
synthetic_post_0298.jpg,937,21,coding,innovation
synthetic_post_0298.jpg,937,26,developer,innovation
synthetic_post_0299.jpg,572,21,fitfam,health
synthetic_post_0299.jpg,572,3,fitfam,instagood
synthetic_post_0299.jpg,572,26,fitfam,training
synthetic_post_0299.jpg,572,4,health,instagood
synthetic_post_0299.jpg,572,22,health,training
synthetic_post_0299.jpg,572,4,instagood,training
synthetic_post_0300.jpg,482,25,delicious,instafood
synthetic_post_0301.jpg,811,2,fashion,foodie
synthetic_post_0301.jpg,811,12,fashion,life
synthetic_post_0301.jpg,811,23,fashion,model
synthetic_post_0301.jpg,811,26,fashion,outfit
synthetic_post_0301.jpg,811,29,fashion,style
synthetic_post_0301.jpg,811,4,foodie,life
synthetic_post_0301.jpg,811,2,foodie,model
synthetic_post_0301.jpg,811,4,foodie,outfit
synthetic_post_0301.jpg,811,3,foodie,style
synthetic_post_0301.jpg,811,5,life,model
synthetic_post_0301.jpg,811,8,life,outfit
synthetic_post_0301.jpg,811,8,life,style
synthetic_post_0301.jpg,811,23,model,outfit
synthetic_post_0301.jpg,811,27,model,style
synthetic_post_0301.jpg,811,33,outfit,style
synthetic_post_0302.jpg,1081,26,fitfam,fitness
synthetic_post_0302.jpg,1081,6,fitfam,foodie
synthetic_post_0302.jpg,1081,2,fitfam,foodporn
synthetic_post_0302.jpg,1081,21,fitfam,health
synthetic_post_0302.jpg,1081,15,fitfam,motivation
synthetic_post_0302.jpg,1081,7,fitness,foodie
synthetic_post_0302.jpg,1081,5,fitness,foodporn
synthetic_post_0302.jpg,1081,23,fitness,health
synthetic_post_0302.jpg,1081,26,fitness,motivation
synthetic_post_0302.jpg,1081,26,foodie,foodporn
synthetic_post_0302.jpg,1081,5,foodie,health
synthetic_post_0302.jpg,1081,10,foodie,motivation
synthetic_post_0302.jpg,1081,2,foodporn,health
synthetic_post_0302.jpg,1081,5,foodporn,motivation
synthetic_post_0302.jpg,1081,20,health,motivation
synthetic_post_0303.jpg,971,12,ai,artist
synthetic_post_0303.jpg,971,25,ai,coding
synthetic_post_0303.jpg,971,34,ai,developer
synthetic_post_0303.jpg,971,12,ai,instagood
synthetic_post_0303.jpg,971,24,ai,software
synthetic_post_0303.jpg,971,6,artist,coding
synthetic_post_0303.jpg,971,6,artist,developer
synthetic_post_0303.jpg,971,10,artist,instagood
synthetic_post_0303.jpg,971,7,artist,software
synthetic_post_0303.jpg,971,26,coding,developer
synthetic_post_0303.jpg,971,7,coding,instagood
synthetic_post_0303.jpg,971,25,coding,software
synthetic_post_0303.jpg,971,8,developer,instagood
synthetic_post_0303.jpg,971,28,developer,software
synthetic_post_0303.jpg,971,6,instagood,software
synthetic_post_0304.jpg,373,20,ai,startup
synthetic_post_0304.jpg,373,5,ai,vacation
synthetic_post_0304.jpg,373,3,startup,vacation
synthetic_post_0305.jpg,908,8,outfit,software
synthetic_post_0305.jpg,908,9,outfit,startup
synthetic_post_0305.jpg,908,33,outfit,style
synthetic_post_0305.jpg,908,9,outfit,tech
synthetic_post_0305.jpg,908,25,software,startup
synthetic_post_0305.jpg,908,12,software,style
synthetic_post_0305.jpg,908,26,software,tech
synthetic_post_0305.jpg,908,11,startup,style
synthetic_post_0305.jpg,908,28,startup,tech
synthetic_post_0305.jpg,908,10,style,tech
synthetic_post_0306.jpg,809,18,chef,delicious
synthetic_post_0306.jpg,809,4,chef,travel
synthetic_post_0306.jpg,809,6,chef,wanderlust
synthetic_post_0306.jpg,809,22,chef,yummy
synthetic_post_0306.jpg,809,4,delicious,travel
synthetic_post_0306.jpg,809,1,delicious,wanderlust
synthetic_post_0306.jpg,809,20,delicious,yummy
synthetic_post_0306.jpg,809,23,travel,wanderlust
synthetic_post_0306.jpg,809,11,travel,yummy
synthetic_post_0306.jpg,809,3,wanderlust,yummy
synthetic_post_0307.jpg,1179,17,art,artist
synthetic_post_0307.jpg,1179,22,art,creative
synthetic_post_0307.jpg,1179,5,art,health
synthetic_post_0307.jpg,1179,4,art,like4like
synthetic_post_0307.jpg,1179,5,art,motivation
synthetic_post_0307.jpg,1179,30,artist,creative
synthetic_post_0307.jpg,1179,5,artist,health
synthetic_post_0307.jpg,1179,4,artist,like4like
synthetic_post_0307.jpg,1179,3,artist,motivation
synthetic_post_0307.jpg,1179,5,creative,health
synthetic_post_0307.jpg,1179,7,creative,like4like
synthetic_post_0307.jpg,1179,4,creative,motivation
synthetic_post_0307.jpg,1179,6,health,like4like
synthetic_post_0307.jpg,1179,20,health,motivation
synthetic_post_0307.jpg,1179,7,like4like,motivation
synthetic_post_0308.jpg,509,26,coding,developer
synthetic_post_0308.jpg,509,19,coding,startup
synthetic_post_0308.jpg,509,17,developer,startup
synthetic_post_0309.jpg,760,10,creative,fashion
synthetic_post_0309.jpg,760,24,creative,gallery
synthetic_post_0309.jpg,760,7,creative,style
synthetic_post_0309.jpg,760,6,fashion,gallery
synthetic_post_0309.jpg,760,29,fashion,style
synthetic_post_0309.jpg,760,5,gallery,style
synthetic_post_0310.jpg,652,6,beauty,developer
synthetic_post_0310.jpg,652,20,beauty,fashion
synthetic_post_0310.jpg,652,5,beauty,love
synthetic_post_0310.jpg,652,27,beauty,ootd
synthetic_post_0310.jpg,652,5,developer,fashion
synthetic_post_0310.jpg,652,2,developer,love
synthetic_post_0310.jpg,652,10,developer,ootd
synthetic_post_0310.jpg,652,3,fashion,love
synthetic_post_0310.jpg,652,20,fashion,ootd
synthetic_post_0310.jpg,652,6,love,ootd
synthetic_post_0311.jpg,913,18,beauty,model
synthetic_post_0311.jpg,913,5,beauty,travel
synthetic_post_0311.jpg,913,2,beauty,wanderlust
synthetic_post_0311.jpg,913,8,model,travel
synthetic_post_0311.jpg,913,6,model,wanderlust
synthetic_post_0311.jpg,913,23,travel,wanderlust
synthetic_post_0312.jpg,880,22,art,creative
synthetic_post_0312.jpg,880,7,art,explore
synthetic_post_0312.jpg,880,6,art,life
synthetic_post_0312.jpg,880,7,art,photography
synthetic_post_0312.jpg,880,7,creative,explore
synthetic_post_0312.jpg,880,5,creative,life
synthetic_post_0312.jpg,880,6,creative,photography
synthetic_post_0312.jpg,880,3,explore,life
synthetic_post_0312.jpg,880,15,explore,photography
synthetic_post_0312.jpg,880,6,life,photography
synthetic_post_0313.jpg,981,12,ai,artist
synthetic_post_0313.jpg,981,5,ai,creative
synthetic_post_0313.jpg,981,7,ai,drawing
synthetic_post_0313.jpg,981,6,ai,gallery
synthetic_post_0313.jpg,981,30,artist,creative
synthetic_post_0313.jpg,981,27,artist,drawing
synthetic_post_0313.jpg,981,26,artist,gallery
synthetic_post_0313.jpg,981,23,creative,drawing
synthetic_post_0313.jpg,981,24,creative,gallery
synthetic_post_0313.jpg,981,33,drawing,gallery
synthetic_post_0314.jpg,1532,5,adventure,developer
synthetic_post_0314.jpg,1532,3,adventure,innovation
synthetic_post_0314.jpg,1532,27,adventure,photography
synthetic_post_0314.jpg,1532,4,adventure,software
synthetic_post_0314.jpg,1532,5,adventure,tech
synthetic_post_0314.jpg,1532,26,developer,innovation
synthetic_post_0314.jpg,1532,9,developer,photography
synthetic_post_0314.jpg,1532,28,developer,software
synthetic_post_0314.jpg,1532,26,developer,tech
synthetic_post_0314.jpg,1532,7,innovation,photography
synthetic_post_0314.jpg,1532,25,innovation,software
synthetic_post_0314.jpg,1532,26,innovation,tech
synthetic_post_0314.jpg,1532,7,photography,software
synthetic_post_0314.jpg,1532,6,photography,tech
synthetic_post_0314.jpg,1532,26,software,tech
synthetic_post_0315.jpg,960,26,fashion,outfit
synthetic_post_0315.jpg,960,8,fashion,photooftheday
synthetic_post_0315.jpg,960,29,fashion,style
synthetic_post_0315.jpg,960,4,fashion,vacation
synthetic_post_0315.jpg,960,5,outfit,photooftheday
synthetic_post_0315.jpg,960,33,outfit,style
synthetic_post_0315.jpg,960,7,outfit,vacation
synthetic_post_0315.jpg,960,7,photooftheday,style
synthetic_post_0315.jpg,960,4,photooftheday,vacation
synthetic_post_0315.jpg,960,5,style,vacation
synthetic_post_0316.jpg,993,9,beauty,creative
synthetic_post_0316.jpg,993,20,beauty,fashion
synthetic_post_0316.jpg,993,6,beauty,gallery
synthetic_post_0316.jpg,993,4,beauty,life
synthetic_post_0316.jpg,993,27,beauty,ootd
synthetic_post_0316.jpg,993,25,beauty,style
synthetic_post_0316.jpg,993,10,creative,fashion
synthetic_post_0316.jpg,993,24,creative,gallery
synthetic_post_0316.jpg,993,5,creative,life
synthetic_post_0316.jpg,993,10,creative,ootd
synthetic_post_0316.jpg,993,7,creative,style
synthetic_post_0316.jpg,993,6,fashion,gallery
synthetic_post_0316.jpg,993,12,fashion,life
synthetic_post_0316.jpg,993,20,fashion,ootd
synthetic_post_0316.jpg,993,29,fashion,style
synthetic_post_0316.jpg,993,5,gallery,life
synthetic_post_0316.jpg,993,9,gallery,ootd
synthetic_post_0316.jpg,993,5,gallery,style
synthetic_post_0316.jpg,993,5,life,ootd
synthetic_post_0316.jpg,993,8,life,style
synthetic_post_0316.jpg,993,23,ootd,style
synthetic_post_0317.jpg,994,26,foodie,foodporn
synthetic_post_0317.jpg,994,3,foodie,gym
synthetic_post_0317.jpg,994,6,foodie,love
synthetic_post_0317.jpg,994,8,foodie,training
synthetic_post_0317.jpg,994,5,foodporn,gym
synthetic_post_0317.jpg,994,4,foodporn,love
synthetic_post_0317.jpg,994,5,foodporn,training
synthetic_post_0317.jpg,994,3,gym,love
synthetic_post_0317.jpg,994,26,gym,training
synthetic_post_0317.jpg,994,2,love,training
synthetic_post_0318.jpg,947,34,ai,developer
synthetic_post_0318.jpg,947,20,ai,startup
synthetic_post_0318.jpg,947,4,ai,training
synthetic_post_0318.jpg,947,17,developer,startup
synthetic_post_0318.jpg,947,6,developer,training
synthetic_post_0318.jpg,947,7,startup,training
synthetic_post_0319.jpg,768,5,innovation,ootd
synthetic_post_0319.jpg,768,25,innovation,software
synthetic_post_0319.jpg,768,1,innovation,streetstyle
synthetic_post_0319.jpg,768,8,ootd,software
synthetic_post_0319.jpg,768,18,ootd,streetstyle
synthetic_post_0319.jpg,768,5,software,streetstyle
synthetic_post_0320.jpg,1192,22,art,creative
synthetic_post_0320.jpg,1192,4,art,delicious
synthetic_post_0320.jpg,1192,23,art,illustration
synthetic_post_0320.jpg,1192,4,art,instafood
synthetic_post_0320.jpg,1192,7,art,photooftheday
synthetic_post_0320.jpg,1192,5,creative,delicious
synthetic_post_0320.jpg,1192,21,creative,illustration
synthetic_post_0320.jpg,1192,4,creative,instafood
synthetic_post_0320.jpg,1192,7,creative,photooftheday
synthetic_post_0320.jpg,1192,5,delicious,illustration
synthetic_post_0320.jpg,1192,25,delicious,instafood
synthetic_post_0320.jpg,1192,4,delicious,photooftheday
synthetic_post_0320.jpg,1192,7,illustration,instafood
synthetic_post_0320.jpg,1192,7,illustration,photooftheday
synthetic_post_0320.jpg,1192,4,instafood,photooftheday
synthetic_post_0321.jpg,974,5,beauty,instafood
synthetic_post_0321.jpg,974,4,beauty,instagood
synthetic_post_0321.jpg,974,18,beauty,model
synthetic_post_0321.jpg,974,27,beauty,ootd
synthetic_post_0321.jpg,974,3,beauty,yummy
synthetic_post_0321.jpg,974,5,instafood,instagood
synthetic_post_0321.jpg,974,2,instafood,model
synthetic_post_0321.jpg,974,4,instafood,ootd
synthetic_post_0321.jpg,974,18,instafood,yummy
synthetic_post_0321.jpg,974,6,instagood,model
synthetic_post_0321.jpg,974,5,instagood,ootd
synthetic_post_0321.jpg,974,3,instagood,yummy
synthetic_post_0321.jpg,974,20,model,ootd
synthetic_post_0321.jpg,974,4,model,yummy
synthetic_post_0321.jpg,974,2,ootd,yummy
synthetic_post_0322.jpg,982,32,chef,foodie
synthetic_post_0322.jpg,982,25,chef,foodporn
synthetic_post_0322.jpg,982,22,chef,yummy
synthetic_post_0322.jpg,982,26,foodie,foodporn
synthetic_post_0322.jpg,982,23,foodie,yummy
synthetic_post_0322.jpg,982,25,foodporn,yummy
synthetic_post_0323.jpg,470,27,ai,tech
synthetic_post_0324.jpg,763,5,happy,health
synthetic_post_0324.jpg,763,6,happy,training
synthetic_post_0324.jpg,763,5,happy,workout
synthetic_post_0324.jpg,763,22,health,training
synthetic_post_0324.jpg,763,17,health,workout
synthetic_post_0324.jpg,763,42,training,workout
synthetic_post_0325.jpg,1072,5,creative,fitfam
synthetic_post_0325.jpg,1072,4,creative,fitness
synthetic_post_0325.jpg,1072,21,creative,illustration
synthetic_post_0325.jpg,1072,4,creative,motivation
synthetic_post_0325.jpg,1072,5,creative,training
synthetic_post_0325.jpg,1072,26,fitfam,fitness
synthetic_post_0325.jpg,1072,2,fitfam,illustration
synthetic_post_0325.jpg,1072,15,fitfam,motivation
synthetic_post_0325.jpg,1072,26,fitfam,training
synthetic_post_0325.jpg,1072,4,fitness,illustration
synthetic_post_0325.jpg,1072,26,fitness,motivation
synthetic_post_0325.jpg,1072,30,fitness,training
synthetic_post_0325.jpg,1072,4,illustration,motivation
synthetic_post_0325.jpg,1072,4,illustration,training
synthetic_post_0325.jpg,1072,29,motivation,training
synthetic_post_0326.jpg,982,23,chef,instafood
synthetic_post_0326.jpg,982,6,chef,motivation
synthetic_post_0326.jpg,982,5,chef,workout
synthetic_post_0326.jpg,982,10,instafood,motivation
synthetic_post_0326.jpg,982,5,instafood,workout
synthetic_post_0326.jpg,982,27,motivation,workout
synthetic_post_0327.jpg,334,25,foodporn,homemade
synthetic_post_0327.jpg,334,4,foodporn,photooftheday
synthetic_post_0327.jpg,334,4,homemade,photooftheday
synthetic_post_0328.jpg,531,6,fashion,instagood
synthetic_post_0328.jpg,531,26,fashion,outfit
synthetic_post_0328.jpg,531,5,fashion,tech
synthetic_post_0328.jpg,531,4,instagood,outfit
synthetic_post_0328.jpg,531,6,instagood,tech
synthetic_post_0328.jpg,531,9,outfit,tech
synthetic_post_0329.jpg,801,2,artist,foodie
synthetic_post_0329.jpg,801,30,artist,illustration
synthetic_post_0329.jpg,801,7,foodie,illustration
synthetic_post_0330.jpg,1406,5,delicious,drawing
synthetic_post_0330.jpg,1406,20,delicious,foodporn
synthetic_post_0330.jpg,1406,26,delicious,homemade
synthetic_post_0330.jpg,1406,5,delicious,illustration
synthetic_post_0330.jpg,1406,20,delicious,yummy
synthetic_post_0330.jpg,1406,8,drawing,foodporn
synthetic_post_0330.jpg,1406,4,drawing,homemade
synthetic_post_0330.jpg,1406,24,drawing,illustration
synthetic_post_0330.jpg,1406,3,drawing,yummy
synthetic_post_0330.jpg,1406,25,foodporn,homemade
synthetic_post_0330.jpg,1406,7,foodporn,illustration
synthetic_post_0330.jpg,1406,25,foodporn,yummy
synthetic_post_0330.jpg,1406,3,homemade,illustration
synthetic_post_0330.jpg,1406,20,homemade,yummy
synthetic_post_0330.jpg,1406,4,illustration,yummy
synthetic_post_0331.jpg,719,7,gym,life
synthetic_post_0331.jpg,719,26,gym,training
synthetic_post_0331.jpg,719,24,gym,workout
synthetic_post_0331.jpg,719,10,life,training
synthetic_post_0331.jpg,719,7,life,workout
synthetic_post_0331.jpg,719,42,training,workout
synthetic_post_0332.jpg,1082,4,beauty,gym
synthetic_post_0332.jpg,1082,3,beauty,health
synthetic_post_0332.jpg,1082,27,beauty,outfit
synthetic_post_0332.jpg,1082,18,gym,health
synthetic_post_0332.jpg,1082,5,gym,outfit
synthetic_post_0332.jpg,1082,5,health,outfit
synthetic_post_0333.jpg,1178,3,art,chef
synthetic_post_0333.jpg,1178,29,art,design
synthetic_post_0333.jpg,1178,6,art,foodporn
synthetic_post_0333.jpg,1178,4,art,homemade
synthetic_post_0333.jpg,1178,3,art,yummy
synthetic_post_0333.jpg,1178,4,chef,design
synthetic_post_0333.jpg,1178,25,chef,foodporn
synthetic_post_0333.jpg,1178,25,chef,homemade
synthetic_post_0333.jpg,1178,22,chef,yummy
synthetic_post_0333.jpg,1178,5,design,foodporn
synthetic_post_0333.jpg,1178,9,design,homemade
synthetic_post_0333.jpg,1178,2,design,yummy
synthetic_post_0333.jpg,1178,25,foodporn,homemade
synthetic_post_0333.jpg,1178,25,foodporn,yummy
synthetic_post_0333.jpg,1178,20,homemade,yummy
synthetic_post_0334.jpg,881,2,delicious,explore
synthetic_post_0334.jpg,881,6,delicious,life
synthetic_post_0334.jpg,881,4,delicious,travel
synthetic_post_0334.jpg,881,20,delicious,yummy
synthetic_post_0334.jpg,881,3,explore,life
synthetic_post_0334.jpg,881,30,explore,travel
synthetic_post_0334.jpg,881,6,explore,yummy
synthetic_post_0334.jpg,881,5,life,travel
synthetic_post_0334.jpg,881,5,life,yummy
synthetic_post_0334.jpg,881,11,travel,yummy
synthetic_post_0335.jpg,435,5,explore,homemade
synthetic_post_0335.jpg,435,22,explore,vacation
synthetic_post_0335.jpg,435,7,homemade,vacation
synthetic_post_0336.jpg,860,8,fashion,fitfam
synthetic_post_0336.jpg,860,8,fashion,like4like
synthetic_post_0336.jpg,860,23,fashion,model
synthetic_post_0336.jpg,860,10,fashion,training
synthetic_post_0336.jpg,860,6,fashion,workout
synthetic_post_0336.jpg,860,5,fitfam,like4like
synthetic_post_0336.jpg,860,4,fitfam,model
synthetic_post_0336.jpg,860,26,fitfam,training
synthetic_post_0336.jpg,860,25,fitfam,workout
synthetic_post_0336.jpg,860,8,like4like,model
synthetic_post_0336.jpg,860,6,like4like,training
synthetic_post_0336.jpg,860,7,like4like,workout
synthetic_post_0336.jpg,860,8,model,training
synthetic_post_0336.jpg,860,7,model,workout
synthetic_post_0336.jpg,860,42,training,workout
synthetic_post_0337.jpg,756,32,chef,foodie
synthetic_post_0337.jpg,756,6,chef,like4like
synthetic_post_0337.jpg,756,22,chef,yummy
synthetic_post_0337.jpg,756,8,foodie,like4like
synthetic_post_0337.jpg,756,23,foodie,yummy
synthetic_post_0337.jpg,756,4,like4like,yummy
synthetic_post_0338.jpg,1135,24,artist,design
synthetic_post_0338.jpg,1135,27,artist,drawing
synthetic_post_0338.jpg,1135,8,artist,explore
synthetic_post_0338.jpg,1135,30,artist,illustration
synthetic_post_0338.jpg,1135,6,artist,wanderlust
synthetic_post_0338.jpg,1135,23,design,drawing
synthetic_post_0338.jpg,1135,6,design,explore
synthetic_post_0338.jpg,1135,23,design,illustration
synthetic_post_0338.jpg,1135,9,design,wanderlust
synthetic_post_0338.jpg,1135,5,drawing,explore
synthetic_post_0338.jpg,1135,24,drawing,illustration
synthetic_post_0338.jpg,1135,11,drawing,wanderlust
synthetic_post_0338.jpg,1135,5,explore,illustration
synthetic_post_0338.jpg,1135,25,explore,wanderlust
synthetic_post_0338.jpg,1135,4,illustration,wanderlust
synthetic_post_0339.jpg,610,6,chef,fitness
synthetic_post_0339.jpg,610,4,chef,happy
synthetic_post_0339.jpg,610,25,chef,homemade
synthetic_post_0339.jpg,610,9,fitness,happy
synthetic_post_0339.jpg,610,3,fitness,homemade
synthetic_post_0339.jpg,610,4,happy,homemade
synthetic_post_0340.jpg,657,5,adventure,love
synthetic_post_0340.jpg,657,27,adventure,photography
synthetic_post_0340.jpg,657,25,adventure,vacation
synthetic_post_0340.jpg,657,23,adventure,wanderlust
synthetic_post_0340.jpg,657,4,love,photography
synthetic_post_0340.jpg,657,5,love,vacation
synthetic_post_0340.jpg,657,7,love,wanderlust
synthetic_post_0340.jpg,657,20,photography,vacation
synthetic_post_0340.jpg,657,30,photography,wanderlust
synthetic_post_0340.jpg,657,17,vacation,wanderlust
synthetic_post_0341.jpg,641,5,artist,health
synthetic_post_0341.jpg,641,3,artist,motivation
synthetic_post_0341.jpg,641,20,health,motivation
synthetic_post_0342.jpg,1228,4,art,delicious
synthetic_post_0342.jpg,1228,29,art,design
synthetic_post_0342.jpg,1228,23,art,drawing
synthetic_post_0342.jpg,1228,4,art,homemade
synthetic_post_0342.jpg,1228,8,delicious,design
synthetic_post_0342.jpg,1228,5,delicious,drawing
synthetic_post_0342.jpg,1228,26,delicious,homemade
synthetic_post_0342.jpg,1228,23,design,drawing
synthetic_post_0342.jpg,1228,9,design,homemade
synthetic_post_0342.jpg,1228,4,drawing,homemade
synthetic_post_0343.jpg,602,3,photooftheday,startup
synthetic_post_0343.jpg,602,5,photooftheday,tech
synthetic_post_0343.jpg,602,28,startup,tech
synthetic_post_0344.jpg,804,21,creative,illustration
synthetic_post_0344.jpg,804,4,creative,instafood
synthetic_post_0344.jpg,804,7,illustration,instafood
synthetic_post_0345.jpg,602,34,ai,developer
synthetic_post_0345.jpg,602,3,ai,fitness
synthetic_post_0345.jpg,602,25,ai,innovation
synthetic_post_0345.jpg,602,8,developer,fitness
synthetic_post_0345.jpg,602,26,developer,innovation
synthetic_post_0345.jpg,602,4,fitness,innovation
synthetic_post_0346.jpg,808,5,fashion,homemade
synthetic_post_0346.jpg,808,22,fashion,streetstyle
synthetic_post_0346.jpg,808,2,fashion,yummy
synthetic_post_0346.jpg,808,5,homemade,streetstyle
synthetic_post_0346.jpg,808,20,homemade,yummy
synthetic_post_0346.jpg,808,4,streetstyle,yummy
synthetic_post_0347.jpg,642,3,chef,creative
synthetic_post_0347.jpg,642,32,chef,foodie
synthetic_post_0347.jpg,642,22,chef,yummy
synthetic_post_0347.jpg,642,5,creative,foodie
synthetic_post_0347.jpg,642,1,creative,yummy
synthetic_post_0347.jpg,642,23,foodie,yummy
synthetic_post_0348.jpg,562,9,fitness,happy
synthetic_post_0348.jpg,562,23,fitness,health
synthetic_post_0348.jpg,562,1,fitness,photography
synthetic_post_0348.jpg,562,5,happy,health
synthetic_post_0348.jpg,562,4,happy,photography
synthetic_post_0348.jpg,562,4,health,photography
synthetic_post_0349.jpg,1126,3,coding,design
synthetic_post_0349.jpg,1126,2,coding,drawing
synthetic_post_0349.jpg,1126,4,coding,gallery
synthetic_post_0349.jpg,1126,23,design,drawing
synthetic_post_0349.jpg,1126,21,design,gallery
synthetic_post_0349.jpg,1126,33,drawing,gallery
synthetic_post_0350.jpg,751,21,fitfam,health
synthetic_post_0350.jpg,751,26,fitfam,training
synthetic_post_0350.jpg,751,25,fitfam,workout
synthetic_post_0350.jpg,751,22,health,training
synthetic_post_0350.jpg,751,17,health,workout
synthetic_post_0350.jpg,751,42,training,workout
synthetic_post_0351.jpg,880,8,fashion,fitfam
synthetic_post_0351.jpg,880,6,fashion,fitness
synthetic_post_0351.jpg,880,8,fashion,motivation
synthetic_post_0351.jpg,880,22,fashion,streetstyle
synthetic_post_0351.jpg,880,26,fitfam,fitness
synthetic_post_0351.jpg,880,15,fitfam,motivation
synthetic_post_0351.jpg,880,3,fitfam,streetstyle
synthetic_post_0351.jpg,880,26,fitness,motivation
synthetic_post_0351.jpg,880,6,fitness,streetstyle
synthetic_post_0351.jpg,880,6,motivation,streetstyle
synthetic_post_0352.jpg,882,27,artist,drawing
synthetic_post_0352.jpg,882,4,artist,fitness
synthetic_post_0352.jpg,882,26,artist,gallery
synthetic_post_0352.jpg,882,30,artist,illustration
synthetic_post_0352.jpg,882,5,drawing,fitness
synthetic_post_0352.jpg,882,33,drawing,gallery
synthetic_post_0352.jpg,882,24,drawing,illustration
synthetic_post_0352.jpg,882,5,fitness,gallery
synthetic_post_0352.jpg,882,4,fitness,illustration
synthetic_post_0352.jpg,882,28,gallery,illustration
synthetic_post_0353.jpg,909,1,adventure,fitfam
synthetic_post_0353.jpg,909,3,adventure,fitness
synthetic_post_0353.jpg,909,2,adventure,gym
synthetic_post_0353.jpg,909,5,adventure,health
synthetic_post_0353.jpg,909,6,adventure,like4like
synthetic_post_0353.jpg,909,25,adventure,vacation
synthetic_post_0353.jpg,909,26,fitfam,fitness
synthetic_post_0353.jpg,909,15,fitfam,gym
synthetic_post_0353.jpg,909,21,fitfam,health
synthetic_post_0353.jpg,909,5,fitfam,like4like
synthetic_post_0353.jpg,909,3,fitfam,vacation
synthetic_post_0353.jpg,909,24,fitness,gym
synthetic_post_0353.jpg,909,23,fitness,health
synthetic_post_0353.jpg,909,6,fitness,like4like
synthetic_post_0353.jpg,909,2,fitness,vacation
synthetic_post_0353.jpg,909,18,gym,health
synthetic_post_0353.jpg,909,6,gym,like4like
synthetic_post_0353.jpg,909,2,gym,vacation
synthetic_post_0353.jpg,909,6,health,like4like
synthetic_post_0353.jpg,909,2,health,vacation
synthetic_post_0353.jpg,909,4,like4like,vacation
synthetic_post_0354.jpg,637,26,fitfam,fitness
synthetic_post_0354.jpg,637,15,fitfam,gym
synthetic_post_0354.jpg,637,24,fitness,gym
synthetic_post_0355.jpg,853,18,gym,health
synthetic_post_0355.jpg,853,5,gym,tech
synthetic_post_0355.jpg,853,26,gym,training
synthetic_post_0355.jpg,853,24,gym,workout
synthetic_post_0355.jpg,853,4,health,tech
synthetic_post_0355.jpg,853,22,health,training
synthetic_post_0355.jpg,853,17,health,workout
synthetic_post_0355.jpg,853,5,tech,training
synthetic_post_0355.jpg,853,5,tech,workout
synthetic_post_0355.jpg,853,42,training,workout
synthetic_post_0356.jpg,930,3,delicious,fashion
synthetic_post_0356.jpg,930,2,delicious,happy
synthetic_post_0356.jpg,930,26,delicious,homemade
synthetic_post_0356.jpg,930,5,delicious,ootd
synthetic_post_0356.jpg,930,6,fashion,happy
synthetic_post_0356.jpg,930,5,fashion,homemade
synthetic_post_0356.jpg,930,20,fashion,ootd
synthetic_post_0356.jpg,930,4,happy,homemade
synthetic_post_0356.jpg,930,4,happy,ootd
synthetic_post_0356.jpg,930,1,homemade,ootd
synthetic_post_0357.jpg,804,27,beauty,outfit
synthetic_post_0357.jpg,804,7,beauty,startup
synthetic_post_0357.jpg,804,9,outfit,startup
synthetic_post_0358.jpg,846,5,ai,art
synthetic_post_0358.jpg,846,34,ai,developer
synthetic_post_0358.jpg,846,7,ai,drawing
synthetic_post_0358.jpg,846,5,ai,photooftheday
synthetic_post_0358.jpg,846,3,art,developer
synthetic_post_0358.jpg,846,23,art,drawing
synthetic_post_0358.jpg,846,7,art,photooftheday
synthetic_post_0358.jpg,846,5,developer,drawing
synthetic_post_0358.jpg,846,6,developer,photooftheday
synthetic_post_0358.jpg,846,8,drawing,photooftheday
synthetic_post_0359.jpg,599,5,model,photography
synthetic_post_0359.jpg,599,27,model,style
synthetic_post_0359.jpg,599,6,model,wanderlust
synthetic_post_0359.jpg,599,5,photography,style
synthetic_post_0359.jpg,599,30,photography,wanderlust
synthetic_post_0359.jpg,599,3,style,wanderlust
synthetic_post_0360.jpg,940,29,art,design
synthetic_post_0360.jpg,940,24,art,gallery
synthetic_post_0360.jpg,940,7,art,photography
synthetic_post_0360.jpg,940,4,art,wanderlust
synthetic_post_0360.jpg,940,21,design,gallery
synthetic_post_0360.jpg,940,4,design,photography
synthetic_post_0360.jpg,940,9,design,wanderlust
synthetic_post_0360.jpg,940,9,gallery,photography
synthetic_post_0360.jpg,940,8,gallery,wanderlust
synthetic_post_0360.jpg,940,30,photography,wanderlust
synthetic_post_0361.jpg,583,29,art,design
synthetic_post_0361.jpg,583,24,art,gallery
synthetic_post_0361.jpg,583,23,art,illustration
synthetic_post_0361.jpg,583,2,art,love
synthetic_post_0361.jpg,583,21,design,gallery
synthetic_post_0361.jpg,583,23,design,illustration
synthetic_post_0361.jpg,583,3,design,love
synthetic_post_0361.jpg,583,28,gallery,illustration
synthetic_post_0361.jpg,583,2,gallery,love
synthetic_post_0361.jpg,583,3,illustration,love
synthetic_post_0362.jpg,766,4,art,beauty
synthetic_post_0362.jpg,766,10,art,followme
synthetic_post_0362.jpg,766,5,art,model
synthetic_post_0362.jpg,766,9,art,ootd
synthetic_post_0362.jpg,766,2,beauty,followme
synthetic_post_0362.jpg,766,18,beauty,model
synthetic_post_0362.jpg,766,27,beauty,ootd
synthetic_post_0362.jpg,766,3,followme,model
synthetic_post_0362.jpg,766,1,followme,ootd
synthetic_post_0362.jpg,766,20,model,ootd
synthetic_post_0363.jpg,600,25,coding,software
synthetic_post_0364.jpg,750,20,fashion,ootd
synthetic_post_0364.jpg,750,8,fashion,photooftheday
synthetic_post_0364.jpg,750,22,fashion,streetstyle
synthetic_post_0364.jpg,750,29,fashion,style
synthetic_post_0364.jpg,750,6,ootd,photooftheday
synthetic_post_0364.jpg,750,18,ootd,streetstyle
synthetic_post_0364.jpg,750,23,ootd,style
synthetic_post_0364.jpg,750,3,photooftheday,streetstyle
synthetic_post_0364.jpg,750,7,photooftheday,style
synthetic_post_0364.jpg,750,22,streetstyle,style
synthetic_post_0365.jpg,976,26,coding,developer
synthetic_post_0365.jpg,976,4,coding,gym
synthetic_post_0365.jpg,976,2,coding,happy
synthetic_post_0365.jpg,976,4,coding,motivation
synthetic_post_0365.jpg,976,9,developer,gym
synthetic_post_0365.jpg,976,3,developer,happy
synthetic_post_0365.jpg,976,4,developer,motivation
synthetic_post_0365.jpg,976,2,gym,happy
synthetic_post_0365.jpg,976,28,gym,motivation
synthetic_post_0365.jpg,976,5,happy,motivation
synthetic_post_0366.jpg,937,4,coding,health
synthetic_post_0366.jpg,937,21,coding,innovation
synthetic_post_0366.jpg,937,19,coding,startup
synthetic_post_0366.jpg,937,4,health,innovation
synthetic_post_0366.jpg,937,5,health,startup
synthetic_post_0366.jpg,937,28,innovation,startup
synthetic_post_0367.jpg,558,3,art,coding
synthetic_post_0367.jpg,558,22,art,creative
synthetic_post_0367.jpg,558,4,art,instagood
synthetic_post_0367.jpg,558,2,coding,creative
synthetic_post_0367.jpg,558,7,coding,instagood
synthetic_post_0367.jpg,558,4,creative,instagood
synthetic_post_0368.jpg,643,25,chef,foodporn
synthetic_post_0368.jpg,643,2,chef,life
synthetic_post_0368.jpg,643,2,foodporn,life
synthetic_post_0369.jpg,1137,33,drawing,gallery
synthetic_post_0369.jpg,1137,3,drawing,like4like
synthetic_post_0369.jpg,1137,2,drawing,nature
synthetic_post_0369.jpg,1137,8,drawing,photography
synthetic_post_0369.jpg,1137,11,drawing,wanderlust
synthetic_post_0369.jpg,1137,7,gallery,like4like
synthetic_post_0369.jpg,1137,6,gallery,nature
synthetic_post_0369.jpg,1137,9,gallery,photography
synthetic_post_0369.jpg,1137,8,gallery,wanderlust
synthetic_post_0369.jpg,1137,3,like4like,nature
synthetic_post_0369.jpg,1137,4,like4like,photography
synthetic_post_0369.jpg,1137,8,like4like,wanderlust
synthetic_post_0369.jpg,1137,21,nature,photography
synthetic_post_0369.jpg,1137,21,nature,wanderlust
synthetic_post_0369.jpg,1137,30,photography,wanderlust
synthetic_post_0370.jpg,609,22,adventure,explore
synthetic_post_0370.jpg,609,4,adventure,model
synthetic_post_0370.jpg,609,4,explore,model
synthetic_post_0371.jpg,1409,5,fashion,followme
synthetic_post_0371.jpg,1409,5,fashion,homemade
synthetic_post_0371.jpg,1409,2,fashion,instafood
synthetic_post_0371.jpg,1409,26,fashion,outfit
synthetic_post_0371.jpg,1409,22,fashion,streetstyle
synthetic_post_0371.jpg,1409,6,followme,homemade
synthetic_post_0371.jpg,1409,3,followme,instafood
synthetic_post_0371.jpg,1409,7,followme,outfit
synthetic_post_0371.jpg,1409,3,followme,streetstyle
synthetic_post_0371.jpg,1409,27,homemade,instafood
synthetic_post_0371.jpg,1409,6,homemade,outfit
synthetic_post_0371.jpg,1409,5,homemade,streetstyle
synthetic_post_0371.jpg,1409,7,instafood,outfit
synthetic_post_0371.jpg,1409,5,instafood,streetstyle
synthetic_post_0371.jpg,1409,26,outfit,streetstyle
synthetic_post_0372.jpg,882,3,beauty,photography
synthetic_post_0372.jpg,882,17,beauty,streetstyle
synthetic_post_0372.jpg,882,5,beauty,travel
synthetic_post_0372.jpg,882,2,photography,streetstyle
synthetic_post_0372.jpg,882,25,photography,travel
synthetic_post_0372.jpg,882,3,streetstyle,travel
synthetic_post_0373.jpg,536,4,fitfam,model
synthetic_post_0373.jpg,536,25,fitfam,workout
synthetic_post_0373.jpg,536,7,model,workout
synthetic_post_0374.jpg,859,5,ai,art
synthetic_post_0374.jpg,859,12,ai,artist
synthetic_post_0374.jpg,859,25,ai,coding
synthetic_post_0374.jpg,859,34,ai,developer
synthetic_post_0374.jpg,859,25,ai,innovation
synthetic_post_0374.jpg,859,17,art,artist
synthetic_post_0374.jpg,859,3,art,coding
synthetic_post_0374.jpg,859,3,art,developer
synthetic_post_0374.jpg,859,3,art,innovation
synthetic_post_0374.jpg,859,6,artist,coding
synthetic_post_0374.jpg,859,6,artist,developer
synthetic_post_0374.jpg,859,6,artist,innovation
synthetic_post_0374.jpg,859,26,coding,developer
synthetic_post_0374.jpg,859,21,coding,innovation
synthetic_post_0374.jpg,859,26,developer,innovation
synthetic_post_0375.jpg,1086,22,adventure,explore
synthetic_post_0375.jpg,1086,27,adventure,photography
synthetic_post_0375.jpg,1086,26,adventure,travel
synthetic_post_0375.jpg,1086,15,explore,photography
synthetic_post_0375.jpg,1086,30,explore,travel
synthetic_post_0375.jpg,1086,25,photography,travel
synthetic_post_0376.jpg,867,18,chef,delicious
synthetic_post_0376.jpg,867,25,chef,foodporn
synthetic_post_0376.jpg,867,6,chef,gym
synthetic_post_0376.jpg,867,25,chef,homemade
synthetic_post_0376.jpg,867,20,delicious,foodporn
synthetic_post_0376.jpg,867,4,delicious,gym
synthetic_post_0376.jpg,867,26,delicious,homemade
synthetic_post_0376.jpg,867,5,foodporn,gym
synthetic_post_0376.jpg,867,25,foodporn,homemade
synthetic_post_0376.jpg,867,2,gym,homemade
synthetic_post_0377.jpg,905,3,foodie,nature
synthetic_post_0377.jpg,905,6,foodie,travel
synthetic_post_0377.jpg,905,23,foodie,yummy
synthetic_post_0377.jpg,905,27,nature,travel
synthetic_post_0377.jpg,905,4,nature,yummy
synthetic_post_0377.jpg,905,11,travel,yummy
synthetic_post_0378.jpg,543,12,fashion,life
synthetic_post_0378.jpg,543,23,fashion,model
synthetic_post_0378.jpg,543,22,fashion,streetstyle
synthetic_post_0378.jpg,543,5,life,model
synthetic_post_0378.jpg,543,6,life,streetstyle
synthetic_post_0378.jpg,543,22,model,streetstyle
synthetic_post_0379.jpg,687,7,foodie,happy
synthetic_post_0379.jpg,687,28,foodie,instafood
synthetic_post_0379.jpg,687,3,foodie,nature
synthetic_post_0379.jpg,687,7,foodie,photography
synthetic_post_0379.jpg,687,5,happy,instafood
synthetic_post_0379.jpg,687,4,happy,nature
synthetic_post_0379.jpg,687,4,happy,photography
synthetic_post_0379.jpg,687,5,instafood,nature
synthetic_post_0379.jpg,687,5,instafood,photography
synthetic_post_0379.jpg,687,21,nature,photography
synthetic_post_0380.jpg,779,22,adventure,explore
synthetic_post_0380.jpg,779,7,adventure,happy
synthetic_post_0380.jpg,779,5,adventure,health
synthetic_post_0380.jpg,779,3,adventure,training
synthetic_post_0380.jpg,779,26,adventure,travel
synthetic_post_0380.jpg,779,5,explore,happy
synthetic_post_0380.jpg,779,6,explore,health
synthetic_post_0380.jpg,779,5,explore,training
synthetic_post_0380.jpg,779,30,explore,travel
synthetic_post_0380.jpg,779,5,happy,health
synthetic_post_0380.jpg,779,6,happy,training
synthetic_post_0380.jpg,779,5,happy,travel
synthetic_post_0380.jpg,779,22,health,training
synthetic_post_0380.jpg,779,7,health,travel
synthetic_post_0380.jpg,779,5,training,travel
synthetic_post_0381.jpg,737,28,delicious,foodie
synthetic_post_0381.jpg,737,5,delicious,illustration
synthetic_post_0381.jpg,737,7,foodie,illustration
synthetic_post_0382.jpg,661,25,ai,coding
synthetic_post_0382.jpg,661,3,ai,fitfam
synthetic_post_0382.jpg,661,4,ai,gym
synthetic_post_0382.jpg,661,3,ai,health
synthetic_post_0382.jpg,661,4,ai,workout
synthetic_post_0382.jpg,661,7,coding,fitfam
synthetic_post_0382.jpg,661,4,coding,gym
synthetic_post_0382.jpg,661,4,coding,health
synthetic_post_0382.jpg,661,5,coding,workout
synthetic_post_0382.jpg,661,15,fitfam,gym
synthetic_post_0382.jpg,661,21,fitfam,health
synthetic_post_0382.jpg,661,25,fitfam,workout
synthetic_post_0382.jpg,661,18,gym,health
synthetic_post_0382.jpg,661,24,gym,workout
synthetic_post_0382.jpg,661,17,health,workout
synthetic_post_0383.jpg,1032,24,artist,design
synthetic_post_0383.jpg,1032,8,artist,explore
synthetic_post_0383.jpg,1032,26,artist,gallery
synthetic_post_0383.jpg,1032,30,artist,illustration
synthetic_post_0383.jpg,1032,4,artist,like4like
synthetic_post_0383.jpg,1032,6,artist,travel
synthetic_post_0383.jpg,1032,6,design,explore
synthetic_post_0383.jpg,1032,21,design,gallery
synthetic_post_0383.jpg,1032,23,design,illustration
synthetic_post_0383.jpg,1032,5,design,like4like
synthetic_post_0383.jpg,1032,4,design,travel
synthetic_post_0383.jpg,1032,6,explore,gallery
synthetic_post_0383.jpg,1032,5,explore,illustration
synthetic_post_0383.jpg,1032,5,explore,like4like
synthetic_post_0383.jpg,1032,30,explore,travel
synthetic_post_0383.jpg,1032,28,gallery,illustration
synthetic_post_0383.jpg,1032,7,gallery,like4like
synthetic_post_0383.jpg,1032,6,gallery,travel
synthetic_post_0383.jpg,1032,3,illustration,like4like
synthetic_post_0383.jpg,1032,3,illustration,travel
synthetic_post_0383.jpg,1032,6,like4like,travel
synthetic_post_0384.jpg,720,23,fitness,health
synthetic_post_0384.jpg,720,30,fitness,training
synthetic_post_0384.jpg,720,21,fitness,workout
synthetic_post_0384.jpg,720,22,health,training
synthetic_post_0384.jpg,720,17,health,workout
synthetic_post_0384.jpg,720,42,training,workout
synthetic_post_0385.jpg,980,17,art,artist
synthetic_post_0385.jpg,980,24,art,gallery
synthetic_post_0385.jpg,980,5,art,model
synthetic_post_0385.jpg,980,2,art,style
synthetic_post_0385.jpg,980,26,artist,gallery
synthetic_post_0385.jpg,980,6,artist,model
synthetic_post_0385.jpg,980,2,artist,style
synthetic_post_0385.jpg,980,6,gallery,model
synthetic_post_0385.jpg,980,5,gallery,style
synthetic_post_0385.jpg,980,27,model,style
synthetic_post_0386.jpg,1071,5,developer,illustration
synthetic_post_0386.jpg,1071,26,developer,innovation
synthetic_post_0386.jpg,1071,17,developer,startup
synthetic_post_0386.jpg,1071,26,developer,tech
synthetic_post_0386.jpg,1071,4,illustration,innovation
synthetic_post_0386.jpg,1071,4,illustration,startup
synthetic_post_0386.jpg,1071,2,illustration,tech
synthetic_post_0386.jpg,1071,28,innovation,startup
synthetic_post_0386.jpg,1071,26,innovation,tech
synthetic_post_0386.jpg,1071,28,startup,tech
synthetic_post_0387.jpg,825,4,coding,gallery
synthetic_post_0387.jpg,825,3,coding,illustration
synthetic_post_0387.jpg,825,7,coding,like4like
synthetic_post_0387.jpg,825,19,coding,startup
synthetic_post_0387.jpg,825,28,gallery,illustration
synthetic_post_0387.jpg,825,7,gallery,like4like
synthetic_post_0387.jpg,825,5,gallery,startup
synthetic_post_0387.jpg,825,3,illustration,like4like
synthetic_post_0387.jpg,825,4,illustration,startup
synthetic_post_0387.jpg,825,10,like4like,startup
synthetic_post_0388.jpg,1150,6,chef,fitness
synthetic_post_0388.jpg,1150,25,chef,foodporn
synthetic_post_0388.jpg,1150,6,chef,gym
synthetic_post_0388.jpg,1150,23,chef,instafood
synthetic_post_0388.jpg,1150,4,chef,love
synthetic_post_0388.jpg,1150,5,fitness,foodporn
synthetic_post_0388.jpg,1150,24,fitness,gym
synthetic_post_0388.jpg,1150,7,fitness,instafood
synthetic_post_0388.jpg,1150,2,fitness,love
synthetic_post_0388.jpg,1150,5,foodporn,gym
synthetic_post_0388.jpg,1150,27,foodporn,instafood
synthetic_post_0388.jpg,1150,4,foodporn,love
synthetic_post_0388.jpg,1150,4,gym,instafood
synthetic_post_0388.jpg,1150,3,gym,love
synthetic_post_0388.jpg,1150,6,instafood,love
synthetic_post_0389.jpg,759,26,delicious,homemade
synthetic_post_0389.jpg,759,4,delicious,photooftheday
synthetic_post_0389.jpg,759,20,delicious,yummy
synthetic_post_0389.jpg,759,4,homemade,photooftheday
synthetic_post_0389.jpg,759,20,homemade,yummy
synthetic_post_0389.jpg,759,6,photooftheday,yummy
synthetic_post_0390.jpg,546,9,beauty,creative
synthetic_post_0390.jpg,546,20,beauty,fashion
synthetic_post_0390.jpg,546,18,beauty,model
synthetic_post_0390.jpg,546,27,beauty,ootd
synthetic_post_0390.jpg,546,10,creative,fashion
synthetic_post_0390.jpg,546,5,creative,model
synthetic_post_0390.jpg,546,10,creative,ootd
synthetic_post_0390.jpg,546,23,fashion,model
synthetic_post_0390.jpg,546,20,fashion,ootd
synthetic_post_0390.jpg,546,20,model,ootd
synthetic_post_0391.jpg,729,5,chef,training
synthetic_post_0391.jpg,729,5,chef,workout
synthetic_post_0391.jpg,729,22,chef,yummy
synthetic_post_0391.jpg,729,42,training,workout
synthetic_post_0391.jpg,729,6,training,yummy
synthetic_post_0391.jpg,729,4,workout,yummy
synthetic_post_0392.jpg,1034,5,explore,homemade
synthetic_post_0392.jpg,1034,25,explore,nature
synthetic_post_0392.jpg,1034,15,explore,photography
synthetic_post_0392.jpg,1034,22,explore,vacation
synthetic_post_0392.jpg,1034,3,homemade,nature
synthetic_post_0392.jpg,1034,2,homemade,photography
synthetic_post_0392.jpg,1034,7,homemade,vacation
synthetic_post_0392.jpg,1034,21,nature,photography
synthetic_post_0392.jpg,1034,22,nature,vacation
synthetic_post_0392.jpg,1034,20,photography,vacation
synthetic_post_0393.jpg,790,3,fashion,love
synthetic_post_0393.jpg,790,26,fashion,outfit
synthetic_post_0393.jpg,790,6,fashion,travel
synthetic_post_0393.jpg,790,8,love,outfit
synthetic_post_0393.jpg,790,6,love,travel
synthetic_post_0393.jpg,790,1,outfit,travel
synthetic_post_0394.jpg,1212,3,art,chef
synthetic_post_0394.jpg,1212,4,art,delicious
synthetic_post_0394.jpg,1212,4,art,foodie
synthetic_post_0394.jpg,1212,3,art,yummy
synthetic_post_0394.jpg,1212,18,chef,delicious
synthetic_post_0394.jpg,1212,32,chef,foodie
synthetic_post_0394.jpg,1212,22,chef,yummy
synthetic_post_0394.jpg,1212,28,delicious,foodie
synthetic_post_0394.jpg,1212,20,delicious,yummy
synthetic_post_0394.jpg,1212,23,foodie,yummy
synthetic_post_0395.jpg,1042,25,chef,foodporn
synthetic_post_0395.jpg,1042,23,chef,instafood
synthetic_post_0395.jpg,1042,22,chef,yummy
synthetic_post_0395.jpg,1042,27,foodporn,instafood
synthetic_post_0395.jpg,1042,25,foodporn,yummy
synthetic_post_0395.jpg,1042,18,instafood,yummy
synthetic_post_0396.jpg,856,3,beauty,explore
synthetic_post_0396.jpg,856,27,beauty,outfit
synthetic_post_0396.jpg,856,25,beauty,style
synthetic_post_0396.jpg,856,9,beauty,vacation
synthetic_post_0396.jpg,856,1,explore,outfit
synthetic_post_0396.jpg,856,2,explore,style
synthetic_post_0396.jpg,856,22,explore,vacation
synthetic_post_0396.jpg,856,33,outfit,style
synthetic_post_0396.jpg,856,7,outfit,vacation
synthetic_post_0396.jpg,856,5,style,vacation
synthetic_post_0397.jpg,987,21,fitfam,health
synthetic_post_0397.jpg,987,3,fitfam,instagood
synthetic_post_0397.jpg,987,5,fitfam,startup
synthetic_post_0397.jpg,987,26,fitfam,training
synthetic_post_0397.jpg,987,4,health,instagood
synthetic_post_0397.jpg,987,5,health,startup
synthetic_post_0397.jpg,987,22,health,training
synthetic_post_0397.jpg,987,10,instagood,startup
synthetic_post_0397.jpg,987,4,instagood,training
synthetic_post_0397.jpg,987,7,startup,training
synthetic_post_0398.jpg,1198,3,coding,fitness
synthetic_post_0398.jpg,1198,4,coding,health
synthetic_post_0398.jpg,1198,21,coding,innovation
synthetic_post_0398.jpg,1198,25,coding,software
synthetic_post_0398.jpg,1198,23,coding,tech
synthetic_post_0398.jpg,1198,23,fitness,health
synthetic_post_0398.jpg,1198,4,fitness,innovation
synthetic_post_0398.jpg,1198,6,fitness,software
synthetic_post_0398.jpg,1198,5,fitness,tech
synthetic_post_0398.jpg,1198,4,health,innovation
synthetic_post_0398.jpg,1198,3,health,software
synthetic_post_0398.jpg,1198,4,health,tech
synthetic_post_0398.jpg,1198,25,innovation,software
synthetic_post_0398.jpg,1198,26,innovation,tech
synthetic_post_0398.jpg,1198,26,software,tech
synthetic_post_0399.jpg,1145,34,ai,developer
synthetic_post_0399.jpg,1145,12,ai,instagood
synthetic_post_0399.jpg,1145,7,ai,photography
synthetic_post_0399.jpg,1145,24,ai,software
synthetic_post_0399.jpg,1145,20,ai,startup
synthetic_post_0399.jpg,1145,5,ai,vacation
synthetic_post_0399.jpg,1145,8,developer,instagood
synthetic_post_0399.jpg,1145,9,developer,photography
synthetic_post_0399.jpg,1145,28,developer,software
synthetic_post_0399.jpg,1145,17,developer,startup
synthetic_post_0399.jpg,1145,4,developer,vacation
synthetic_post_0399.jpg,1145,4,instagood,photography
synthetic_post_0399.jpg,1145,6,instagood,software
synthetic_post_0399.jpg,1145,10,instagood,startup
synthetic_post_0399.jpg,1145,3,instagood,vacation
synthetic_post_0399.jpg,1145,7,photography,software
synthetic_post_0399.jpg,1145,4,photography,startup
synthetic_post_0399.jpg,1145,20,photography,vacation
synthetic_post_0399.jpg,1145,25,software,startup
synthetic_post_0399.jpg,1145,3,software,vacation
synthetic_post_0399.jpg,1145,3,startup,vacation
synthetic_post_0400.jpg,1182,4,happy,innovation
synthetic_post_0400.jpg,1182,10,happy,model
synthetic_post_0400.jpg,1182,4,happy,ootd
synthetic_post_0400.jpg,1182,2,happy,outfit
synthetic_post_0400.jpg,1182,4,happy,startup
synthetic_post_0400.jpg,1182,7,happy,style
synthetic_post_0400.jpg,1182,3,innovation,model
synthetic_post_0400.jpg,1182,5,innovation,ootd
synthetic_post_0400.jpg,1182,8,innovation,outfit
synthetic_post_0400.jpg,1182,28,innovation,startup
synthetic_post_0400.jpg,1182,8,innovation,style
synthetic_post_0400.jpg,1182,20,model,ootd
synthetic_post_0400.jpg,1182,23,model,outfit
synthetic_post_0400.jpg,1182,3,model,startup
synthetic_post_0400.jpg,1182,27,model,style
synthetic_post_0400.jpg,1182,22,ootd,outfit
synthetic_post_0400.jpg,1182,7,ootd,startup
synthetic_post_0400.jpg,1182,23,ootd,style
synthetic_post_0400.jpg,1182,9,outfit,startup
synthetic_post_0400.jpg,1182,33,outfit,style
synthetic_post_0400.jpg,1182,11,startup,style
synthetic_post_0401.jpg,1091,1,explore,love
synthetic_post_0401.jpg,1091,25,explore,nature
synthetic_post_0401.jpg,1091,5,explore,training
synthetic_post_0401.jpg,1091,30,explore,travel
synthetic_post_0401.jpg,1091,22,explore,vacation
synthetic_post_0401.jpg,1091,2,love,nature
synthetic_post_0401.jpg,1091,2,love,training
synthetic_post_0401.jpg,1091,6,love,travel
synthetic_post_0401.jpg,1091,5,love,vacation
synthetic_post_0401.jpg,1091,4,nature,training
synthetic_post_0401.jpg,1091,27,nature,travel
synthetic_post_0401.jpg,1091,22,nature,vacation
synthetic_post_0401.jpg,1091,5,training,travel
synthetic_post_0401.jpg,1091,2,training,vacation
synthetic_post_0401.jpg,1091,23,travel,vacation
synthetic_post_0402.jpg,686,7,coding,model
synthetic_post_0402.jpg,686,25,coding,software
synthetic_post_0402.jpg,686,6,coding,style
synthetic_post_0402.jpg,686,4,model,software
synthetic_post_0402.jpg,686,27,model,style
synthetic_post_0402.jpg,686,12,software,style
synthetic_post_0403.jpg,573,23,design,drawing
synthetic_post_0403.jpg,573,4,design,photography
synthetic_post_0403.jpg,573,9,design,wanderlust
synthetic_post_0403.jpg,573,8,drawing,photography
synthetic_post_0403.jpg,573,11,drawing,wanderlust
synthetic_post_0403.jpg,573,30,photography,wanderlust
synthetic_post_0404.jpg,867,7,coding,model
synthetic_post_0404.jpg,867,5,coding,outfit
synthetic_post_0404.jpg,867,25,coding,software
synthetic_post_0404.jpg,867,4,coding,streetstyle
synthetic_post_0404.jpg,867,23,model,outfit
synthetic_post_0404.jpg,867,4,model,software
synthetic_post_0404.jpg,867,22,model,streetstyle
synthetic_post_0404.jpg,867,8,outfit,software
synthetic_post_0404.jpg,867,26,outfit,streetstyle
synthetic_post_0404.jpg,867,5,software,streetstyle
synthetic_post_0405.jpg,816,5,happy,motivation
synthetic_post_0405.jpg,816,4,happy,startup
synthetic_post_0405.jpg,816,5,happy,tech
synthetic_post_0405.jpg,816,5,happy,workout
synthetic_post_0405.jpg,816,4,motivation,startup
synthetic_post_0405.jpg,816,2,motivation,tech
synthetic_post_0405.jpg,816,27,motivation,workout
synthetic_post_0405.jpg,816,28,startup,tech
synthetic_post_0405.jpg,816,8,startup,workout
synthetic_post_0405.jpg,816,5,tech,workout
synthetic_post_0406.jpg,723,25,ai,coding
synthetic_post_0407.jpg,976,20,adventure,nature
synthetic_post_0407.jpg,976,4,adventure,ootd
synthetic_post_0407.jpg,976,4,adventure,outfit
synthetic_post_0407.jpg,976,25,adventure,vacation
synthetic_post_0407.jpg,976,4,nature,ootd
synthetic_post_0407.jpg,976,6,nature,outfit
synthetic_post_0407.jpg,976,22,nature,vacation
synthetic_post_0407.jpg,976,22,ootd,outfit
synthetic_post_0407.jpg,976,3,ootd,vacation
synthetic_post_0407.jpg,976,7,outfit,vacation
synthetic_post_0408.jpg,862,17,art,artist
synthetic_post_0408.jpg,862,22,art,creative
synthetic_post_0408.jpg,862,23,art,illustration
synthetic_post_0408.jpg,862,9,art,ootd
synthetic_post_0408.jpg,862,30,artist,creative
synthetic_post_0408.jpg,862,30,artist,illustration
synthetic_post_0408.jpg,862,4,artist,ootd
synthetic_post_0408.jpg,862,21,creative,illustration
synthetic_post_0408.jpg,862,10,creative,ootd
synthetic_post_0408.jpg,862,5,illustration,ootd
synthetic_post_0409.jpg,700,26,fitness,motivation
synthetic_post_0410.jpg,873,6,beauty,delicious
synthetic_post_0410.jpg,873,20,beauty,fashion
synthetic_post_0410.jpg,873,18,beauty,model
synthetic_post_0410.jpg,873,27,beauty,ootd
synthetic_post_0410.jpg,873,3,delicious,fashion
synthetic_post_0410.jpg,873,5,delicious,model
synthetic_post_0410.jpg,873,5,delicious,ootd
synthetic_post_0410.jpg,873,23,fashion,model
synthetic_post_0410.jpg,873,20,fashion,ootd
synthetic_post_0410.jpg,873,20,model,ootd
synthetic_post_0411.jpg,1274,32,chef,foodie
synthetic_post_0411.jpg,1274,4,chef,happy
synthetic_post_0411.jpg,1274,25,chef,homemade
synthetic_post_0411.jpg,1274,23,chef,instafood
synthetic_post_0411.jpg,1274,4,chef,tech
synthetic_post_0411.jpg,1274,7,foodie,happy
synthetic_post_0411.jpg,1274,19,foodie,homemade
synthetic_post_0411.jpg,1274,28,foodie,instafood
synthetic_post_0411.jpg,1274,5,foodie,tech
synthetic_post_0411.jpg,1274,4,happy,homemade
synthetic_post_0411.jpg,1274,5,happy,instafood
synthetic_post_0411.jpg,1274,5,happy,tech
synthetic_post_0411.jpg,1274,27,homemade,instafood
synthetic_post_0411.jpg,1274,4,homemade,tech
synthetic_post_0411.jpg,1274,3,instafood,tech
synthetic_post_0412.jpg,674,26,outfit,streetstyle
synthetic_post_0412.jpg,674,6,outfit,workout
synthetic_post_0412.jpg,674,5,streetstyle,workout
synthetic_post_0413.jpg,960,23,creative,drawing
synthetic_post_0413.jpg,960,21,creative,illustration
synthetic_post_0413.jpg,960,5,creative,training
synthetic_post_0413.jpg,960,5,creative,workout
synthetic_post_0413.jpg,960,24,drawing,illustration
synthetic_post_0413.jpg,960,5,drawing,training
synthetic_post_0413.jpg,960,5,drawing,workout
synthetic_post_0413.jpg,960,4,illustration,training
synthetic_post_0413.jpg,960,1,illustration,workout
synthetic_post_0413.jpg,960,42,training,workout
synthetic_post_0414.jpg,472,21,creative,illustration
synthetic_post_0414.jpg,472,5,creative,love
synthetic_post_0414.jpg,472,3,illustration,love
synthetic_post_0415.jpg,937,2,delicious,fitness
synthetic_post_0415.jpg,937,4,delicious,gym
synthetic_post_0415.jpg,937,6,delicious,life
synthetic_post_0415.jpg,937,2,delicious,training
synthetic_post_0415.jpg,937,1,delicious,workout
synthetic_post_0415.jpg,937,24,fitness,gym
synthetic_post_0415.jpg,937,6,fitness,life
synthetic_post_0415.jpg,937,30,fitness,training
synthetic_post_0415.jpg,937,21,fitness,workout
synthetic_post_0415.jpg,937,7,gym,life
synthetic_post_0415.jpg,937,26,gym,training
synthetic_post_0415.jpg,937,24,gym,workout
synthetic_post_0415.jpg,937,10,life,training
synthetic_post_0415.jpg,937,7,life,workout
synthetic_post_0415.jpg,937,42,training,workout
synthetic_post_0416.jpg,968,17,art,artist
synthetic_post_0416.jpg,968,23,art,drawing
synthetic_post_0416.jpg,968,24,art,gallery
synthetic_post_0416.jpg,968,5,art,happy
synthetic_post_0416.jpg,968,27,artist,drawing
synthetic_post_0416.jpg,968,26,artist,gallery
synthetic_post_0416.jpg,968,7,artist,happy
synthetic_post_0416.jpg,968,33,drawing,gallery
synthetic_post_0416.jpg,968,5,drawing,happy
synthetic_post_0416.jpg,968,4,gallery,happy
synthetic_post_0417.jpg,1011,1,chef,explore
synthetic_post_0417.jpg,1011,32,chef,foodie
synthetic_post_0417.jpg,1011,6,chef,like4like
synthetic_post_0417.jpg,1011,4,chef,travel
synthetic_post_0417.jpg,1011,22,chef,yummy
synthetic_post_0417.jpg,1011,2,explore,foodie
synthetic_post_0417.jpg,1011,5,explore,like4like
synthetic_post_0417.jpg,1011,30,explore,travel
synthetic_post_0417.jpg,1011,6,explore,yummy
synthetic_post_0417.jpg,1011,8,foodie,like4like
synthetic_post_0417.jpg,1011,6,foodie,travel
synthetic_post_0417.jpg,1011,23,foodie,yummy
synthetic_post_0417.jpg,1011,6,like4like,travel
synthetic_post_0417.jpg,1011,4,like4like,yummy
synthetic_post_0417.jpg,1011,11,travel,yummy
synthetic_post_0418.jpg,882,2,artist,delicious
synthetic_post_0418.jpg,882,2,artist,foodie
synthetic_post_0418.jpg,882,2,artist,foodporn
synthetic_post_0418.jpg,882,30,artist,illustration
synthetic_post_0418.jpg,882,28,delicious,foodie
synthetic_post_0418.jpg,882,20,delicious,foodporn
synthetic_post_0418.jpg,882,5,delicious,illustration
synthetic_post_0418.jpg,882,26,foodie,foodporn
synthetic_post_0418.jpg,882,7,foodie,illustration
synthetic_post_0418.jpg,882,7,foodporn,illustration
synthetic_post_0419.jpg,1013,6,fashion,instagood
synthetic_post_0419.jpg,1013,23,fashion,model
synthetic_post_0419.jpg,1013,6,fashion,photography
synthetic_post_0419.jpg,1013,29,fashion,style
synthetic_post_0419.jpg,1013,6,instagood,model
synthetic_post_0419.jpg,1013,4,instagood,photography
synthetic_post_0419.jpg,1013,3,instagood,style
synthetic_post_0419.jpg,1013,5,model,photography
synthetic_post_0419.jpg,1013,27,model,style
synthetic_post_0419.jpg,1013,5,photography,style
synthetic_post_0420.jpg,808,5,design,streetstyle
synthetic_post_0420.jpg,808,3,design,style
synthetic_post_0420.jpg,808,22,streetstyle,style
synthetic_post_0421.jpg,878,6,explore,gallery
synthetic_post_0421.jpg,878,25,explore,nature
synthetic_post_0421.jpg,878,15,explore,photography
synthetic_post_0421.jpg,878,30,explore,travel
synthetic_post_0421.jpg,878,6,gallery,nature
synthetic_post_0421.jpg,878,9,gallery,photography
synthetic_post_0421.jpg,878,6,gallery,travel
synthetic_post_0421.jpg,878,21,nature,photography
synthetic_post_0421.jpg,878,27,nature,travel
synthetic_post_0421.jpg,878,25,photography,travel
synthetic_post_0422.jpg,814,4,drawing,fashion
synthetic_post_0422.jpg,814,33,drawing,gallery
synthetic_post_0422.jpg,814,3,drawing,outfit
synthetic_post_0422.jpg,814,6,fashion,gallery
synthetic_post_0422.jpg,814,26,fashion,outfit
synthetic_post_0422.jpg,814,2,gallery,outfit
synthetic_post_0423.jpg,483,17,beauty,streetstyle
synthetic_post_0424.jpg,642,26,fitfam,fitness
synthetic_post_0424.jpg,642,4,fitfam,gallery
synthetic_post_0424.jpg,642,5,fitness,gallery
synthetic_post_0425.jpg,828,29,art,design
synthetic_post_0425.jpg,828,23,art,drawing
synthetic_post_0425.jpg,828,6,art,foodporn
synthetic_post_0425.jpg,828,23,design,drawing
synthetic_post_0425.jpg,828,5,design,foodporn
synthetic_post_0425.jpg,828,8,drawing,foodporn
synthetic_post_0426.jpg,1326,4,ai,foodie
synthetic_post_0426.jpg,1326,25,ai,innovation
synthetic_post_0426.jpg,1326,24,ai,software
synthetic_post_0426.jpg,1326,27,ai,tech
synthetic_post_0426.jpg,1326,4,foodie,innovation
synthetic_post_0426.jpg,1326,5,foodie,software
synthetic_post_0426.jpg,1326,5,foodie,tech
synthetic_post_0426.jpg,1326,25,innovation,software
synthetic_post_0426.jpg,1326,26,innovation,tech
synthetic_post_0426.jpg,1326,26,software,tech
synthetic_post_0427.jpg,854,32,chef,foodie
synthetic_post_0427.jpg,854,6,chef,gym
synthetic_post_0427.jpg,854,3,chef,health
synthetic_post_0427.jpg,854,6,chef,like4like
synthetic_post_0427.jpg,854,3,foodie,gym
synthetic_post_0427.jpg,854,5,foodie,health
synthetic_post_0427.jpg,854,8,foodie,like4like
synthetic_post_0427.jpg,854,18,gym,health
synthetic_post_0427.jpg,854,6,gym,like4like
synthetic_post_0427.jpg,854,6,health,like4like
synthetic_post_0428.jpg,1431,28,delicious,foodie
synthetic_post_0428.jpg,1431,20,delicious,foodporn
synthetic_post_0428.jpg,1431,3,delicious,love
synthetic_post_0428.jpg,1431,4,delicious,travel
synthetic_post_0428.jpg,1431,5,delicious,vacation
synthetic_post_0428.jpg,1431,20,delicious,yummy
synthetic_post_0428.jpg,1431,26,foodie,foodporn
synthetic_post_0428.jpg,1431,6,foodie,love
synthetic_post_0428.jpg,1431,6,foodie,travel
synthetic_post_0428.jpg,1431,9,foodie,vacation
synthetic_post_0428.jpg,1431,23,foodie,yummy
synthetic_post_0428.jpg,1431,4,foodporn,love
synthetic_post_0428.jpg,1431,5,foodporn,travel
synthetic_post_0428.jpg,1431,6,foodporn,vacation
synthetic_post_0428.jpg,1431,25,foodporn,yummy
synthetic_post_0428.jpg,1431,6,love,travel
synthetic_post_0428.jpg,1431,5,love,vacation
synthetic_post_0428.jpg,1431,1,love,yummy
synthetic_post_0428.jpg,1431,23,travel,vacation
synthetic_post_0428.jpg,1431,11,travel,yummy
synthetic_post_0428.jpg,1431,9,vacation,yummy
synthetic_post_0429.jpg,1092,24,artist,design
synthetic_post_0429.jpg,1092,26,artist,gallery
synthetic_post_0429.jpg,1092,7,artist,happy
synthetic_post_0429.jpg,1092,5,artist,health
synthetic_post_0429.jpg,1092,30,artist,illustration
synthetic_post_0429.jpg,1092,21,design,gallery
synthetic_post_0429.jpg,1092,4,design,happy
synthetic_post_0429.jpg,1092,4,design,health
synthetic_post_0429.jpg,1092,23,design,illustration
synthetic_post_0429.jpg,1092,4,gallery,happy
synthetic_post_0429.jpg,1092,5,gallery,health
synthetic_post_0429.jpg,1092,28,gallery,illustration
synthetic_post_0429.jpg,1092,5,happy,health
synthetic_post_0429.jpg,1092,5,happy,illustration
synthetic_post_0429.jpg,1092,3,health,illustration
synthetic_post_0430.jpg,893,28,delicious,foodie
synthetic_post_0430.jpg,893,20,delicious,foodporn
synthetic_post_0430.jpg,893,25,delicious,instafood
synthetic_post_0430.jpg,893,3,delicious,photography
synthetic_post_0430.jpg,893,5,delicious,vacation
synthetic_post_0430.jpg,893,26,foodie,foodporn
synthetic_post_0430.jpg,893,28,foodie,instafood
synthetic_post_0430.jpg,893,7,foodie,photography
synthetic_post_0430.jpg,893,9,foodie,vacation
synthetic_post_0430.jpg,893,27,foodporn,instafood
synthetic_post_0430.jpg,893,3,foodporn,photography
synthetic_post_0430.jpg,893,6,foodporn,vacation
synthetic_post_0430.jpg,893,5,instafood,photography
synthetic_post_0430.jpg,893,8,instafood,vacation
synthetic_post_0430.jpg,893,20,photography,vacation
synthetic_post_0431.jpg,585,18,chef,delicious
synthetic_post_0431.jpg,585,32,chef,foodie
synthetic_post_0431.jpg,585,23,chef,instafood
synthetic_post_0431.jpg,585,3,chef,photooftheday
synthetic_post_0431.jpg,585,28,delicious,foodie
synthetic_post_0431.jpg,585,25,delicious,instafood
synthetic_post_0431.jpg,585,4,delicious,photooftheday
synthetic_post_0431.jpg,585,28,foodie,instafood
synthetic_post_0431.jpg,585,5,foodie,photooftheday
synthetic_post_0431.jpg,585,4,instafood,photooftheday
synthetic_post_0432.jpg,1070,28,delicious,foodie
synthetic_post_0432.jpg,1070,26,delicious,homemade
synthetic_post_0432.jpg,1070,3,delicious,photography
synthetic_post_0432.jpg,1070,19,foodie,homemade
synthetic_post_0432.jpg,1070,7,foodie,photography
synthetic_post_0432.jpg,1070,2,homemade,photography
synthetic_post_0433.jpg,681,25,chef,foodporn
synthetic_post_0433.jpg,681,6,chef,gym
synthetic_post_0433.jpg,681,4,chef,instagood
synthetic_post_0433.jpg,681,6,chef,motivation
synthetic_post_0433.jpg,681,5,foodporn,gym
synthetic_post_0433.jpg,681,5,foodporn,instagood
synthetic_post_0433.jpg,681,5,foodporn,motivation
synthetic_post_0433.jpg,681,5,gym,instagood
synthetic_post_0433.jpg,681,28,gym,motivation
synthetic_post_0433.jpg,681,6,instagood,motivation
synthetic_post_0434.jpg,762,34,ai,developer
synthetic_post_0434.jpg,762,6,ai,outfit
synthetic_post_0434.jpg,762,8,developer,outfit
synthetic_post_0435.jpg,630,30,artist,creative
synthetic_post_0435.jpg,630,7,artist,software
synthetic_post_0435.jpg,630,3,creative,software
synthetic_post_0436.jpg,466,27,ai,tech
synthetic_post_0437.jpg,947,5,creative,delicious
synthetic_post_0437.jpg,947,27,creative,design
synthetic_post_0437.jpg,947,8,delicious,design
synthetic_post_0438.jpg,1134,6,adventure,fashion
synthetic_post_0438.jpg,1134,27,adventure,photography
synthetic_post_0438.jpg,1134,8,adventure,style
synthetic_post_0438.jpg,1134,26,adventure,travel
synthetic_post_0438.jpg,1134,25,adventure,vacation
synthetic_post_0438.jpg,1134,6,fashion,photography
synthetic_post_0438.jpg,1134,29,fashion,style
synthetic_post_0438.jpg,1134,6,fashion,travel
synthetic_post_0438.jpg,1134,4,fashion,vacation
synthetic_post_0438.jpg,1134,5,photography,style
synthetic_post_0438.jpg,1134,25,photography,travel
synthetic_post_0438.jpg,1134,20,photography,vacation
synthetic_post_0438.jpg,1134,6,style,travel
synthetic_post_0438.jpg,1134,5,style,vacation
synthetic_post_0438.jpg,1134,23,travel,vacation
synthetic_post_0439.jpg,768,23,design,drawing
synthetic_post_0439.jpg,768,4,design,photography
synthetic_post_0439.jpg,768,9,design,wanderlust
synthetic_post_0439.jpg,768,8,drawing,photography
synthetic_post_0439.jpg,768,11,drawing,wanderlust
synthetic_post_0439.jpg,768,30,photography,wanderlust
synthetic_post_0440.jpg,903,4,design,fitness
synthetic_post_0440.jpg,903,8,design,motivation
synthetic_post_0440.jpg,903,6,design,training
synthetic_post_0440.jpg,903,26,fitness,motivation
synthetic_post_0440.jpg,903,30,fitness,training
synthetic_post_0440.jpg,903,29,motivation,training
synthetic_post_0441.jpg,1100,3,chef,developer
synthetic_post_0441.jpg,1100,32,chef,foodie
synthetic_post_0441.jpg,1100,4,chef,happy
synthetic_post_0441.jpg,1100,5,chef,software
synthetic_post_0441.jpg,1100,2,chef,startup
synthetic_post_0441.jpg,1100,4,chef,tech
synthetic_post_0441.jpg,1100,3,developer,foodie
synthetic_post_0441.jpg,1100,3,developer,happy
synthetic_post_0441.jpg,1100,28,developer,software
synthetic_post_0441.jpg,1100,17,developer,startup
synthetic_post_0441.jpg,1100,26,developer,tech
synthetic_post_0441.jpg,1100,7,foodie,happy
synthetic_post_0441.jpg,1100,5,foodie,software
synthetic_post_0441.jpg,1100,5,foodie,startup
synthetic_post_0441.jpg,1100,5,foodie,tech
synthetic_post_0441.jpg,1100,3,happy,software
synthetic_post_0441.jpg,1100,4,happy,startup
synthetic_post_0441.jpg,1100,5,happy,tech
synthetic_post_0441.jpg,1100,25,software,startup
synthetic_post_0441.jpg,1100,26,software,tech
synthetic_post_0441.jpg,1100,28,startup,tech
synthetic_post_0442.jpg,821,28,delicious,foodie
synthetic_post_0442.jpg,821,2,delicious,health
synthetic_post_0442.jpg,821,2,delicious,motivation
synthetic_post_0442.jpg,821,5,foodie,health
synthetic_post_0442.jpg,821,10,foodie,motivation
synthetic_post_0442.jpg,821,20,health,motivation
synthetic_post_0443.jpg,944,20,adventure,nature
synthetic_post_0443.jpg,944,3,adventure,training
synthetic_post_0443.jpg,944,4,adventure,workout
synthetic_post_0443.jpg,944,4,nature,training
synthetic_post_0443.jpg,944,4,nature,workout
synthetic_post_0443.jpg,944,42,training,workout
synthetic_post_0444.jpg,357,24,artist,design
synthetic_post_0444.jpg,357,7,artist,happy
synthetic_post_0444.jpg,357,4,design,happy
synthetic_post_0445.jpg,1091,26,artist,gallery
synthetic_post_0445.jpg,1091,30,artist,illustration
synthetic_post_0445.jpg,1091,3,artist,instafood
synthetic_post_0445.jpg,1091,28,gallery,illustration
synthetic_post_0445.jpg,1091,6,gallery,instafood
synthetic_post_0445.jpg,1091,7,illustration,instafood
synthetic_post_0446.jpg,576,30,artist,creative
synthetic_post_0446.jpg,576,4,artist,like4like
synthetic_post_0446.jpg,576,7,creative,like4like
synthetic_post_0447.jpg,1212,12,ai,artist
synthetic_post_0447.jpg,1212,6,ai,illustration
synthetic_post_0447.jpg,1212,25,ai,innovation
synthetic_post_0447.jpg,1212,24,ai,software
synthetic_post_0447.jpg,1212,20,ai,startup
synthetic_post_0447.jpg,1212,30,artist,illustration
synthetic_post_0447.jpg,1212,6,artist,innovation
synthetic_post_0447.jpg,1212,7,artist,software
synthetic_post_0447.jpg,1212,7,artist,startup
synthetic_post_0447.jpg,1212,4,illustration,innovation
synthetic_post_0447.jpg,1212,4,illustration,software
synthetic_post_0447.jpg,1212,4,illustration,startup
synthetic_post_0447.jpg,1212,25,innovation,software
synthetic_post_0447.jpg,1212,28,innovation,startup
synthetic_post_0447.jpg,1212,25,software,startup
synthetic_post_0448.jpg,634,22,adventure,explore
synthetic_post_0448.jpg,634,7,adventure,homemade
synthetic_post_0448.jpg,634,23,adventure,wanderlust
synthetic_post_0448.jpg,634,5,explore,homemade
synthetic_post_0448.jpg,634,25,explore,wanderlust
synthetic_post_0448.jpg,634,6,homemade,wanderlust
synthetic_post_0449.jpg,689,7,coding,fitfam
synthetic_post_0449.jpg,689,25,coding,software
synthetic_post_0449.jpg,689,5,coding,workout
synthetic_post_0449.jpg,689,4,fitfam,software
synthetic_post_0449.jpg,689,25,fitfam,workout
synthetic_post_0449.jpg,689,5,software,workout
synthetic_post_0450.jpg,784,2,chef,coding
synthetic_post_0450.jpg,784,32,chef,foodie
synthetic_post_0450.jpg,784,5,chef,software
synthetic_post_0450.jpg,784,22,chef,yummy
synthetic_post_0450.jpg,784,2,coding,foodie
synthetic_post_0450.jpg,784,25,coding,software
synthetic_post_0450.jpg,784,3,coding,yummy
synthetic_post_0450.jpg,784,5,foodie,software
synthetic_post_0450.jpg,784,23,foodie,yummy
synthetic_post_0450.jpg,784,3,software,yummy
synthetic_post_0451.jpg,730,4,fitness,model
synthetic_post_0451.jpg,730,26,fitness,motivation
synthetic_post_0451.jpg,730,5,fitness,outfit
synthetic_post_0451.jpg,730,6,fitness,streetstyle
synthetic_post_0451.jpg,730,5,fitness,style
synthetic_post_0451.jpg,730,6,model,motivation
synthetic_post_0451.jpg,730,23,model,outfit
synthetic_post_0451.jpg,730,22,model,streetstyle
synthetic_post_0451.jpg,730,27,model,style
synthetic_post_0451.jpg,730,6,motivation,outfit
synthetic_post_0451.jpg,730,6,motivation,streetstyle
synthetic_post_0451.jpg,730,6,motivation,style
synthetic_post_0451.jpg,730,26,outfit,streetstyle
synthetic_post_0451.jpg,730,33,outfit,style
synthetic_post_0451.jpg,730,22,streetstyle,style
synthetic_post_0452.jpg,727,4,fashion,health
synthetic_post_0452.jpg,727,20,fashion,ootd
synthetic_post_0452.jpg,727,3,health,ootd
synthetic_post_0453.jpg,655,34,ai,developer
synthetic_post_0453.jpg,655,12,ai,instagood
synthetic_post_0453.jpg,655,5,ai,model
synthetic_post_0453.jpg,655,8,developer,instagood
synthetic_post_0453.jpg,655,3,developer,model
synthetic_post_0453.jpg,655,6,instagood,model
synthetic_post_0454.jpg,625,9,fitness,happy
synthetic_post_0454.jpg,625,23,fitness,health
synthetic_post_0454.jpg,625,30,fitness,training
synthetic_post_0454.jpg,625,5,happy,health
synthetic_post_0454.jpg,625,6,happy,training
synthetic_post_0454.jpg,625,22,health,training
synthetic_post_0455.jpg,480,7,coding,like4like
synthetic_post_0455.jpg,480,25,coding,software
synthetic_post_0455.jpg,480,5,like4like,software
synthetic_post_0456.jpg,949,24,artist,design
synthetic_post_0456.jpg,949,7,artist,gym
synthetic_post_0456.jpg,949,7,artist,happy
synthetic_post_0456.jpg,949,30,artist,illustration
synthetic_post_0456.jpg,949,5,design,gym
synthetic_post_0456.jpg,949,4,design,happy
synthetic_post_0456.jpg,949,23,design,illustration
synthetic_post_0456.jpg,949,2,gym,happy
synthetic_post_0456.jpg,949,3,gym,illustration
synthetic_post_0456.jpg,949,5,happy,illustration
synthetic_post_0457.jpg,1062,27,foodporn,instafood
synthetic_post_0457.jpg,1062,3,foodporn,photography
synthetic_post_0457.jpg,1062,6,foodporn,vacation
synthetic_post_0457.jpg,1062,5,instafood,photography
synthetic_post_0457.jpg,1062,8,instafood,vacation
synthetic_post_0457.jpg,1062,20,photography,vacation
synthetic_post_0458.jpg,1324,3,explore,fitfam
synthetic_post_0458.jpg,1324,6,explore,health
synthetic_post_0458.jpg,1324,25,explore,nature
synthetic_post_0458.jpg,1324,30,explore,travel
synthetic_post_0458.jpg,1324,21,fitfam,health
synthetic_post_0458.jpg,1324,3,fitfam,nature
synthetic_post_0458.jpg,1324,4,fitfam,travel
synthetic_post_0458.jpg,1324,3,health,nature
synthetic_post_0458.jpg,1324,7,health,travel
synthetic_post_0458.jpg,1324,27,nature,travel
synthetic_post_0459.jpg,871,3,coding,foodporn
synthetic_post_0459.jpg,871,21,coding,innovation
synthetic_post_0459.jpg,871,3,coding,instafood
synthetic_post_0459.jpg,871,3,coding,love
synthetic_post_0459.jpg,871,3,foodporn,innovation
synthetic_post_0459.jpg,871,27,foodporn,instafood
synthetic_post_0459.jpg,871,4,foodporn,love
synthetic_post_0459.jpg,871,5,innovation,instafood
synthetic_post_0459.jpg,871,3,innovation,love
synthetic_post_0459.jpg,871,6,instafood,love
synthetic_post_0460.jpg,605,4,coding,gallery
synthetic_post_0460.jpg,605,7,coding,like4like
synthetic_post_0460.jpg,605,19,coding,startup
synthetic_post_0460.jpg,605,7,gallery,like4like
synthetic_post_0460.jpg,605,5,gallery,startup
synthetic_post_0460.jpg,605,10,like4like,startup
synthetic_post_0461.jpg,829,34,ai,developer
synthetic_post_0461.jpg,829,3,ai,explore
synthetic_post_0461.jpg,829,7,ai,photography
synthetic_post_0461.jpg,829,4,ai,travel
synthetic_post_0461.jpg,829,6,ai,wanderlust
synthetic_post_0461.jpg,829,7,developer,explore
synthetic_post_0461.jpg,829,9,developer,photography
synthetic_post_0461.jpg,829,5,developer,travel
synthetic_post_0461.jpg,829,6,developer,wanderlust
synthetic_post_0461.jpg,829,15,explore,photography
synthetic_post_0461.jpg,829,30,explore,travel
synthetic_post_0461.jpg,829,25,explore,wanderlust
synthetic_post_0461.jpg,829,25,photography,travel
synthetic_post_0461.jpg,829,30,photography,wanderlust
synthetic_post_0461.jpg,829,23,travel,wanderlust
synthetic_post_0462.jpg,765,25,innovation,software
synthetic_post_0462.jpg,765,28,innovation,startup
synthetic_post_0462.jpg,765,26,innovation,tech
synthetic_post_0462.jpg,765,25,software,startup
synthetic_post_0462.jpg,765,26,software,tech
synthetic_post_0462.jpg,765,28,startup,tech
synthetic_post_0463.jpg,566,6,design,followme
synthetic_post_0463.jpg,566,21,design,gallery
synthetic_post_0463.jpg,566,5,design,gym
synthetic_post_0463.jpg,566,8,design,motivation
synthetic_post_0463.jpg,566,7,followme,gallery
synthetic_post_0463.jpg,566,4,followme,gym
synthetic_post_0463.jpg,566,5,followme,motivation
synthetic_post_0463.jpg,566,4,gallery,gym
synthetic_post_0463.jpg,566,5,gallery,motivation
synthetic_post_0463.jpg,566,28,gym,motivation
synthetic_post_0464.jpg,275,20,homemade,yummy
synthetic_post_0465.jpg,456,20,adventure,nature
synthetic_post_0465.jpg,456,4,adventure,photooftheday
synthetic_post_0465.jpg,456,26,adventure,travel
synthetic_post_0465.jpg,456,25,adventure,vacation
synthetic_post_0465.jpg,456,3,nature,photooftheday
synthetic_post_0465.jpg,456,27,nature,travel
synthetic_post_0465.jpg,456,22,nature,vacation
synthetic_post_0465.jpg,456,3,photooftheday,travel
synthetic_post_0465.jpg,456,4,photooftheday,vacation
synthetic_post_0465.jpg,456,23,travel,vacation
synthetic_post_0466.jpg,644,2,developer,followme
synthetic_post_0466.jpg,644,3,developer,foodie
synthetic_post_0466.jpg,644,26,developer,innovation
synthetic_post_0466.jpg,644,3,followme,foodie
synthetic_post_0466.jpg,644,2,followme,innovation
synthetic_post_0466.jpg,644,4,foodie,innovation
synthetic_post_0467.jpg,585,4,instagood,nature
synthetic_post_0467.jpg,585,6,instagood,software
synthetic_post_0467.jpg,585,10,instagood,startup
synthetic_post_0467.jpg,585,3,nature,software
synthetic_post_0467.jpg,585,5,nature,startup
synthetic_post_0467.jpg,585,25,software,startup
synthetic_post_0468.jpg,844,27,artist,drawing
synthetic_post_0468.jpg,844,5,artist,fashion
synthetic_post_0468.jpg,844,30,artist,illustration
synthetic_post_0468.jpg,844,6,artist,model
synthetic_post_0468.jpg,844,6,artist,photooftheday
synthetic_post_0468.jpg,844,4,drawing,fashion
synthetic_post_0468.jpg,844,24,drawing,illustration
synthetic_post_0468.jpg,844,6,drawing,model
synthetic_post_0468.jpg,844,8,drawing,photooftheday
synthetic_post_0468.jpg,844,1,fashion,illustration
synthetic_post_0468.jpg,844,23,fashion,model
synthetic_post_0468.jpg,844,8,fashion,photooftheday
synthetic_post_0468.jpg,844,5,illustration,model
synthetic_post_0468.jpg,844,7,illustration,photooftheday
synthetic_post_0468.jpg,844,4,model,photooftheday
synthetic_post_0469.jpg,1004,2,explore,fitness
synthetic_post_0469.jpg,1004,3,explore,gym
synthetic_post_0469.jpg,1004,6,explore,health
synthetic_post_0469.jpg,1004,22,explore,vacation
synthetic_post_0469.jpg,1004,24,fitness,gym
synthetic_post_0469.jpg,1004,23,fitness,health
synthetic_post_0469.jpg,1004,2,fitness,vacation
synthetic_post_0469.jpg,1004,18,gym,health
synthetic_post_0469.jpg,1004,2,gym,vacation
synthetic_post_0469.jpg,1004,2,health,vacation
synthetic_post_0470.jpg,1035,15,fitfam,gym
synthetic_post_0470.jpg,1035,1,fitfam,love
synthetic_post_0470.jpg,1035,15,fitfam,motivation
synthetic_post_0470.jpg,1035,6,fitfam,ootd
synthetic_post_0470.jpg,1035,7,fitfam,outfit
synthetic_post_0470.jpg,1035,25,fitfam,workout
synthetic_post_0470.jpg,1035,3,gym,love
synthetic_post_0470.jpg,1035,28,gym,motivation
synthetic_post_0470.jpg,1035,6,gym,ootd
synthetic_post_0470.jpg,1035,5,gym,outfit
synthetic_post_0470.jpg,1035,24,gym,workout
synthetic_post_0470.jpg,1035,4,love,motivation
synthetic_post_0470.jpg,1035,6,love,ootd
synthetic_post_0470.jpg,1035,8,love,outfit
synthetic_post_0470.jpg,1035,2,love,workout
synthetic_post_0470.jpg,1035,4,motivation,ootd
synthetic_post_0470.jpg,1035,6,motivation,outfit
synthetic_post_0470.jpg,1035,27,motivation,workout
synthetic_post_0470.jpg,1035,22,ootd,outfit
synthetic_post_0470.jpg,1035,4,ootd,workout
synthetic_post_0470.jpg,1035,6,outfit,workout
synthetic_post_0471.jpg,954,6,ai,beauty
synthetic_post_0471.jpg,954,9,ai,fashion
synthetic_post_0471.jpg,954,25,ai,innovation
synthetic_post_0471.jpg,954,5,ai,model
synthetic_post_0471.jpg,954,8,ai,style
synthetic_post_0471.jpg,954,20,beauty,fashion
synthetic_post_0471.jpg,954,5,beauty,innovation
synthetic_post_0471.jpg,954,18,beauty,model
synthetic_post_0471.jpg,954,25,beauty,style
synthetic_post_0471.jpg,954,6,fashion,innovation
synthetic_post_0471.jpg,954,23,fashion,model
synthetic_post_0471.jpg,954,29,fashion,style
synthetic_post_0471.jpg,954,3,innovation,model
synthetic_post_0471.jpg,954,8,innovation,style
synthetic_post_0471.jpg,954,27,model,style
synthetic_post_0472.jpg,1121,25,ai,coding
synthetic_post_0472.jpg,1121,5,ai,model
synthetic_post_0472.jpg,1121,8,ai,ootd
synthetic_post_0472.jpg,1121,7,coding,model
synthetic_post_0472.jpg,1121,6,coding,ootd
synthetic_post_0472.jpg,1121,20,model,ootd
synthetic_post_0473.jpg,467,3,ai,fitness
synthetic_post_0473.jpg,467,4,ai,happy
synthetic_post_0473.jpg,467,24,ai,software
synthetic_post_0473.jpg,467,9,fitness,happy
synthetic_post_0473.jpg,467,6,fitness,software
synthetic_post_0473.jpg,467,3,happy,software
synthetic_post_0474.jpg,607,6,design,explore
synthetic_post_0474.jpg,607,23,design,illustration
synthetic_post_0474.jpg,607,9,design,wanderlust
synthetic_post_0474.jpg,607,5,explore,illustration
synthetic_post_0474.jpg,607,25,explore,wanderlust
synthetic_post_0474.jpg,607,4,illustration,wanderlust
synthetic_post_0475.jpg,984,9,beauty,creative
synthetic_post_0475.jpg,984,6,beauty,gallery
synthetic_post_0475.jpg,984,3,beauty,illustration
synthetic_post_0475.jpg,984,17,beauty,streetstyle
synthetic_post_0475.jpg,984,24,creative,gallery
synthetic_post_0475.jpg,984,21,creative,illustration
synthetic_post_0475.jpg,984,5,creative,streetstyle
synthetic_post_0475.jpg,984,28,gallery,illustration
synthetic_post_0475.jpg,984,4,gallery,streetstyle
synthetic_post_0475.jpg,984,4,illustration,streetstyle
synthetic_post_0476.jpg,433,29,fashion,style
synthetic_post_0477.jpg,1224,18,beauty,model
synthetic_post_0477.jpg,1224,2,beauty,nature
synthetic_post_0477.jpg,1224,27,beauty,outfit
synthetic_post_0477.jpg,1224,17,beauty,streetstyle
synthetic_post_0477.jpg,1224,2,beauty,wanderlust
synthetic_post_0477.jpg,1224,5,model,nature
synthetic_post_0477.jpg,1224,23,model,outfit
synthetic_post_0477.jpg,1224,22,model,streetstyle
synthetic_post_0477.jpg,1224,6,model,wanderlust
synthetic_post_0477.jpg,1224,6,nature,outfit
synthetic_post_0477.jpg,1224,6,nature,streetstyle
synthetic_post_0477.jpg,1224,21,nature,wanderlust
synthetic_post_0477.jpg,1224,26,outfit,streetstyle
synthetic_post_0477.jpg,1224,2,outfit,wanderlust
synthetic_post_0477.jpg,1224,2,streetstyle,wanderlust
synthetic_post_0478.jpg,692,25,explore,nature
synthetic_post_0478.jpg,692,30,explore,travel
synthetic_post_0478.jpg,692,25,explore,wanderlust
synthetic_post_0478.jpg,692,27,nature,travel
synthetic_post_0478.jpg,692,21,nature,wanderlust
synthetic_post_0478.jpg,692,23,travel,wanderlust
synthetic_post_0479.jpg,936,24,fitness,gym
synthetic_post_0479.jpg,936,26,fitness,motivation
synthetic_post_0479.jpg,936,5,fitness,style
synthetic_post_0479.jpg,936,28,gym,motivation
synthetic_post_0479.jpg,936,4,gym,style
synthetic_post_0479.jpg,936,6,motivation,style
synthetic_post_0480.jpg,930,5,adventure,developer
synthetic_post_0480.jpg,930,27,adventure,photography
synthetic_post_0480.jpg,930,5,adventure,tech
synthetic_post_0480.jpg,930,26,adventure,travel
synthetic_post_0480.jpg,930,9,developer,photography
synthetic_post_0480.jpg,930,26,developer,tech
synthetic_post_0480.jpg,930,5,developer,travel
synthetic_post_0480.jpg,930,6,photography,tech
synthetic_post_0480.jpg,930,25,photography,travel
synthetic_post_0480.jpg,930,4,tech,travel
synthetic_post_0481.jpg,1103,10,happy,model
synthetic_post_0481.jpg,1103,4,happy,nature
synthetic_post_0481.jpg,1103,4,happy,ootd
synthetic_post_0481.jpg,1103,2,happy,outfit
synthetic_post_0481.jpg,1103,7,happy,style
synthetic_post_0481.jpg,1103,5,happy,wanderlust
synthetic_post_0481.jpg,1103,5,model,nature
synthetic_post_0481.jpg,1103,20,model,ootd
synthetic_post_0481.jpg,1103,23,model,outfit
synthetic_post_0481.jpg,1103,27,model,style
synthetic_post_0481.jpg,1103,6,model,wanderlust
synthetic_post_0481.jpg,1103,4,nature,ootd
synthetic_post_0481.jpg,1103,6,nature,outfit
synthetic_post_0481.jpg,1103,4,nature,style
synthetic_post_0481.jpg,1103,21,nature,wanderlust
synthetic_post_0481.jpg,1103,22,ootd,outfit
synthetic_post_0481.jpg,1103,23,ootd,style
synthetic_post_0481.jpg,1103,2,ootd,wanderlust
synthetic_post_0481.jpg,1103,33,outfit,style
synthetic_post_0481.jpg,1103,2,outfit,wanderlust
synthetic_post_0481.jpg,1103,3,style,wanderlust
synthetic_post_0482.jpg,1389,5,adventure,health
synthetic_post_0482.jpg,1389,5,adventure,love
synthetic_post_0482.jpg,1389,20,adventure,nature
synthetic_post_0482.jpg,1389,26,adventure,travel
synthetic_post_0482.jpg,1389,23,adventure,wanderlust
synthetic_post_0482.jpg,1389,3,health,love
synthetic_post_0482.jpg,1389,3,health,nature
synthetic_post_0482.jpg,1389,7,health,travel
synthetic_post_0482.jpg,1389,2,health,wanderlust
synthetic_post_0482.jpg,1389,2,love,nature
synthetic_post_0482.jpg,1389,6,love,travel
synthetic_post_0482.jpg,1389,7,love,wanderlust
synthetic_post_0482.jpg,1389,27,nature,travel
synthetic_post_0482.jpg,1389,21,nature,wanderlust
synthetic_post_0482.jpg,1389,23,travel,wanderlust
synthetic_post_0483.jpg,1437,27,creative,design
synthetic_post_0483.jpg,1437,23,creative,drawing
synthetic_post_0483.jpg,1437,5,creative,fitfam
synthetic_post_0483.jpg,1437,24,creative,gallery
synthetic_post_0483.jpg,1437,23,design,drawing
synthetic_post_0483.jpg,1437,5,design,fitfam
synthetic_post_0483.jpg,1437,21,design,gallery
synthetic_post_0483.jpg,1437,6,drawing,fitfam
synthetic_post_0483.jpg,1437,33,drawing,gallery
synthetic_post_0483.jpg,1437,4,fitfam,gallery
synthetic_post_0484.jpg,1307,25,foodporn,homemade
synthetic_post_0484.jpg,1307,3,foodporn,innovation
synthetic_post_0484.jpg,1307,3,foodporn,startup
synthetic_post_0484.jpg,1307,25,foodporn,yummy
synthetic_post_0484.jpg,1307,4,homemade,innovation
synthetic_post_0484.jpg,1307,5,homemade,startup
synthetic_post_0484.jpg,1307,20,homemade,yummy
synthetic_post_0484.jpg,1307,28,innovation,startup
synthetic_post_0484.jpg,1307,3,innovation,yummy
synthetic_post_0484.jpg,1307,2,startup,yummy
synthetic_post_0485.jpg,822,26,delicious,homemade
synthetic_post_0485.jpg,822,25,delicious,instafood
synthetic_post_0485.jpg,822,4,delicious,like4like
synthetic_post_0485.jpg,822,20,delicious,yummy
synthetic_post_0485.jpg,822,27,homemade,instafood
synthetic_post_0485.jpg,822,4,homemade,like4like
synthetic_post_0485.jpg,822,20,homemade,yummy
synthetic_post_0485.jpg,822,4,instafood,like4like
synthetic_post_0485.jpg,822,18,instafood,yummy
synthetic_post_0485.jpg,822,4,like4like,yummy
synthetic_post_0486.jpg,559,6,artist,coding
synthetic_post_0486.jpg,559,24,artist,design
synthetic_post_0486.jpg,559,10,artist,instagood
synthetic_post_0486.jpg,559,3,coding,design
synthetic_post_0486.jpg,559,7,coding,instagood
synthetic_post_0486.jpg,559,8,design,instagood
synthetic_post_0487.jpg,429,5,foodie,health
synthetic_post_0487.jpg,429,28,foodie,instafood
synthetic_post_0487.jpg,429,8,foodie,like4like
synthetic_post_0487.jpg,429,10,foodie,motivation
synthetic_post_0487.jpg,429,6,health,instafood
synthetic_post_0487.jpg,429,6,health,like4like
synthetic_post_0487.jpg,429,20,health,motivation
synthetic_post_0487.jpg,429,4,instafood,like4like
synthetic_post_0487.jpg,429,10,instafood,motivation
synthetic_post_0487.jpg,429,7,like4like,motivation
synthetic_post_0488.jpg,920,18,beauty,model
synthetic_post_0488.jpg,920,3,beauty,photography
synthetic_post_0488.jpg,920,5,beauty,travel
synthetic_post_0488.jpg,920,9,beauty,vacation
synthetic_post_0488.jpg,920,5,model,photography
synthetic_post_0488.jpg,920,8,model,travel
synthetic_post_0488.jpg,920,3,model,vacation
synthetic_post_0488.jpg,920,25,photography,travel
synthetic_post_0488.jpg,920,20,photography,vacation
synthetic_post_0488.jpg,920,23,travel,vacation
synthetic_post_0489.jpg,760,2,explore,fashion
synthetic_post_0489.jpg,760,25,explore,nature
synthetic_post_0489.jpg,760,2,explore,streetstyle
synthetic_post_0489.jpg,760,4,fashion,nature
synthetic_post_0489.jpg,760,22,fashion,streetstyle
synthetic_post_0489.jpg,760,6,nature,streetstyle
synthetic_post_0490.jpg,1073,23,fitness,health
synthetic_post_0490.jpg,1073,7,fitness,ootd
synthetic_post_0490.jpg,1073,6,fitness,streetstyle
synthetic_post_0490.jpg,1073,21,fitness,workout
synthetic_post_0490.jpg,1073,3,health,ootd
synthetic_post_0490.jpg,1073,1,health,streetstyle
synthetic_post_0490.jpg,1073,17,health,workout
synthetic_post_0490.jpg,1073,18,ootd,streetstyle
synthetic_post_0490.jpg,1073,4,ootd,workout
synthetic_post_0490.jpg,1073,5,streetstyle,workout
synthetic_post_0491.jpg,780,25,chef,homemade
synthetic_post_0491.jpg,780,23,chef,instafood
synthetic_post_0491.jpg,780,6,chef,motivation
synthetic_post_0491.jpg,780,27,homemade,instafood
synthetic_post_0491.jpg,780,2,homemade,motivation
synthetic_post_0491.jpg,780,10,instafood,motivation
synthetic_post_0492.jpg,642,23,art,drawing
synthetic_post_0492.jpg,642,24,art,gallery
synthetic_post_0492.jpg,642,33,drawing,gallery
synthetic_post_0493.jpg,717,4,adventure,chef
synthetic_post_0493.jpg,717,7,adventure,homemade
synthetic_post_0493.jpg,717,25,adventure,vacation
synthetic_post_0493.jpg,717,23,adventure,wanderlust
synthetic_post_0493.jpg,717,25,chef,homemade
synthetic_post_0493.jpg,717,7,chef,vacation
synthetic_post_0493.jpg,717,6,chef,wanderlust
synthetic_post_0493.jpg,717,7,homemade,vacation
synthetic_post_0493.jpg,717,6,homemade,wanderlust
synthetic_post_0493.jpg,717,17,vacation,wanderlust
synthetic_post_0494.jpg,902,5,artist,fashion
synthetic_post_0494.jpg,902,26,artist,gallery
synthetic_post_0494.jpg,902,4,artist,life
synthetic_post_0494.jpg,902,4,artist,streetstyle
synthetic_post_0494.jpg,902,6,fashion,gallery
synthetic_post_0494.jpg,902,12,fashion,life
synthetic_post_0494.jpg,902,22,fashion,streetstyle
synthetic_post_0494.jpg,902,5,gallery,life
synthetic_post_0494.jpg,902,4,gallery,streetstyle
synthetic_post_0494.jpg,902,6,life,streetstyle
synthetic_post_0495.jpg,807,2,artist,delicious
synthetic_post_0495.jpg,807,24,artist,design
synthetic_post_0495.jpg,807,3,artist,instafood
synthetic_post_0495.jpg,807,10,artist,instagood
synthetic_post_0495.jpg,807,8,delicious,design
synthetic_post_0495.jpg,807,25,delicious,instafood
synthetic_post_0495.jpg,807,5,delicious,instagood
synthetic_post_0495.jpg,807,7,design,instafood
synthetic_post_0495.jpg,807,8,design,instagood
synthetic_post_0495.jpg,807,5,instafood,instagood
synthetic_post_0496.jpg,853,2,artist,chef
synthetic_post_0496.jpg,853,27,artist,drawing
synthetic_post_0496.jpg,853,7,artist,happy
synthetic_post_0496.jpg,853,30,artist,illustration
synthetic_post_0496.jpg,853,3,artist,instafood
synthetic_post_0496.jpg,853,3,chef,drawing
synthetic_post_0496.jpg,853,4,chef,happy
synthetic_post_0496.jpg,853,3,chef,illustration
synthetic_post_0496.jpg,853,23,chef,instafood
synthetic_post_0496.jpg,853,5,drawing,happy
synthetic_post_0496.jpg,853,24,drawing,illustration
synthetic_post_0496.jpg,853,3,drawing,instafood
synthetic_post_0496.jpg,853,5,happy,illustration
synthetic_post_0496.jpg,853,5,happy,instafood
synthetic_post_0496.jpg,853,7,illustration,instafood
synthetic_post_0497.jpg,710,25,ai,coding
synthetic_post_0497.jpg,710,5,ai,creative
synthetic_post_0497.jpg,710,25,ai,innovation
synthetic_post_0497.jpg,710,27,ai,tech
synthetic_post_0497.jpg,710,2,coding,creative
synthetic_post_0497.jpg,710,21,coding,innovation
synthetic_post_0497.jpg,710,23,coding,tech
synthetic_post_0497.jpg,710,2,creative,innovation
synthetic_post_0497.jpg,710,2,creative,tech
synthetic_post_0497.jpg,710,26,innovation,tech
synthetic_post_0498.jpg,1012,4,chef,fitfam
synthetic_post_0498.jpg,1012,6,chef,fitness
synthetic_post_0498.jpg,1012,3,chef,health
synthetic_post_0498.jpg,1012,25,chef,homemade
synthetic_post_0498.jpg,1012,5,chef,training
synthetic_post_0498.jpg,1012,26,fitfam,fitness
synthetic_post_0498.jpg,1012,21,fitfam,health
synthetic_post_0498.jpg,1012,3,fitfam,homemade
synthetic_post_0498.jpg,1012,26,fitfam,training
synthetic_post_0498.jpg,1012,23,fitness,health
synthetic_post_0498.jpg,1012,3,fitness,homemade
synthetic_post_0498.jpg,1012,30,fitness,training
synthetic_post_0498.jpg,1012,2,health,homemade
synthetic_post_0498.jpg,1012,22,health,training
synthetic_post_0498.jpg,1012,4,homemade,training
synthetic_post_0499.jpg,727,6,beauty,delicious
synthetic_post_0499.jpg,727,3,beauty,foodporn
synthetic_post_0499.jpg,727,4,beauty,instagood
synthetic_post_0499.jpg,727,18,beauty,model
synthetic_post_0499.jpg,727,20,delicious,foodporn
synthetic_post_0499.jpg,727,5,delicious,instagood
synthetic_post_0499.jpg,727,5,delicious,model
synthetic_post_0499.jpg,727,5,foodporn,instagood
synthetic_post_0499.jpg,727,2,foodporn,model
synthetic_post_0499.jpg,727,6,instagood,model
synthetic_post_0500.jpg,1153,4,chef,fitfam
synthetic_post_0500.jpg,1153,32,chef,foodie
synthetic_post_0500.jpg,1153,25,chef,homemade
synthetic_post_0500.jpg,1153,3,chef,photooftheday
synthetic_post_0500.jpg,1153,22,chef,yummy
synthetic_post_0500.jpg,1153,6,fitfam,foodie
synthetic_post_0500.jpg,1153,3,fitfam,homemade
synthetic_post_0500.jpg,1153,3,fitfam,photooftheday
synthetic_post_0500.jpg,1153,5,fitfam,yummy
synthetic_post_0500.jpg,1153,19,foodie,homemade
synthetic_post_0500.jpg,1153,5,foodie,photooftheday
synthetic_post_0500.jpg,1153,23,foodie,yummy
synthetic_post_0500.jpg,1153,4,homemade,photooftheday
synthetic_post_0500.jpg,1153,20,homemade,yummy
synthetic_post_0500.jpg,1153,6,photooftheday,yummy
synthetic_post_0501.jpg,892,26,coding,developer
synthetic_post_0501.jpg,892,2,coding,explore
synthetic_post_0501.jpg,892,3,coding,nature
synthetic_post_0501.jpg,892,7,developer,explore
synthetic_post_0501.jpg,892,5,developer,nature
synthetic_post_0501.jpg,892,25,explore,nature
synthetic_post_0502.jpg,896,10,creative,fashion
synthetic_post_0502.jpg,896,4,creative,happy
synthetic_post_0502.jpg,896,5,creative,streetstyle
synthetic_post_0502.jpg,896,7,creative,style
synthetic_post_0502.jpg,896,6,fashion,happy
synthetic_post_0502.jpg,896,22,fashion,streetstyle
synthetic_post_0502.jpg,896,29,fashion,style
synthetic_post_0502.jpg,896,3,happy,streetstyle
synthetic_post_0502.jpg,896,7,happy,style
synthetic_post_0502.jpg,896,22,streetstyle,style
synthetic_post_0503.jpg,725,6,fitfam,foodie
synthetic_post_0503.jpg,725,3,fitfam,instafood
synthetic_post_0503.jpg,725,28,foodie,instafood
synthetic_post_0504.jpg,878,3,beauty,motivation
synthetic_post_0504.jpg,878,25,beauty,style
synthetic_post_0504.jpg,878,4,beauty,workout
synthetic_post_0504.jpg,878,6,motivation,style
synthetic_post_0504.jpg,878,27,motivation,workout
synthetic_post_0504.jpg,878,5,style,workout
synthetic_post_0505.jpg,1336,4,adventure,foodporn
synthetic_post_0505.jpg,1336,4,adventure,instafood
synthetic_post_0505.jpg,1336,4,adventure,photooftheday
synthetic_post_0505.jpg,1336,26,adventure,travel
synthetic_post_0505.jpg,1336,5,adventure,yummy
synthetic_post_0505.jpg,1336,27,foodporn,instafood
synthetic_post_0505.jpg,1336,4,foodporn,photooftheday
synthetic_post_0505.jpg,1336,5,foodporn,travel
synthetic_post_0505.jpg,1336,25,foodporn,yummy
synthetic_post_0505.jpg,1336,4,instafood,photooftheday
synthetic_post_0505.jpg,1336,5,instafood,travel
synthetic_post_0505.jpg,1336,18,instafood,yummy
synthetic_post_0505.jpg,1336,3,photooftheday,travel
synthetic_post_0505.jpg,1336,6,photooftheday,yummy
synthetic_post_0505.jpg,1336,11,travel,yummy
synthetic_post_0506.jpg,751,10,life,training
synthetic_post_0506.jpg,751,5,life,vacation
synthetic_post_0506.jpg,751,7,life,workout
synthetic_post_0506.jpg,751,2,training,vacation
synthetic_post_0506.jpg,751,42,training,workout
synthetic_post_0506.jpg,751,3,vacation,workout
synthetic_post_0507.jpg,760,32,chef,foodie
synthetic_post_0507.jpg,760,25,chef,homemade
synthetic_post_0507.jpg,760,23,chef,instafood
synthetic_post_0507.jpg,760,4,chef,love
synthetic_post_0507.jpg,760,2,chef,outfit
synthetic_post_0507.jpg,760,19,foodie,homemade
synthetic_post_0507.jpg,760,28,foodie,instafood
synthetic_post_0507.jpg,760,6,foodie,love
synthetic_post_0507.jpg,760,4,foodie,outfit
synthetic_post_0507.jpg,760,27,homemade,instafood
synthetic_post_0507.jpg,760,2,homemade,love
synthetic_post_0507.jpg,760,6,homemade,outfit
synthetic_post_0507.jpg,760,6,instafood,love
synthetic_post_0507.jpg,760,7,instafood,outfit
synthetic_post_0507.jpg,760,8,love,outfit
synthetic_post_0508.jpg,901,22,art,creative
synthetic_post_0508.jpg,901,23,art,drawing
synthetic_post_0508.jpg,901,24,art,gallery
synthetic_post_0508.jpg,901,5,art,motivation
synthetic_post_0508.jpg,901,3,art,workout
synthetic_post_0508.jpg,901,23,creative,drawing
synthetic_post_0508.jpg,901,24,creative,gallery
synthetic_post_0508.jpg,901,4,creative,motivation
synthetic_post_0508.jpg,901,5,creative,workout
synthetic_post_0508.jpg,901,33,drawing,gallery
synthetic_post_0508.jpg,901,5,drawing,motivation
synthetic_post_0508.jpg,901,5,drawing,workout
synthetic_post_0508.jpg,901,5,gallery,motivation
synthetic_post_0508.jpg,901,4,gallery,workout
synthetic_post_0508.jpg,901,27,motivation,workout
synthetic_post_0509.jpg,1190,29,art,design
synthetic_post_0509.jpg,1190,23,art,drawing
synthetic_post_0509.jpg,1190,23,art,illustration
synthetic_post_0509.jpg,1190,3,art,vacation
synthetic_post_0509.jpg,1190,4,art,wanderlust
synthetic_post_0509.jpg,1190,23,design,drawing
synthetic_post_0509.jpg,1190,23,design,illustration
synthetic_post_0509.jpg,1190,2,design,vacation
synthetic_post_0509.jpg,1190,9,design,wanderlust
synthetic_post_0509.jpg,1190,24,drawing,illustration
synthetic_post_0509.jpg,1190,3,drawing,vacation
synthetic_post_0509.jpg,1190,11,drawing,wanderlust
synthetic_post_0509.jpg,1190,4,illustration,vacation
synthetic_post_0509.jpg,1190,4,illustration,wanderlust
synthetic_post_0509.jpg,1190,17,vacation,wanderlust
synthetic_post_0510.jpg,1036,23,creative,drawing
synthetic_post_0510.jpg,1036,5,creative,fitfam
synthetic_post_0510.jpg,1036,4,creative,fitness
synthetic_post_0510.jpg,1036,4,creative,gym
synthetic_post_0510.jpg,1036,5,creative,workout
synthetic_post_0510.jpg,1036,6,drawing,fitfam
synthetic_post_0510.jpg,1036,5,drawing,fitness
synthetic_post_0510.jpg,1036,7,drawing,gym
synthetic_post_0510.jpg,1036,5,drawing,workout
synthetic_post_0510.jpg,1036,26,fitfam,fitness
synthetic_post_0510.jpg,1036,15,fitfam,gym
synthetic_post_0510.jpg,1036,25,fitfam,workout
synthetic_post_0510.jpg,1036,24,fitness,gym
synthetic_post_0510.jpg,1036,21,fitness,workout
synthetic_post_0510.jpg,1036,24,gym,workout
synthetic_post_0511.jpg,669,22,ootd,outfit
synthetic_post_0511.jpg,669,18,ootd,streetstyle
synthetic_post_0511.jpg,669,26,outfit,streetstyle
synthetic_post_0512.jpg,1214,5,adventure,ai
synthetic_post_0512.jpg,1214,27,adventure,photography
synthetic_post_0512.jpg,1214,23,adventure,wanderlust
synthetic_post_0512.jpg,1214,7,ai,photography
synthetic_post_0512.jpg,1214,6,ai,wanderlust
synthetic_post_0512.jpg,1214,30,photography,wanderlust
synthetic_post_0513.jpg,805,6,gym,model
synthetic_post_0513.jpg,805,4,gym,style
synthetic_post_0513.jpg,805,26,gym,training
synthetic_post_0513.jpg,805,27,model,style
synthetic_post_0513.jpg,805,8,model,training
synthetic_post_0513.jpg,805,6,style,training
synthetic_post_0514.jpg,595,23,model,outfit
synthetic_post_0515.jpg,583,24,artist,design
synthetic_post_0515.jpg,583,26,artist,gallery
synthetic_post_0515.jpg,583,7,artist,happy
synthetic_post_0515.jpg,583,21,design,gallery
synthetic_post_0515.jpg,583,4,design,happy
synthetic_post_0515.jpg,583,4,gallery,happy
synthetic_post_0516.jpg,536,5,delicious,followme
synthetic_post_0516.jpg,536,26,delicious,homemade
synthetic_post_0516.jpg,536,6,followme,homemade
synthetic_post_0517.jpg,1433,4,adventure,chef
synthetic_post_0517.jpg,1433,1,adventure,delicious
synthetic_post_0517.jpg,1433,4,adventure,followme
synthetic_post_0517.jpg,1433,20,adventure,nature
synthetic_post_0517.jpg,1433,27,adventure,photography
synthetic_post_0517.jpg,1433,25,adventure,vacation
synthetic_post_0517.jpg,1433,18,chef,delicious
synthetic_post_0517.jpg,1433,2,chef,followme
synthetic_post_0517.jpg,1433,3,chef,nature
synthetic_post_0517.jpg,1433,5,chef,photography
synthetic_post_0517.jpg,1433,7,chef,vacation
synthetic_post_0517.jpg,1433,5,delicious,followme
synthetic_post_0517.jpg,1433,2,delicious,nature
synthetic_post_0517.jpg,1433,3,delicious,photography
synthetic_post_0517.jpg,1433,5,delicious,vacation
synthetic_post_0517.jpg,1433,2,followme,nature
synthetic_post_0517.jpg,1433,5,followme,photography
synthetic_post_0517.jpg,1433,1,followme,vacation
synthetic_post_0517.jpg,1433,21,nature,photography
synthetic_post_0517.jpg,1433,22,nature,vacation
synthetic_post_0517.jpg,1433,20,photography,vacation
synthetic_post_0518.jpg,647,25,foodporn,homemade
synthetic_post_0518.jpg,647,6,foodporn,wanderlust
synthetic_post_0518.jpg,647,6,homemade,wanderlust
synthetic_post_0519.jpg,1062,2,fashion,foodporn
synthetic_post_0519.jpg,1062,23,fashion,model
synthetic_post_0519.jpg,1062,26,fashion,outfit
synthetic_post_0519.jpg,1062,2,foodporn,model
synthetic_post_0519.jpg,1062,5,foodporn,outfit
synthetic_post_0519.jpg,1062,23,model,outfit
synthetic_post_0520.jpg,937,4,fitness,innovation
synthetic_post_0520.jpg,937,30,fitness,training
synthetic_post_0520.jpg,937,21,fitness,workout
synthetic_post_0520.jpg,937,6,innovation,training
synthetic_post_0520.jpg,937,4,innovation,workout
synthetic_post_0520.jpg,937,42,training,workout
synthetic_post_0521.jpg,1124,5,life,model
synthetic_post_0521.jpg,1124,8,life,outfit
synthetic_post_0521.jpg,1124,6,life,startup
synthetic_post_0521.jpg,1124,6,life,streetstyle
synthetic_post_0521.jpg,1124,8,life,style
synthetic_post_0521.jpg,1124,23,model,outfit
synthetic_post_0521.jpg,1124,3,model,startup
synthetic_post_0521.jpg,1124,22,model,streetstyle
synthetic_post_0521.jpg,1124,27,model,style
synthetic_post_0521.jpg,1124,9,outfit,startup
synthetic_post_0521.jpg,1124,26,outfit,streetstyle
synthetic_post_0521.jpg,1124,33,outfit,style
synthetic_post_0521.jpg,1124,3,startup,streetstyle
synthetic_post_0521.jpg,1124,11,startup,style
synthetic_post_0521.jpg,1124,22,streetstyle,style
synthetic_post_0522.jpg,864,12,ai,artist
synthetic_post_0522.jpg,864,25,ai,innovation
synthetic_post_0522.jpg,864,12,ai,instagood
synthetic_post_0522.jpg,864,24,ai,software
synthetic_post_0522.jpg,864,6,artist,innovation
synthetic_post_0522.jpg,864,10,artist,instagood
synthetic_post_0522.jpg,864,7,artist,software
synthetic_post_0522.jpg,864,9,innovation,instagood
synthetic_post_0522.jpg,864,25,innovation,software
synthetic_post_0522.jpg,864,6,instagood,software
synthetic_post_0523.jpg,1048,25,ai,coding
synthetic_post_0523.jpg,1048,34,ai,developer
synthetic_post_0523.jpg,1048,7,ai,drawing
synthetic_post_0523.jpg,1048,6,ai,gallery
synthetic_post_0523.jpg,1048,24,ai,software
synthetic_post_0523.jpg,1048,26,coding,developer
synthetic_post_0523.jpg,1048,2,coding,drawing
synthetic_post_0523.jpg,1048,4,coding,gallery
synthetic_post_0523.jpg,1048,25,coding,software
synthetic_post_0523.jpg,1048,5,developer,drawing
synthetic_post_0523.jpg,1048,6,developer,gallery
synthetic_post_0523.jpg,1048,28,developer,software
synthetic_post_0523.jpg,1048,33,drawing,gallery
synthetic_post_0523.jpg,1048,3,drawing,software
synthetic_post_0523.jpg,1048,5,gallery,software
synthetic_post_0524.jpg,576,20,delicious,foodporn
synthetic_post_0525.jpg,805,28,gym,motivation
synthetic_post_0525.jpg,805,26,gym,training
synthetic_post_0525.jpg,805,29,motivation,training
synthetic_post_0526.jpg,815,5,adventure,developer
synthetic_post_0526.jpg,815,22,adventure,explore
synthetic_post_0526.jpg,815,4,adventure,software
synthetic_post_0526.jpg,815,7,developer,explore
synthetic_post_0526.jpg,815,28,developer,software
synthetic_post_0526.jpg,815,3,explore,software
synthetic_post_0527.jpg,679,17,beauty,streetstyle
synthetic_post_0527.jpg,679,9,beauty,vacation
synthetic_post_0527.jpg,679,3,streetstyle,vacation
synthetic_post_0528.jpg,880,29,art,design
synthetic_post_0528.jpg,880,24,art,gallery
synthetic_post_0528.jpg,880,23,art,illustration
synthetic_post_0528.jpg,880,4,art,like4like
synthetic_post_0528.jpg,880,5,art,motivation
synthetic_post_0528.jpg,880,21,design,gallery
synthetic_post_0528.jpg,880,23,design,illustration
synthetic_post_0528.jpg,880,5,design,like4like
synthetic_post_0528.jpg,880,8,design,motivation
synthetic_post_0528.jpg,880,28,gallery,illustration
synthetic_post_0528.jpg,880,7,gallery,like4like
synthetic_post_0528.jpg,880,5,gallery,motivation
synthetic_post_0528.jpg,880,3,illustration,like4like
synthetic_post_0528.jpg,880,4,illustration,motivation
synthetic_post_0528.jpg,880,7,like4like,motivation
synthetic_post_0529.jpg,1225,8,fashion,motivation
synthetic_post_0529.jpg,1225,22,fashion,streetstyle
synthetic_post_0529.jpg,1225,29,fashion,style
synthetic_post_0529.jpg,1225,6,fashion,workout
synthetic_post_0529.jpg,1225,6,motivation,streetstyle
synthetic_post_0529.jpg,1225,6,motivation,style
synthetic_post_0529.jpg,1225,27,motivation,workout
synthetic_post_0529.jpg,1225,22,streetstyle,style
synthetic_post_0529.jpg,1225,5,streetstyle,workout
synthetic_post_0529.jpg,1225,5,style,workout
synthetic_post_0530.jpg,567,22,ootd,outfit
synthetic_post_0530.jpg,567,18,ootd,streetstyle
synthetic_post_0530.jpg,567,26,outfit,streetstyle
synthetic_post_0531.jpg,1114,20,beauty,fashion
synthetic_post_0531.jpg,1114,3,beauty,fitfam
synthetic_post_0531.jpg,1114,2,beauty,fitness
synthetic_post_0531.jpg,1114,8,fashion,fitfam
synthetic_post_0531.jpg,1114,6,fashion,fitness
synthetic_post_0531.jpg,1114,26,fitfam,fitness
synthetic_post_0532.jpg,1092,23,creative,drawing
synthetic_post_0532.jpg,1092,24,creative,gallery
synthetic_post_0532.jpg,1092,21,creative,illustration
synthetic_post_0532.jpg,1092,7,creative,photooftheday
synthetic_post_0532.jpg,1092,33,drawing,gallery
synthetic_post_0532.jpg,1092,24,drawing,illustration
synthetic_post_0532.jpg,1092,8,drawing,photooftheday
synthetic_post_0532.jpg,1092,28,gallery,illustration
synthetic_post_0532.jpg,1092,6,gallery,photooftheday
synthetic_post_0532.jpg,1092,7,illustration,photooftheday
synthetic_post_0533.jpg,1106,17,art,artist
synthetic_post_0533.jpg,1106,22,art,creative
synthetic_post_0533.jpg,1106,29,art,design
synthetic_post_0533.jpg,1106,10,art,followme
synthetic_post_0533.jpg,1106,5,art,health
synthetic_post_0533.jpg,1106,30,artist,creative
synthetic_post_0533.jpg,1106,24,artist,design
synthetic_post_0533.jpg,1106,3,artist,followme
synthetic_post_0533.jpg,1106,5,artist,health
synthetic_post_0533.jpg,1106,27,creative,design
synthetic_post_0533.jpg,1106,3,creative,followme
synthetic_post_0533.jpg,1106,5,creative,health
synthetic_post_0533.jpg,1106,6,design,followme
synthetic_post_0533.jpg,1106,4,design,health
synthetic_post_0533.jpg,1106,2,followme,health
synthetic_post_0534.jpg,802,26,coding,developer
synthetic_post_0534.jpg,802,21,coding,innovation
synthetic_post_0534.jpg,802,23,coding,tech
synthetic_post_0534.jpg,802,2,coding,training
synthetic_post_0534.jpg,802,26,developer,innovation
synthetic_post_0534.jpg,802,26,developer,tech
synthetic_post_0534.jpg,802,6,developer,training
synthetic_post_0534.jpg,802,26,innovation,tech
synthetic_post_0534.jpg,802,6,innovation,training
synthetic_post_0534.jpg,802,5,tech,training
synthetic_post_0535.jpg,437,23,fitness,health
synthetic_post_0535.jpg,437,30,fitness,training
synthetic_post_0535.jpg,437,21,fitness,workout
synthetic_post_0535.jpg,437,22,health,training
synthetic_post_0535.jpg,437,17,health,workout
synthetic_post_0535.jpg,437,42,training,workout
synthetic_post_0536.jpg,1207,6,artist,developer
synthetic_post_0536.jpg,1207,27,artist,drawing
synthetic_post_0536.jpg,1207,26,artist,gallery
synthetic_post_0536.jpg,1207,30,artist,illustration
synthetic_post_0536.jpg,1207,7,artist,software
synthetic_post_0536.jpg,1207,5,developer,drawing
synthetic_post_0536.jpg,1207,6,developer,gallery
synthetic_post_0536.jpg,1207,5,developer,illustration
synthetic_post_0536.jpg,1207,28,developer,software
synthetic_post_0536.jpg,1207,33,drawing,gallery
synthetic_post_0536.jpg,1207,24,drawing,illustration
synthetic_post_0536.jpg,1207,3,drawing,software
synthetic_post_0536.jpg,1207,28,gallery,illustration
synthetic_post_0536.jpg,1207,5,gallery,software
synthetic_post_0536.jpg,1207,4,illustration,software
synthetic_post_0537.jpg,315,28,developer,software
synthetic_post_0538.jpg,1112,2,foodie,model
synthetic_post_0538.jpg,1112,3,foodie,streetstyle
synthetic_post_0538.jpg,1112,23,foodie,yummy
synthetic_post_0538.jpg,1112,22,model,streetstyle
synthetic_post_0538.jpg,1112,4,model,yummy
synthetic_post_0538.jpg,1112,4,streetstyle,yummy
synthetic_post_0539.jpg,1056,24,artist,design
synthetic_post_0539.jpg,1056,27,artist,drawing
synthetic_post_0539.jpg,1056,3,artist,followme
synthetic_post_0539.jpg,1056,30,artist,illustration
synthetic_post_0539.jpg,1056,6,artist,model
synthetic_post_0539.jpg,1056,4,artist,outfit
synthetic_post_0539.jpg,1056,23,design,drawing
synthetic_post_0539.jpg,1056,6,design,followme
synthetic_post_0539.jpg,1056,23,design,illustration
synthetic_post_0539.jpg,1056,3,design,model
synthetic_post_0539.jpg,1056,2,design,outfit
synthetic_post_0539.jpg,1056,6,drawing,followme
synthetic_post_0539.jpg,1056,24,drawing,illustration
synthetic_post_0539.jpg,1056,6,drawing,model
synthetic_post_0539.jpg,1056,3,drawing,outfit
synthetic_post_0539.jpg,1056,3,followme,illustration
synthetic_post_0539.jpg,1056,3,followme,model
synthetic_post_0539.jpg,1056,7,followme,outfit
synthetic_post_0539.jpg,1056,5,illustration,model
synthetic_post_0539.jpg,1056,5,illustration,outfit
synthetic_post_0539.jpg,1056,23,model,outfit
synthetic_post_0540.jpg,889,22,art,creative
synthetic_post_0540.jpg,889,29,art,design
synthetic_post_0540.jpg,889,4,art,foodie
synthetic_post_0540.jpg,889,23,art,illustration
synthetic_post_0540.jpg,889,7,art,photooftheday
synthetic_post_0540.jpg,889,27,creative,design
synthetic_post_0540.jpg,889,5,creative,foodie
synthetic_post_0540.jpg,889,21,creative,illustration
synthetic_post_0540.jpg,889,7,creative,photooftheday
synthetic_post_0540.jpg,889,7,design,foodie
synthetic_post_0540.jpg,889,23,design,illustration
synthetic_post_0540.jpg,889,7,design,photooftheday
synthetic_post_0540.jpg,889,7,foodie,illustration
synthetic_post_0540.jpg,889,5,foodie,photooftheday
synthetic_post_0540.jpg,889,7,illustration,photooftheday
synthetic_post_0541.jpg,721,24,fitness,gym
synthetic_post_0541.jpg,721,26,fitness,motivation
synthetic_post_0541.jpg,721,28,gym,motivation
synthetic_post_0542.jpg,988,22,adventure,explore
synthetic_post_0542.jpg,988,27,adventure,photography
synthetic_post_0542.jpg,988,26,adventure,travel
synthetic_post_0542.jpg,988,15,explore,photography
synthetic_post_0542.jpg,988,30,explore,travel
synthetic_post_0542.jpg,988,25,photography,travel
synthetic_post_0543.jpg,811,6,ai,gallery
synthetic_post_0543.jpg,811,25,ai,innovation
synthetic_post_0543.jpg,811,24,ai,software
synthetic_post_0543.jpg,811,5,gallery,innovation
synthetic_post_0543.jpg,811,5,gallery,software
synthetic_post_0543.jpg,811,25,innovation,software
synthetic_post_0544.jpg,754,5,drawing,explore
synthetic_post_0544.jpg,754,6,drawing,followme
synthetic_post_0544.jpg,754,8,drawing,photography
synthetic_post_0544.jpg,754,4,drawing,travel
synthetic_post_0544.jpg,754,5,explore,followme
synthetic_post_0544.jpg,754,15,explore,photography
synthetic_post_0544.jpg,754,30,explore,travel
synthetic_post_0544.jpg,754,5,followme,photography
synthetic_post_0544.jpg,754,1,followme,travel
synthetic_post_0544.jpg,754,25,photography,travel
synthetic_post_0545.jpg,741,18,chef,delicious
synthetic_post_0545.jpg,741,32,chef,foodie
synthetic_post_0545.jpg,741,25,chef,foodporn
synthetic_post_0545.jpg,741,2,chef,ootd
synthetic_post_0545.jpg,741,28,delicious,foodie
synthetic_post_0545.jpg,741,20,delicious,foodporn
synthetic_post_0545.jpg,741,5,delicious,ootd
synthetic_post_0545.jpg,741,26,foodie,foodporn
synthetic_post_0545.jpg,741,4,foodie,ootd
synthetic_post_0545.jpg,741,2,foodporn,ootd
synthetic_post_0546.jpg,705,27,beauty,outfit
synthetic_post_0546.jpg,705,25,beauty,style
synthetic_post_0546.jpg,705,9,beauty,vacation
synthetic_post_0546.jpg,705,33,outfit,style
synthetic_post_0546.jpg,705,7,outfit,vacation
synthetic_post_0546.jpg,705,5,style,vacation
synthetic_post_0547.jpg,818,7,fitness,instafood
synthetic_post_0547.jpg,818,21,fitness,workout
synthetic_post_0547.jpg,818,5,instafood,workout
synthetic_post_0548.jpg,673,4,beauty,gym
synthetic_post_0548.jpg,673,9,beauty,like4like
synthetic_post_0548.jpg,673,27,beauty,ootd
synthetic_post_0548.jpg,673,4,beauty,workout
synthetic_post_0548.jpg,673,6,gym,like4like
synthetic_post_0548.jpg,673,6,gym,ootd
synthetic_post_0548.jpg,673,24,gym,workout
synthetic_post_0548.jpg,673,7,like4like,ootd
synthetic_post_0548.jpg,673,7,like4like,workout
synthetic_post_0548.jpg,673,4,ootd,workout
synthetic_post_0549.jpg,761,8,developer,outfit
synthetic_post_0549.jpg,761,2,developer,streetstyle
synthetic_post_0549.jpg,761,26,developer,tech
synthetic_post_0549.jpg,761,26,outfit,streetstyle
synthetic_post_0549.jpg,761,9,outfit,tech
synthetic_post_0549.jpg,761,3,streetstyle,tech
synthetic_post_0550.jpg,1428,25,chef,foodporn
synthetic_post_0550.jpg,1428,4,chef,innovation
synthetic_post_0550.jpg,1428,23,chef,instafood
synthetic_post_0550.jpg,1428,4,chef,tech
synthetic_post_0550.jpg,1428,22,chef,yummy
synthetic_post_0550.jpg,1428,3,foodporn,innovation
synthetic_post_0550.jpg,1428,27,foodporn,instafood
synthetic_post_0550.jpg,1428,4,foodporn,tech
synthetic_post_0550.jpg,1428,25,foodporn,yummy
synthetic_post_0550.jpg,1428,5,innovation,instafood
synthetic_post_0550.jpg,1428,26,innovation,tech
synthetic_post_0550.jpg,1428,3,innovation,yummy
synthetic_post_0550.jpg,1428,3,instafood,tech
synthetic_post_0550.jpg,1428,18,instafood,yummy
synthetic_post_0550.jpg,1428,3,tech,yummy
synthetic_post_0551.jpg,877,4,ai,happy
synthetic_post_0551.jpg,877,5,ai,model
synthetic_post_0551.jpg,877,8,ai,style
synthetic_post_0551.jpg,877,27,ai,tech
synthetic_post_0551.jpg,877,10,happy,model
synthetic_post_0551.jpg,877,7,happy,style
synthetic_post_0551.jpg,877,5,happy,tech
synthetic_post_0551.jpg,877,27,model,style
synthetic_post_0551.jpg,877,1,model,tech
synthetic_post_0551.jpg,877,10,style,tech
synthetic_post_0552.jpg,915,25,explore,nature
synthetic_post_0552.jpg,915,30,explore,travel
synthetic_post_0552.jpg,915,22,explore,vacation
synthetic_post_0552.jpg,915,6,explore,yummy
synthetic_post_0552.jpg,915,27,nature,travel
synthetic_post_0552.jpg,915,22,nature,vacation
synthetic_post_0552.jpg,915,4,nature,yummy
synthetic_post_0552.jpg,915,23,travel,vacation
synthetic_post_0552.jpg,915,11,travel,yummy
synthetic_post_0552.jpg,915,9,vacation,yummy
synthetic_post_0553.jpg,706,30,artist,creative
synthetic_post_0553.jpg,706,24,artist,design
synthetic_post_0553.jpg,706,27,artist,drawing
synthetic_post_0553.jpg,706,1,artist,fitfam
synthetic_post_0553.jpg,706,7,artist,gym
synthetic_post_0553.jpg,706,27,creative,design
synthetic_post_0553.jpg,706,23,creative,drawing
synthetic_post_0553.jpg,706,5,creative,fitfam
synthetic_post_0553.jpg,706,4,creative,gym
synthetic_post_0553.jpg,706,23,design,drawing
synthetic_post_0553.jpg,706,5,design,fitfam
synthetic_post_0553.jpg,706,5,design,gym
synthetic_post_0553.jpg,706,6,drawing,fitfam
synthetic_post_0553.jpg,706,7,drawing,gym
synthetic_post_0553.jpg,706,15,fitfam,gym
synthetic_post_0554.jpg,1326,8,delicious,design
synthetic_post_0554.jpg,1326,5,delicious,drawing
synthetic_post_0554.jpg,1326,28,delicious,foodie
synthetic_post_0554.jpg,1326,5,delicious,illustration
synthetic_post_0554.jpg,1326,23,design,drawing
synthetic_post_0554.jpg,1326,7,design,foodie
synthetic_post_0554.jpg,1326,23,design,illustration
synthetic_post_0554.jpg,1326,1,drawing,foodie
synthetic_post_0554.jpg,1326,24,drawing,illustration
synthetic_post_0554.jpg,1326,7,foodie,illustration
synthetic_post_0555.jpg,901,9,ai,fashion
synthetic_post_0555.jpg,901,12,ai,instagood
synthetic_post_0555.jpg,901,6,ai,outfit
synthetic_post_0555.jpg,901,8,ai,style
synthetic_post_0555.jpg,901,6,fashion,instagood
synthetic_post_0555.jpg,901,26,fashion,outfit
synthetic_post_0555.jpg,901,29,fashion,style
synthetic_post_0555.jpg,901,4,instagood,outfit
synthetic_post_0555.jpg,901,3,instagood,style
synthetic_post_0555.jpg,901,33,outfit,style
synthetic_post_0556.jpg,1108,7,developer,explore
synthetic_post_0556.jpg,1108,2,developer,followme
synthetic_post_0556.jpg,1108,5,developer,nature
synthetic_post_0556.jpg,1108,9,developer,photography
synthetic_post_0556.jpg,1108,26,developer,tech
synthetic_post_0556.jpg,1108,6,developer,wanderlust
synthetic_post_0556.jpg,1108,5,explore,followme
synthetic_post_0556.jpg,1108,25,explore,nature
synthetic_post_0556.jpg,1108,15,explore,photography
synthetic_post_0556.jpg,1108,5,explore,tech
synthetic_post_0556.jpg,1108,25,explore,wanderlust
synthetic_post_0556.jpg,1108,2,followme,nature
synthetic_post_0556.jpg,1108,5,followme,photography
synthetic_post_0556.jpg,1108,3,followme,tech
synthetic_post_0556.jpg,1108,2,followme,wanderlust
synthetic_post_0556.jpg,1108,21,nature,photography
synthetic_post_0556.jpg,1108,4,nature,tech
synthetic_post_0556.jpg,1108,21,nature,wanderlust
synthetic_post_0556.jpg,1108,6,photography,tech
synthetic_post_0556.jpg,1108,30,photography,wanderlust
synthetic_post_0556.jpg,1108,9,tech,wanderlust
synthetic_post_0557.jpg,675,25,coding,software
synthetic_post_0557.jpg,675,19,coding,startup
synthetic_post_0557.jpg,675,25,software,startup
synthetic_post_0558.jpg,973,6,coding,delicious
synthetic_post_0558.jpg,973,26,coding,developer
synthetic_post_0558.jpg,973,6,coding,homemade
synthetic_post_0558.jpg,973,21,coding,innovation
synthetic_post_0558.jpg,973,23,coding,tech
synthetic_post_0558.jpg,973,5,delicious,developer
synthetic_post_0558.jpg,973,26,delicious,homemade
synthetic_post_0558.jpg,973,1,delicious,innovation
synthetic_post_0558.jpg,973,5,delicious,tech
synthetic_post_0558.jpg,973,2,developer,homemade
synthetic_post_0558.jpg,973,26,developer,innovation
synthetic_post_0558.jpg,973,26,developer,tech
synthetic_post_0558.jpg,973,4,homemade,innovation
synthetic_post_0558.jpg,973,4,homemade,tech
synthetic_post_0558.jpg,973,26,innovation,tech
synthetic_post_0559.jpg,1263,8,adventure,art
synthetic_post_0559.jpg,1263,22,adventure,explore
synthetic_post_0559.jpg,1263,7,adventure,happy
synthetic_post_0559.jpg,1263,26,adventure,travel
synthetic_post_0559.jpg,1263,25,adventure,vacation
synthetic_post_0559.jpg,1263,7,art,explore
synthetic_post_0559.jpg,1263,5,art,happy
synthetic_post_0559.jpg,1263,4,art,travel
synthetic_post_0559.jpg,1263,3,art,vacation
synthetic_post_0559.jpg,1263,5,explore,happy
synthetic_post_0559.jpg,1263,30,explore,travel
synthetic_post_0559.jpg,1263,22,explore,vacation
synthetic_post_0559.jpg,1263,5,happy,travel
synthetic_post_0559.jpg,1263,3,happy,vacation
synthetic_post_0559.jpg,1263,23,travel,vacation
synthetic_post_0560.jpg,781,4,coding,photography
synthetic_post_0560.jpg,781,5,coding,photooftheday
synthetic_post_0560.jpg,781,23,coding,tech
synthetic_post_0560.jpg,781,5,coding,wanderlust
synthetic_post_0560.jpg,781,3,photography,photooftheday
synthetic_post_0560.jpg,781,6,photography,tech
synthetic_post_0560.jpg,781,30,photography,wanderlust
synthetic_post_0560.jpg,781,5,photooftheday,tech
synthetic_post_0560.jpg,781,2,photooftheday,wanderlust
synthetic_post_0560.jpg,781,9,tech,wanderlust
synthetic_post_0561.jpg,757,3,coding,design
synthetic_post_0561.jpg,757,26,coding,developer
synthetic_post_0561.jpg,757,5,coding,photooftheday
synthetic_post_0561.jpg,757,25,coding,software
synthetic_post_0561.jpg,757,3,design,developer
synthetic_post_0561.jpg,757,7,design,photooftheday
synthetic_post_0561.jpg,757,3,design,software
synthetic_post_0561.jpg,757,6,developer,photooftheday
synthetic_post_0561.jpg,757,28,developer,software
synthetic_post_0561.jpg,757,3,photooftheday,software
synthetic_post_0562.jpg,885,23,art,drawing
synthetic_post_0562.jpg,885,24,art,gallery
synthetic_post_0562.jpg,885,23,art,illustration
synthetic_post_0562.jpg,885,4,art,instagood
synthetic_post_0562.jpg,885,5,art,model
synthetic_post_0562.jpg,885,9,art,ootd
synthetic_post_0562.jpg,885,33,drawing,gallery
synthetic_post_0562.jpg,885,24,drawing,illustration
synthetic_post_0562.jpg,885,4,drawing,instagood
synthetic_post_0562.jpg,885,6,drawing,model
synthetic_post_0562.jpg,885,2,drawing,ootd
synthetic_post_0562.jpg,885,28,gallery,illustration
synthetic_post_0562.jpg,885,2,gallery,instagood
synthetic_post_0562.jpg,885,6,gallery,model
synthetic_post_0562.jpg,885,9,gallery,ootd
synthetic_post_0562.jpg,885,1,illustration,instagood
synthetic_post_0562.jpg,885,5,illustration,model
synthetic_post_0562.jpg,885,5,illustration,ootd
synthetic_post_0562.jpg,885,6,instagood,model
synthetic_post_0562.jpg,885,5,instagood,ootd
synthetic_post_0562.jpg,885,20,model,ootd
synthetic_post_0563.jpg,671,22,art,creative
synthetic_post_0563.jpg,671,29,art,design
synthetic_post_0563.jpg,671,23,art,illustration
synthetic_post_0563.jpg,671,2,art,nature
synthetic_post_0563.jpg,671,27,creative,design
synthetic_post_0563.jpg,671,21,creative,illustration
synthetic_post_0563.jpg,671,4,creative,nature
synthetic_post_0563.jpg,671,23,design,illustration
synthetic_post_0563.jpg,671,4,design,nature
synthetic_post_0563.jpg,671,3,illustration,nature
synthetic_post_0564.jpg,1111,3,art,fitfam
synthetic_post_0564.jpg,1111,3,art,fitness
synthetic_post_0564.jpg,1111,6,art,life
synthetic_post_0564.jpg,1111,5,art,training
synthetic_post_0564.jpg,1111,3,art,workout
synthetic_post_0564.jpg,1111,26,fitfam,fitness
synthetic_post_0564.jpg,1111,1,fitfam,life
synthetic_post_0564.jpg,1111,26,fitfam,training
synthetic_post_0564.jpg,1111,25,fitfam,workout
synthetic_post_0564.jpg,1111,6,fitness,life
synthetic_post_0564.jpg,1111,30,fitness,training
synthetic_post_0564.jpg,1111,21,fitness,workout
synthetic_post_0564.jpg,1111,10,life,training
synthetic_post_0564.jpg,1111,7,life,workout
synthetic_post_0564.jpg,1111,42,training,workout
synthetic_post_0565.jpg,1262,6,art,life
synthetic_post_0565.jpg,1262,5,art,model
synthetic_post_0565.jpg,1262,2,art,outfit
synthetic_post_0565.jpg,1262,2,art,streetstyle
synthetic_post_0565.jpg,1262,2,art,style
synthetic_post_0565.jpg,1262,5,life,model
synthetic_post_0565.jpg,1262,8,life,outfit
synthetic_post_0565.jpg,1262,6,life,streetstyle
synthetic_post_0565.jpg,1262,8,life,style
synthetic_post_0565.jpg,1262,23,model,outfit
synthetic_post_0565.jpg,1262,22,model,streetstyle
synthetic_post_0565.jpg,1262,27,model,style
synthetic_post_0565.jpg,1262,26,outfit,streetstyle
synthetic_post_0565.jpg,1262,33,outfit,style
synthetic_post_0565.jpg,1262,22,streetstyle,style
synthetic_post_0566.jpg,1024,20,beauty,fashion
synthetic_post_0566.jpg,1024,2,beauty,fitness
synthetic_post_0566.jpg,1024,9,beauty,like4like
synthetic_post_0566.jpg,1024,18,beauty,model
synthetic_post_0566.jpg,1024,27,beauty,ootd
synthetic_post_0566.jpg,1024,6,fashion,fitness
synthetic_post_0566.jpg,1024,8,fashion,like4like
synthetic_post_0566.jpg,1024,23,fashion,model
synthetic_post_0566.jpg,1024,20,fashion,ootd
synthetic_post_0566.jpg,1024,6,fitness,like4like
synthetic_post_0566.jpg,1024,4,fitness,model
synthetic_post_0566.jpg,1024,7,fitness,ootd
synthetic_post_0566.jpg,1024,8,like4like,model
synthetic_post_0566.jpg,1024,7,like4like,ootd
synthetic_post_0566.jpg,1024,20,model,ootd
synthetic_post_0567.jpg,1043,5,adventure,health
synthetic_post_0567.jpg,1043,4,adventure,life
synthetic_post_0567.jpg,1043,6,adventure,motivation
synthetic_post_0567.jpg,1043,27,adventure,photography
synthetic_post_0567.jpg,1043,5,health,life
synthetic_post_0567.jpg,1043,20,health,motivation
synthetic_post_0567.jpg,1043,4,health,photography
synthetic_post_0567.jpg,1043,5,life,motivation
synthetic_post_0567.jpg,1043,6,life,photography
synthetic_post_0567.jpg,1043,5,motivation,photography
synthetic_post_0568.jpg,771,5,adventure,beauty
synthetic_post_0568.jpg,771,6,adventure,fashion
synthetic_post_0568.jpg,771,8,adventure,style
synthetic_post_0568.jpg,771,20,beauty,fashion
synthetic_post_0568.jpg,771,25,beauty,style
synthetic_post_0568.jpg,771,29,fashion,style
synthetic_post_0569.jpg,624,6,explore,health
synthetic_post_0569.jpg,624,1,explore,photooftheday
synthetic_post_0569.jpg,624,30,explore,travel
synthetic_post_0569.jpg,624,2,health,photooftheday
synthetic_post_0569.jpg,624,7,health,travel
synthetic_post_0569.jpg,624,3,photooftheday,travel
synthetic_post_0570.jpg,475,10,instafood,motivation
synthetic_post_0570.jpg,475,5,instafood,workout
synthetic_post_0570.jpg,475,27,motivation,workout
synthetic_post_0571.jpg,812,5,adventure,creative
synthetic_post_0571.jpg,812,27,adventure,photography
synthetic_post_0571.jpg,812,6,creative,photography
synthetic_post_0572.jpg,844,25,coding,software
synthetic_post_0572.jpg,844,19,coding,startup
synthetic_post_0572.jpg,844,6,coding,style
synthetic_post_0572.jpg,844,23,coding,tech
synthetic_post_0572.jpg,844,25,software,startup
synthetic_post_0572.jpg,844,12,software,style
synthetic_post_0572.jpg,844,26,software,tech
synthetic_post_0572.jpg,844,11,startup,style
synthetic_post_0572.jpg,844,28,startup,tech
synthetic_post_0572.jpg,844,10,style,tech
synthetic_post_0573.jpg,782,6,chef,fitness
synthetic_post_0573.jpg,782,6,chef,gym
synthetic_post_0573.jpg,782,5,chef,workout
synthetic_post_0573.jpg,782,24,fitness,gym
synthetic_post_0573.jpg,782,21,fitness,workout
synthetic_post_0573.jpg,782,24,gym,workout
synthetic_post_0574.jpg,1343,34,ai,developer
synthetic_post_0574.jpg,1343,8,ai,ootd
synthetic_post_0574.jpg,1343,24,ai,software
synthetic_post_0574.jpg,1343,20,ai,startup
synthetic_post_0574.jpg,1343,8,ai,style
synthetic_post_0574.jpg,1343,10,developer,ootd
synthetic_post_0574.jpg,1343,28,developer,software
synthetic_post_0574.jpg,1343,17,developer,startup
synthetic_post_0574.jpg,1343,9,developer,style
synthetic_post_0574.jpg,1343,8,ootd,software
synthetic_post_0574.jpg,1343,7,ootd,startup
synthetic_post_0574.jpg,1343,23,ootd,style
synthetic_post_0574.jpg,1343,25,software,startup
synthetic_post_0574.jpg,1343,12,software,style
synthetic_post_0574.jpg,1343,11,startup,style
synthetic_post_0575.jpg,507,4,foodporn,photooftheday
synthetic_post_0575.jpg,507,25,foodporn,yummy
synthetic_post_0575.jpg,507,6,photooftheday,yummy
synthetic_post_0576.jpg,1101,25,delicious,instafood
synthetic_post_0576.jpg,1101,6,delicious,life
synthetic_post_0576.jpg,1101,2,delicious,nature
synthetic_post_0576.jpg,1101,20,delicious,yummy
synthetic_post_0576.jpg,1101,3,instafood,life
synthetic_post_0576.jpg,1101,5,instafood,nature
synthetic_post_0576.jpg,1101,18,instafood,yummy
synthetic_post_0576.jpg,1101,5,life,nature
synthetic_post_0576.jpg,1101,5,life,yummy
synthetic_post_0576.jpg,1101,4,nature,yummy
synthetic_post_0577.jpg,761,26,fitfam,fitness
synthetic_post_0577.jpg,761,3,fitfam,followme
synthetic_post_0577.jpg,761,7,fitfam,outfit
synthetic_post_0577.jpg,761,25,fitfam,workout
synthetic_post_0577.jpg,761,2,fitness,followme
synthetic_post_0577.jpg,761,5,fitness,outfit
synthetic_post_0577.jpg,761,21,fitness,workout
synthetic_post_0577.jpg,761,7,followme,outfit
synthetic_post_0577.jpg,761,4,followme,workout
synthetic_post_0577.jpg,761,6,outfit,workout
synthetic_post_0578.jpg,734,17,art,artist
synthetic_post_0578.jpg,734,23,art,drawing
synthetic_post_0578.jpg,734,7,art,explore
synthetic_post_0578.jpg,734,4,art,instagood
synthetic_post_0578.jpg,734,27,artist,drawing
synthetic_post_0578.jpg,734,8,artist,explore
synthetic_post_0578.jpg,734,10,artist,instagood
synthetic_post_0578.jpg,734,5,drawing,explore
synthetic_post_0578.jpg,734,4,drawing,instagood
synthetic_post_0578.jpg,734,3,explore,instagood
synthetic_post_0579.jpg,854,5,developer,drawing
synthetic_post_0579.jpg,854,6,developer,gallery
synthetic_post_0579.jpg,854,6,developer,photooftheday
synthetic_post_0579.jpg,854,26,developer,tech
synthetic_post_0579.jpg,854,33,drawing,gallery
synthetic_post_0579.jpg,854,8,drawing,photooftheday
synthetic_post_0579.jpg,854,3,drawing,tech
synthetic_post_0579.jpg,854,6,gallery,photooftheday
synthetic_post_0579.jpg,854,3,gallery,tech
synthetic_post_0579.jpg,854,5,photooftheday,tech
synthetic_post_0580.jpg,1124,25,chef,foodporn
synthetic_post_0580.jpg,1124,25,chef,homemade
synthetic_post_0580.jpg,1124,22,chef,yummy
synthetic_post_0580.jpg,1124,25,foodporn,homemade
synthetic_post_0580.jpg,1124,25,foodporn,yummy
synthetic_post_0580.jpg,1124,20,homemade,yummy
synthetic_post_0581.jpg,762,7,creative,like4like
synthetic_post_0581.jpg,762,5,creative,model
synthetic_post_0581.jpg,762,3,creative,outfit
synthetic_post_0581.jpg,762,7,creative,style
synthetic_post_0581.jpg,762,8,like4like,model
synthetic_post_0581.jpg,762,7,like4like,outfit
synthetic_post_0581.jpg,762,6,like4like,style
synthetic_post_0581.jpg,762,23,model,outfit
synthetic_post_0581.jpg,762,27,model,style
synthetic_post_0581.jpg,762,33,outfit,style
synthetic_post_0582.jpg,996,5,beauty,love
synthetic_post_0582.jpg,996,27,beauty,ootd
synthetic_post_0582.jpg,996,27,beauty,outfit
synthetic_post_0582.jpg,996,17,beauty,streetstyle
synthetic_post_0582.jpg,996,6,love,ootd
synthetic_post_0582.jpg,996,8,love,outfit
synthetic_post_0582.jpg,996,4,love,streetstyle
synthetic_post_0582.jpg,996,22,ootd,outfit
synthetic_post_0582.jpg,996,18,ootd,streetstyle
synthetic_post_0582.jpg,996,26,outfit,streetstyle
synthetic_post_0583.jpg,593,6,delicious,life
synthetic_post_0583.jpg,593,3,delicious,outfit
synthetic_post_0583.jpg,593,20,delicious,yummy
synthetic_post_0583.jpg,593,8,life,outfit
synthetic_post_0583.jpg,593,5,life,yummy
synthetic_post_0583.jpg,593,3,outfit,yummy
synthetic_post_0584.jpg,1009,5,ai,art
synthetic_post_0584.jpg,1009,12,ai,artist
synthetic_post_0584.jpg,1009,7,ai,drawing
synthetic_post_0584.jpg,1009,12,ai,instagood
synthetic_post_0584.jpg,1009,17,art,artist
synthetic_post_0584.jpg,1009,23,art,drawing
synthetic_post_0584.jpg,1009,4,art,instagood
synthetic_post_0584.jpg,1009,27,artist,drawing
synthetic_post_0584.jpg,1009,10,artist,instagood
synthetic_post_0584.jpg,1009,4,drawing,instagood
synthetic_post_0585.jpg,764,3,adventure,foodie
synthetic_post_0585.jpg,764,7,adventure,happy
synthetic_post_0585.jpg,764,27,adventure,photography
synthetic_post_0585.jpg,764,25,adventure,vacation
synthetic_post_0585.jpg,764,7,foodie,happy
synthetic_post_0585.jpg,764,7,foodie,photography
synthetic_post_0585.jpg,764,9,foodie,vacation
synthetic_post_0585.jpg,764,4,happy,photography
synthetic_post_0585.jpg,764,3,happy,vacation
synthetic_post_0585.jpg,764,20,photography,vacation
synthetic_post_0586.jpg,844,5,illustration,ootd
synthetic_post_0586.jpg,844,5,illustration,outfit
synthetic_post_0586.jpg,844,4,illustration,streetstyle
synthetic_post_0586.jpg,844,1,illustration,style
synthetic_post_0586.jpg,844,22,ootd,outfit
synthetic_post_0586.jpg,844,18,ootd,streetstyle
synthetic_post_0586.jpg,844,23,ootd,style
synthetic_post_0586.jpg,844,26,outfit,streetstyle
synthetic_post_0586.jpg,844,33,outfit,style
synthetic_post_0586.jpg,844,22,streetstyle,style
synthetic_post_0587.jpg,768,8,ai,ootd
synthetic_post_0587.jpg,768,24,ai,software
synthetic_post_0587.jpg,768,3,ai,streetstyle
synthetic_post_0587.jpg,768,8,ootd,software
synthetic_post_0587.jpg,768,18,ootd,streetstyle
synthetic_post_0587.jpg,768,5,software,streetstyle
synthetic_post_0588.jpg,785,4,chef,model
synthetic_post_0588.jpg,785,3,chef,streetstyle
synthetic_post_0588.jpg,785,22,chef,yummy
synthetic_post_0588.jpg,785,22,model,streetstyle
synthetic_post_0588.jpg,785,4,model,yummy
synthetic_post_0588.jpg,785,4,streetstyle,yummy
synthetic_post_0589.jpg,845,5,ai,art
synthetic_post_0589.jpg,845,12,ai,artist
synthetic_post_0589.jpg,845,7,ai,drawing
synthetic_post_0589.jpg,845,5,ai,photooftheday
synthetic_post_0589.jpg,845,20,ai,startup
synthetic_post_0589.jpg,845,17,art,artist
synthetic_post_0589.jpg,845,23,art,drawing
synthetic_post_0589.jpg,845,7,art,photooftheday
synthetic_post_0589.jpg,845,4,art,startup
synthetic_post_0589.jpg,845,27,artist,drawing
synthetic_post_0589.jpg,845,6,artist,photooftheday
synthetic_post_0589.jpg,845,7,artist,startup
synthetic_post_0589.jpg,845,8,drawing,photooftheday
synthetic_post_0589.jpg,845,5,drawing,startup
synthetic_post_0589.jpg,845,3,photooftheday,startup
synthetic_post_0590.jpg,655,26,fitfam,fitness
synthetic_post_0590.jpg,655,21,fitfam,health
synthetic_post_0590.jpg,655,3,fitfam,instafood
synthetic_post_0590.jpg,655,26,fitfam,training
synthetic_post_0590.jpg,655,5,fitfam,yummy
synthetic_post_0590.jpg,655,23,fitness,health
synthetic_post_0590.jpg,655,7,fitness,instafood
synthetic_post_0590.jpg,655,30,fitness,training
synthetic_post_0590.jpg,655,3,fitness,yummy
synthetic_post_0590.jpg,655,6,health,instafood
synthetic_post_0590.jpg,655,22,health,training
synthetic_post_0590.jpg,655,1,health,yummy
synthetic_post_0590.jpg,655,3,instafood,training
synthetic_post_0590.jpg,655,18,instafood,yummy
synthetic_post_0590.jpg,655,6,training,yummy
synthetic_post_0591.jpg,962,26,fitfam,fitness
synthetic_post_0591.jpg,962,2,fitfam,illustration
synthetic_post_0591.jpg,962,15,fitfam,motivation
synthetic_post_0591.jpg,962,26,fitfam,training
synthetic_post_0591.jpg,962,4,fitness,illustration
synthetic_post_0591.jpg,962,26,fitness,motivation
synthetic_post_0591.jpg,962,30,fitness,training
synthetic_post_0591.jpg,962,4,illustration,motivation
synthetic_post_0591.jpg,962,4,illustration,training
synthetic_post_0591.jpg,962,29,motivation,training
synthetic_post_0592.jpg,603,26,developer,tech
synthetic_post_0592.jpg,603,5,developer,travel
synthetic_post_0592.jpg,603,6,developer,wanderlust
synthetic_post_0592.jpg,603,4,tech,travel
synthetic_post_0592.jpg,603,9,tech,wanderlust
synthetic_post_0592.jpg,603,23,travel,wanderlust
synthetic_post_0593.jpg,942,8,adventure,art
synthetic_post_0593.jpg,942,4,adventure,artist
synthetic_post_0593.jpg,942,3,adventure,design
synthetic_post_0593.jpg,942,5,adventure,illustration
synthetic_post_0593.jpg,942,17,art,artist
synthetic_post_0593.jpg,942,29,art,design
synthetic_post_0593.jpg,942,23,art,illustration
synthetic_post_0593.jpg,942,24,artist,design
synthetic_post_0593.jpg,942,30,artist,illustration
synthetic_post_0593.jpg,942,23,design,illustration
synthetic_post_0594.jpg,878,6,chef,fitness
synthetic_post_0594.jpg,878,32,chef,foodie
synthetic_post_0594.jpg,878,4,chef,instagood
synthetic_post_0594.jpg,878,5,chef,training
synthetic_post_0594.jpg,878,7,fitness,foodie
synthetic_post_0594.jpg,878,4,fitness,instagood
synthetic_post_0594.jpg,878,30,fitness,training
synthetic_post_0594.jpg,878,4,foodie,instagood
synthetic_post_0594.jpg,878,8,foodie,training
synthetic_post_0594.jpg,878,4,instagood,training
synthetic_post_0595.jpg,873,5,beauty,innovation
synthetic_post_0595.jpg,873,4,beauty,instagood
synthetic_post_0595.jpg,873,27,beauty,ootd
synthetic_post_0595.jpg,873,7,beauty,startup
synthetic_post_0595.jpg,873,9,innovation,instagood
synthetic_post_0595.jpg,873,5,innovation,ootd
synthetic_post_0595.jpg,873,28,innovation,startup
synthetic_post_0595.jpg,873,5,instagood,ootd
synthetic_post_0595.jpg,873,10,instagood,startup
synthetic_post_0595.jpg,873,7,ootd,startup
synthetic_post_0596.jpg,450,26,fitfam,fitness
synthetic_post_0597.jpg,965,17,art,artist
synthetic_post_0597.jpg,965,3,art,developer
synthetic_post_0597.jpg,965,24,art,gallery
synthetic_post_0597.jpg,965,4,art,startup
synthetic_post_0597.jpg,965,6,artist,developer
synthetic_post_0597.jpg,965,26,artist,gallery
synthetic_post_0597.jpg,965,7,artist,startup
synthetic_post_0597.jpg,965,6,developer,gallery
synthetic_post_0597.jpg,965,17,developer,startup
synthetic_post_0597.jpg,965,5,gallery,startup
synthetic_post_0598.jpg,566,30,artist,creative
synthetic_post_0599.jpg,608,3,art,coding
synthetic_post_0599.jpg,608,3,art,innovation
synthetic_post_0599.jpg,608,4,art,startup
synthetic_post_0599.jpg,608,3,art,tech
synthetic_post_0599.jpg,608,21,coding,innovation
synthetic_post_0599.jpg,608,19,coding,startup
synthetic_post_0599.jpg,608,23,coding,tech
synthetic_post_0599.jpg,608,28,innovation,startup
synthetic_post_0599.jpg,608,26,innovation,tech
synthetic_post_0599.jpg,608,28,startup,tech
synthetic_post_0600.jpg,1076,5,followme,foodporn
synthetic_post_0600.jpg,1076,4,followme,gym
synthetic_post_0600.jpg,1076,6,followme,homemade
synthetic_post_0600.jpg,1076,3,followme,instafood
synthetic_post_0600.jpg,1076,5,followme,motivation
synthetic_post_0600.jpg,1076,5,foodporn,gym
synthetic_post_0600.jpg,1076,25,foodporn,homemade
synthetic_post_0600.jpg,1076,27,foodporn,instafood
synthetic_post_0600.jpg,1076,5,foodporn,motivation
synthetic_post_0600.jpg,1076,2,gym,homemade
synthetic_post_0600.jpg,1076,4,gym,instafood
synthetic_post_0600.jpg,1076,28,gym,motivation
synthetic_post_0600.jpg,1076,27,homemade,instafood
synthetic_post_0600.jpg,1076,2,homemade,motivation
synthetic_post_0600.jpg,1076,10,instafood,motivation
synthetic_post_0601.jpg,1464,26,coding,developer
synthetic_post_0601.jpg,1464,3,coding,love
synthetic_post_0601.jpg,1464,6,coding,ootd
synthetic_post_0601.jpg,1464,25,coding,software
synthetic_post_0601.jpg,1464,6,coding,style
synthetic_post_0601.jpg,1464,23,coding,tech
synthetic_post_0601.jpg,1464,2,developer,love
synthetic_post_0601.jpg,1464,10,developer,ootd
synthetic_post_0601.jpg,1464,28,developer,software
synthetic_post_0601.jpg,1464,9,developer,style
synthetic_post_0601.jpg,1464,26,developer,tech
synthetic_post_0601.jpg,1464,6,love,ootd
synthetic_post_0601.jpg,1464,3,love,software
synthetic_post_0601.jpg,1464,3,love,style
synthetic_post_0601.jpg,1464,4,love,tech
synthetic_post_0601.jpg,1464,8,ootd,software
synthetic_post_0601.jpg,1464,23,ootd,style
synthetic_post_0601.jpg,1464,9,ootd,tech
synthetic_post_0601.jpg,1464,12,software,style
synthetic_post_0601.jpg,1464,26,software,tech
synthetic_post_0601.jpg,1464,10,style,tech
synthetic_post_0602.jpg,734,5,artist,fashion
synthetic_post_0602.jpg,734,10,artist,instagood
synthetic_post_0602.jpg,734,4,artist,outfit
synthetic_post_0602.jpg,734,6,fashion,instagood
synthetic_post_0602.jpg,734,26,fashion,outfit
synthetic_post_0602.jpg,734,4,instagood,outfit
synthetic_post_0603.jpg,676,34,ai,developer
synthetic_post_0603.jpg,676,4,ai,happy
synthetic_post_0603.jpg,676,25,ai,innovation
synthetic_post_0603.jpg,676,7,ai,photography
synthetic_post_0603.jpg,676,3,developer,happy
synthetic_post_0603.jpg,676,26,developer,innovation
synthetic_post_0603.jpg,676,9,developer,photography
synthetic_post_0603.jpg,676,4,happy,innovation
synthetic_post_0603.jpg,676,4,happy,photography
synthetic_post_0603.jpg,676,7,innovation,photography
synthetic_post_0604.jpg,1040,5,adventure,beauty
synthetic_post_0604.jpg,1040,4,adventure,outfit
synthetic_post_0604.jpg,1040,8,adventure,style
synthetic_post_0604.jpg,1040,25,adventure,vacation
synthetic_post_0604.jpg,1040,27,beauty,outfit
synthetic_post_0604.jpg,1040,25,beauty,style
synthetic_post_0604.jpg,1040,9,beauty,vacation
synthetic_post_0604.jpg,1040,33,outfit,style
synthetic_post_0604.jpg,1040,7,outfit,vacation
synthetic_post_0604.jpg,1040,5,style,vacation
synthetic_post_0605.jpg,1302,34,ai,developer
synthetic_post_0605.jpg,1302,4,ai,gym
synthetic_post_0605.jpg,1302,3,ai,health
synthetic_post_0605.jpg,1302,4,ai,training
synthetic_post_0605.jpg,1302,4,ai,workout
synthetic_post_0605.jpg,1302,9,developer,gym
synthetic_post_0605.jpg,1302,6,developer,health
synthetic_post_0605.jpg,1302,6,developer,training
synthetic_post_0605.jpg,1302,2,developer,workout
synthetic_post_0605.jpg,1302,18,gym,health
synthetic_post_0605.jpg,1302,26,gym,training
synthetic_post_0605.jpg,1302,24,gym,workout
synthetic_post_0605.jpg,1302,22,health,training
synthetic_post_0605.jpg,1302,17,health,workout
synthetic_post_0605.jpg,1302,42,training,workout
synthetic_post_0606.jpg,607,28,delicious,foodie
synthetic_post_0607.jpg,954,8,fashion,fitfam
synthetic_post_0607.jpg,954,23,fashion,model
synthetic_post_0607.jpg,954,26,fashion,outfit
synthetic_post_0607.jpg,954,22,fashion,streetstyle
synthetic_post_0607.jpg,954,4,fitfam,model
synthetic_post_0607.jpg,954,7,fitfam,outfit
synthetic_post_0607.jpg,954,3,fitfam,streetstyle
synthetic_post_0607.jpg,954,23,model,outfit
synthetic_post_0607.jpg,954,22,model,streetstyle
synthetic_post_0607.jpg,954,26,outfit,streetstyle
synthetic_post_0608.jpg,527,29,art,design
synthetic_post_0608.jpg,527,23,art,drawing
synthetic_post_0608.jpg,527,23,design,drawing
synthetic_post_0609.jpg,894,28,gym,motivation
synthetic_post_0609.jpg,894,4,gym,startup
synthetic_post_0609.jpg,894,24,gym,workout
synthetic_post_0609.jpg,894,4,motivation,startup
synthetic_post_0609.jpg,894,27,motivation,workout
synthetic_post_0609.jpg,894,8,startup,workout
synthetic_post_0610.jpg,724,12,ai,artist
synthetic_post_0610.jpg,724,25,ai,coding
synthetic_post_0610.jpg,724,6,ai,illustration
synthetic_post_0610.jpg,724,5,ai,photooftheday
synthetic_post_0610.jpg,724,6,artist,coding
synthetic_post_0610.jpg,724,30,artist,illustration
synthetic_post_0610.jpg,724,6,artist,photooftheday
synthetic_post_0610.jpg,724,3,coding,illustration
synthetic_post_0610.jpg,724,5,coding,photooftheday
synthetic_post_0610.jpg,724,7,illustration,photooftheday
synthetic_post_0611.jpg,708,30,artist,creative
synthetic_post_0611.jpg,708,26,artist,gallery
synthetic_post_0611.jpg,708,6,artist,innovation
synthetic_post_0611.jpg,708,6,artist,photooftheday
synthetic_post_0611.jpg,708,24,creative,gallery
synthetic_post_0611.jpg,708,2,creative,innovation
synthetic_post_0611.jpg,708,7,creative,photooftheday
synthetic_post_0611.jpg,708,5,gallery,innovation
synthetic_post_0611.jpg,708,6,gallery,photooftheday
synthetic_post_0611.jpg,708,2,innovation,photooftheday
synthetic_post_0612.jpg,1039,25,ai,coding
synthetic_post_0612.jpg,1039,34,ai,developer
synthetic_post_0612.jpg,1039,25,ai,innovation
synthetic_post_0612.jpg,1039,12,ai,instagood
synthetic_post_0612.jpg,1039,8,ai,ootd
synthetic_post_0612.jpg,1039,26,coding,developer
synthetic_post_0612.jpg,1039,21,coding,innovation
synthetic_post_0612.jpg,1039,7,coding,instagood
synthetic_post_0612.jpg,1039,6,coding,ootd
synthetic_post_0612.jpg,1039,26,developer,innovation
synthetic_post_0612.jpg,1039,8,developer,instagood
synthetic_post_0612.jpg,1039,10,developer,ootd
synthetic_post_0612.jpg,1039,9,innovation,instagood
synthetic_post_0612.jpg,1039,5,innovation,ootd
synthetic_post_0612.jpg,1039,5,instagood,ootd
synthetic_post_0613.jpg,516,25,foodporn,homemade
synthetic_post_0614.jpg,889,9,fitness,happy
synthetic_post_0614.jpg,889,3,fitness,nature
synthetic_post_0614.jpg,889,30,fitness,training
synthetic_post_0614.jpg,889,1,fitness,travel
synthetic_post_0614.jpg,889,21,fitness,workout
synthetic_post_0614.jpg,889,4,happy,nature
synthetic_post_0614.jpg,889,6,happy,training
synthetic_post_0614.jpg,889,5,happy,travel
synthetic_post_0614.jpg,889,5,happy,workout
synthetic_post_0614.jpg,889,4,nature,training
synthetic_post_0614.jpg,889,27,nature,travel
synthetic_post_0614.jpg,889,4,nature,workout
synthetic_post_0614.jpg,889,5,training,travel
synthetic_post_0614.jpg,889,42,training,workout
synthetic_post_0614.jpg,889,2,travel,workout
synthetic_post_0615.jpg,1252,22,adventure,explore
synthetic_post_0615.jpg,1252,4,adventure,instafood
synthetic_post_0615.jpg,1252,26,adventure,travel
synthetic_post_0615.jpg,1252,25,adventure,vacation
synthetic_post_0615.jpg,1252,5,adventure,yummy
synthetic_post_0615.jpg,1252,3,explore,instafood
synthetic_post_0615.jpg,1252,30,explore,travel
synthetic_post_0615.jpg,1252,22,explore,vacation
synthetic_post_0615.jpg,1252,6,explore,yummy
synthetic_post_0615.jpg,1252,5,instafood,travel
synthetic_post_0615.jpg,1252,8,instafood,vacation
synthetic_post_0615.jpg,1252,18,instafood,yummy
synthetic_post_0615.jpg,1252,23,travel,vacation
synthetic_post_0615.jpg,1252,11,travel,yummy
synthetic_post_0615.jpg,1252,9,vacation,yummy
synthetic_post_0616.jpg,836,27,beauty,ootd
synthetic_post_0616.jpg,836,7,beauty,tech
synthetic_post_0616.jpg,836,9,ootd,tech
synthetic_post_0617.jpg,741,8,fashion,fitfam
synthetic_post_0617.jpg,741,4,fashion,health
synthetic_post_0617.jpg,741,8,fashion,motivation
synthetic_post_0617.jpg,741,10,fashion,training
synthetic_post_0617.jpg,741,21,fitfam,health
synthetic_post_0617.jpg,741,15,fitfam,motivation
synthetic_post_0617.jpg,741,26,fitfam,training
synthetic_post_0617.jpg,741,20,health,motivation
synthetic_post_0617.jpg,741,22,health,training
synthetic_post_0617.jpg,741,29,motivation,training
synthetic_post_0618.jpg,972,5,beauty,innovation
synthetic_post_0618.jpg,972,27,beauty,outfit
synthetic_post_0618.jpg,972,7,beauty,startup
synthetic_post_0618.jpg,972,7,beauty,tech
synthetic_post_0618.jpg,972,8,innovation,outfit
synthetic_post_0618.jpg,972,28,innovation,startup
synthetic_post_0618.jpg,972,26,innovation,tech
synthetic_post_0618.jpg,972,9,outfit,startup
synthetic_post_0618.jpg,972,9,outfit,tech
synthetic_post_0618.jpg,972,28,startup,tech
synthetic_post_0619.jpg,1232,4,explore,foodporn
synthetic_post_0619.jpg,1232,30,explore,travel
synthetic_post_0619.jpg,1232,22,explore,vacation
synthetic_post_0619.jpg,1232,6,explore,yummy
synthetic_post_0619.jpg,1232,5,foodporn,travel
synthetic_post_0619.jpg,1232,6,foodporn,vacation
synthetic_post_0619.jpg,1232,25,foodporn,yummy
synthetic_post_0619.jpg,1232,23,travel,vacation
synthetic_post_0619.jpg,1232,11,travel,yummy
synthetic_post_0619.jpg,1232,9,vacation,yummy
synthetic_post_0620.jpg,1247,22,adventure,explore
synthetic_post_0620.jpg,1247,7,adventure,happy
synthetic_post_0620.jpg,1247,4,adventure,model
synthetic_post_0620.jpg,1247,8,adventure,style
synthetic_post_0620.jpg,1247,26,adventure,travel
synthetic_post_0620.jpg,1247,23,adventure,wanderlust
synthetic_post_0620.jpg,1247,5,explore,happy
synthetic_post_0620.jpg,1247,4,explore,model
synthetic_post_0620.jpg,1247,2,explore,style
synthetic_post_0620.jpg,1247,30,explore,travel
synthetic_post_0620.jpg,1247,25,explore,wanderlust
synthetic_post_0620.jpg,1247,10,happy,model
synthetic_post_0620.jpg,1247,7,happy,style
synthetic_post_0620.jpg,1247,5,happy,travel
synthetic_post_0620.jpg,1247,5,happy,wanderlust
synthetic_post_0620.jpg,1247,27,model,style
synthetic_post_0620.jpg,1247,8,model,travel
synthetic_post_0620.jpg,1247,6,model,wanderlust
synthetic_post_0620.jpg,1247,6,style,travel
synthetic_post_0620.jpg,1247,3,style,wanderlust
synthetic_post_0620.jpg,1247,23,travel,wanderlust
synthetic_post_0621.jpg,1129,19,foodie,homemade
synthetic_post_0621.jpg,1129,4,foodie,innovation
synthetic_post_0621.jpg,1129,28,foodie,instafood
synthetic_post_0621.jpg,1129,5,foodie,software
synthetic_post_0621.jpg,1129,23,foodie,yummy
synthetic_post_0621.jpg,1129,4,homemade,innovation
synthetic_post_0621.jpg,1129,27,homemade,instafood
synthetic_post_0621.jpg,1129,6,homemade,software
synthetic_post_0621.jpg,1129,20,homemade,yummy
synthetic_post_0621.jpg,1129,5,innovation,instafood
synthetic_post_0621.jpg,1129,25,innovation,software
synthetic_post_0621.jpg,1129,3,innovation,yummy
synthetic_post_0621.jpg,1129,2,instafood,software
synthetic_post_0621.jpg,1129,18,instafood,yummy
synthetic_post_0621.jpg,1129,3,software,yummy
synthetic_post_0622.jpg,631,21,nature,photography
synthetic_post_0622.jpg,631,21,nature,wanderlust
synthetic_post_0622.jpg,631,30,photography,wanderlust
synthetic_post_0623.jpg,1130,22,adventure,explore
synthetic_post_0623.jpg,1130,3,adventure,innovation
synthetic_post_0623.jpg,1130,27,adventure,photography
synthetic_post_0623.jpg,1130,4,adventure,software
synthetic_post_0623.jpg,1130,23,adventure,wanderlust
synthetic_post_0623.jpg,1130,3,explore,innovation
synthetic_post_0623.jpg,1130,15,explore,photography
synthetic_post_0623.jpg,1130,3,explore,software
synthetic_post_0623.jpg,1130,25,explore,wanderlust
synthetic_post_0623.jpg,1130,7,innovation,photography
synthetic_post_0623.jpg,1130,25,innovation,software
synthetic_post_0623.jpg,1130,4,innovation,wanderlust
synthetic_post_0623.jpg,1130,7,photography,software
synthetic_post_0623.jpg,1130,30,photography,wanderlust
synthetic_post_0623.jpg,1130,4,software,wanderlust
synthetic_post_0624.jpg,535,3,beauty,fitfam
synthetic_post_0624.jpg,535,27,beauty,ootd
synthetic_post_0624.jpg,535,6,fitfam,ootd
synthetic_post_0625.jpg,711,33,drawing,gallery
synthetic_post_0625.jpg,711,24,drawing,illustration
synthetic_post_0625.jpg,711,8,drawing,photography
synthetic_post_0625.jpg,711,11,drawing,wanderlust
synthetic_post_0625.jpg,711,28,gallery,illustration
synthetic_post_0625.jpg,711,9,gallery,photography
synthetic_post_0625.jpg,711,8,gallery,wanderlust
synthetic_post_0625.jpg,711,2,illustration,photography
synthetic_post_0625.jpg,711,4,illustration,wanderlust
synthetic_post_0625.jpg,711,30,photography,wanderlust
synthetic_post_0626.jpg,1378,26,foodie,foodporn
synthetic_post_0626.jpg,1378,28,foodie,instafood
synthetic_post_0626.jpg,1378,4,foodie,ootd
synthetic_post_0626.jpg,1378,4,foodie,outfit
synthetic_post_0626.jpg,1378,23,foodie,yummy
synthetic_post_0626.jpg,1378,27,foodporn,instafood
synthetic_post_0626.jpg,1378,2,foodporn,ootd
synthetic_post_0626.jpg,1378,5,foodporn,outfit
synthetic_post_0626.jpg,1378,25,foodporn,yummy
synthetic_post_0626.jpg,1378,4,instafood,ootd
synthetic_post_0626.jpg,1378,7,instafood,outfit
synthetic_post_0626.jpg,1378,18,instafood,yummy
synthetic_post_0626.jpg,1378,22,ootd,outfit
synthetic_post_0626.jpg,1378,2,ootd,yummy
synthetic_post_0626.jpg,1378,3,outfit,yummy
synthetic_post_0627.jpg,1276,29,art,design
synthetic_post_0627.jpg,1276,24,art,gallery
synthetic_post_0627.jpg,1276,23,art,illustration
synthetic_post_0627.jpg,1276,4,art,instafood
synthetic_post_0627.jpg,1276,21,design,gallery
synthetic_post_0627.jpg,1276,23,design,illustration
synthetic_post_0627.jpg,1276,7,design,instafood
synthetic_post_0627.jpg,1276,28,gallery,illustration
synthetic_post_0627.jpg,1276,6,gallery,instafood
synthetic_post_0627.jpg,1276,7,illustration,instafood
synthetic_post_0628.jpg,706,27,artist,drawing
synthetic_post_0628.jpg,706,26,artist,gallery
synthetic_post_0628.jpg,706,6,artist,model
synthetic_post_0628.jpg,706,33,drawing,gallery
synthetic_post_0628.jpg,706,6,drawing,model
synthetic_post_0628.jpg,706,6,gallery,model
synthetic_post_0629.jpg,1096,21,fitfam,health
synthetic_post_0629.jpg,1096,3,fitfam,photography
synthetic_post_0629.jpg,1096,4,fitfam,travel
synthetic_post_0629.jpg,1096,4,fitfam,wanderlust
synthetic_post_0629.jpg,1096,4,health,photography
synthetic_post_0629.jpg,1096,7,health,travel
synthetic_post_0629.jpg,1096,2,health,wanderlust
synthetic_post_0629.jpg,1096,25,photography,travel
synthetic_post_0629.jpg,1096,30,photography,wanderlust
synthetic_post_0629.jpg,1096,23,travel,wanderlust
synthetic_post_0630.jpg,988,5,fashion,followme
synthetic_post_0630.jpg,988,8,fashion,motivation
synthetic_post_0630.jpg,988,26,fashion,outfit
synthetic_post_0630.jpg,988,22,fashion,streetstyle
synthetic_post_0630.jpg,988,29,fashion,style
synthetic_post_0630.jpg,988,10,fashion,training
synthetic_post_0630.jpg,988,5,followme,motivation
synthetic_post_0630.jpg,988,7,followme,outfit
synthetic_post_0630.jpg,988,3,followme,streetstyle
synthetic_post_0630.jpg,988,2,followme,style
synthetic_post_0630.jpg,988,4,followme,training
synthetic_post_0630.jpg,988,6,motivation,outfit
synthetic_post_0630.jpg,988,6,motivation,streetstyle
synthetic_post_0630.jpg,988,6,motivation,style
synthetic_post_0630.jpg,988,29,motivation,training
synthetic_post_0630.jpg,988,26,outfit,streetstyle
synthetic_post_0630.jpg,988,33,outfit,style
synthetic_post_0630.jpg,988,3,outfit,training
synthetic_post_0630.jpg,988,22,streetstyle,style
synthetic_post_0630.jpg,988,2,streetstyle,training
synthetic_post_0630.jpg,988,6,style,training
synthetic_post_0631.jpg,1239,5,model,nature
synthetic_post_0631.jpg,1239,20,model,ootd
synthetic_post_0631.jpg,1239,5,model,photography
synthetic_post_0631.jpg,1239,8,model,travel
synthetic_post_0631.jpg,1239,6,model,wanderlust
synthetic_post_0631.jpg,1239,4,nature,ootd
synthetic_post_0631.jpg,1239,21,nature,photography
synthetic_post_0631.jpg,1239,27,nature,travel
synthetic_post_0631.jpg,1239,21,nature,wanderlust
synthetic_post_0631.jpg,1239,5,ootd,photography
synthetic_post_0631.jpg,1239,4,ootd,travel
synthetic_post_0631.jpg,1239,2,ootd,wanderlust
synthetic_post_0631.jpg,1239,25,photography,travel
synthetic_post_0631.jpg,1239,30,photography,wanderlust
synthetic_post_0631.jpg,1239,23,travel,wanderlust
synthetic_post_0632.jpg,635,3,fitfam,nature
synthetic_post_0632.jpg,635,3,fitfam,photography
synthetic_post_0632.jpg,635,21,nature,photography
synthetic_post_0633.jpg,750,21,coding,innovation
synthetic_post_0633.jpg,750,25,coding,software
synthetic_post_0633.jpg,750,23,coding,tech
synthetic_post_0633.jpg,750,25,innovation,software
synthetic_post_0633.jpg,750,26,innovation,tech
synthetic_post_0633.jpg,750,26,software,tech
synthetic_post_0634.jpg,1279,32,chef,foodie
synthetic_post_0634.jpg,1279,4,chef,love
synthetic_post_0634.jpg,1279,5,chef,photography
synthetic_post_0634.jpg,1279,4,chef,travel
synthetic_post_0634.jpg,1279,7,chef,vacation
synthetic_post_0634.jpg,1279,6,chef,wanderlust
synthetic_post_0634.jpg,1279,6,foodie,love
synthetic_post_0634.jpg,1279,7,foodie,photography
synthetic_post_0634.jpg,1279,6,foodie,travel
synthetic_post_0634.jpg,1279,9,foodie,vacation
synthetic_post_0634.jpg,1279,6,foodie,wanderlust
synthetic_post_0634.jpg,1279,4,love,photography
synthetic_post_0634.jpg,1279,6,love,travel
synthetic_post_0634.jpg,1279,5,love,vacation
synthetic_post_0634.jpg,1279,7,love,wanderlust
synthetic_post_0634.jpg,1279,25,photography,travel
synthetic_post_0634.jpg,1279,20,photography,vacation
synthetic_post_0634.jpg,1279,30,photography,wanderlust
synthetic_post_0634.jpg,1279,23,travel,vacation
synthetic_post_0634.jpg,1279,23,travel,wanderlust
synthetic_post_0634.jpg,1279,17,vacation,wanderlust
synthetic_post_0635.jpg,984,4,delicious,gym
synthetic_post_0635.jpg,984,2,delicious,health
synthetic_post_0635.jpg,984,25,delicious,instafood
synthetic_post_0635.jpg,984,18,gym,health
synthetic_post_0635.jpg,984,4,gym,instafood
synthetic_post_0635.jpg,984,6,health,instafood
synthetic_post_0636.jpg,650,17,art,artist
synthetic_post_0636.jpg,650,7,art,explore
synthetic_post_0636.jpg,650,8,artist,explore
synthetic_post_0637.jpg,1156,5,adventure,ai
synthetic_post_0637.jpg,1156,22,adventure,explore
synthetic_post_0637.jpg,1156,5,adventure,tech
synthetic_post_0637.jpg,1156,23,adventure,wanderlust
synthetic_post_0637.jpg,1156,3,ai,explore
synthetic_post_0637.jpg,1156,27,ai,tech
synthetic_post_0637.jpg,1156,6,ai,wanderlust
synthetic_post_0637.jpg,1156,5,explore,tech
synthetic_post_0637.jpg,1156,25,explore,wanderlust
synthetic_post_0637.jpg,1156,9,tech,wanderlust
synthetic_post_0638.jpg,524,30,artist,creative
synthetic_post_0638.jpg,524,27,artist,drawing
synthetic_post_0638.jpg,524,26,artist,gallery
synthetic_post_0638.jpg,524,23,creative,drawing
synthetic_post_0638.jpg,524,24,creative,gallery
synthetic_post_0638.jpg,524,33,drawing,gallery
synthetic_post_0639.jpg,868,3,explore,fitfam
synthetic_post_0639.jpg,868,2,explore,fitness
synthetic_post_0639.jpg,868,6,explore,health
synthetic_post_0639.jpg,868,4,explore,motivation
synthetic_post_0639.jpg,868,26,fitfam,fitness
synthetic_post_0639.jpg,868,21,fitfam,health
synthetic_post_0639.jpg,868,15,fitfam,motivation
synthetic_post_0639.jpg,868,23,fitness,health
synthetic_post_0639.jpg,868,26,fitness,motivation
synthetic_post_0639.jpg,868,20,health,motivation
synthetic_post_0640.jpg,785,8,adventure,style
synthetic_post_0640.jpg,785,26,adventure,travel
synthetic_post_0640.jpg,785,6,style,travel
synthetic_post_0641.jpg,1121,26,coding,developer
synthetic_post_0641.jpg,1121,2,coding,explore
synthetic_post_0641.jpg,1121,5,coding,wanderlust
synthetic_post_0641.jpg,1121,7,developer,explore
synthetic_post_0641.jpg,1121,6,developer,wanderlust
synthetic_post_0641.jpg,1121,25,explore,wanderlust
synthetic_post_0642.jpg,1397,27,artist,drawing
synthetic_post_0642.jpg,1397,3,artist,followme
synthetic_post_0642.jpg,1397,26,artist,gallery
synthetic_post_0642.jpg,1397,30,artist,illustration
synthetic_post_0642.jpg,1397,6,artist,innovation
synthetic_post_0642.jpg,1397,7,artist,startup
synthetic_post_0642.jpg,1397,6,drawing,followme
synthetic_post_0642.jpg,1397,33,drawing,gallery
synthetic_post_0642.jpg,1397,24,drawing,illustration
synthetic_post_0642.jpg,1397,3,drawing,innovation
synthetic_post_0642.jpg,1397,5,drawing,startup
synthetic_post_0642.jpg,1397,7,followme,gallery
synthetic_post_0642.jpg,1397,3,followme,illustration
synthetic_post_0642.jpg,1397,2,followme,innovation
synthetic_post_0642.jpg,1397,3,followme,startup
synthetic_post_0642.jpg,1397,28,gallery,illustration
synthetic_post_0642.jpg,1397,5,gallery,innovation
synthetic_post_0642.jpg,1397,5,gallery,startup
synthetic_post_0642.jpg,1397,4,illustration,innovation
synthetic_post_0642.jpg,1397,4,illustration,startup
synthetic_post_0642.jpg,1397,28,innovation,startup
synthetic_post_0643.jpg,856,8,fashion,fitfam
synthetic_post_0643.jpg,856,4,fashion,gym
synthetic_post_0643.jpg,856,23,fashion,model
synthetic_post_0643.jpg,856,10,fashion,training
synthetic_post_0643.jpg,856,6,fashion,workout
synthetic_post_0643.jpg,856,15,fitfam,gym
synthetic_post_0643.jpg,856,4,fitfam,model
synthetic_post_0643.jpg,856,26,fitfam,training
synthetic_post_0643.jpg,856,25,fitfam,workout
synthetic_post_0643.jpg,856,6,gym,model
synthetic_post_0643.jpg,856,26,gym,training
synthetic_post_0643.jpg,856,24,gym,workout
synthetic_post_0643.jpg,856,8,model,training
synthetic_post_0643.jpg,856,7,model,workout
synthetic_post_0643.jpg,856,42,training,workout
synthetic_post_0644.jpg,889,4,ai,foodie
synthetic_post_0644.jpg,889,5,ai,homemade
synthetic_post_0644.jpg,889,20,ai,startup
synthetic_post_0644.jpg,889,19,foodie,homemade
synthetic_post_0644.jpg,889,5,foodie,startup
synthetic_post_0644.jpg,889,5,homemade,startup
synthetic_post_0645.jpg,413,29,art,design
synthetic_post_0645.jpg,413,23,art,drawing
synthetic_post_0645.jpg,413,24,art,gallery
synthetic_post_0645.jpg,413,23,design,drawing
synthetic_post_0645.jpg,413,21,design,gallery
synthetic_post_0645.jpg,413,33,drawing,gallery
synthetic_post_0646.jpg,718,3,innovation,like4like
synthetic_post_0646.jpg,718,28,innovation,startup
synthetic_post_0646.jpg,718,8,innovation,style
synthetic_post_0646.jpg,718,10,like4like,startup
synthetic_post_0646.jpg,718,6,like4like,style
synthetic_post_0646.jpg,718,11,startup,style
synthetic_post_0647.jpg,625,27,homemade,instafood
synthetic_post_0647.jpg,625,4,homemade,training
synthetic_post_0647.jpg,625,3,instafood,training
synthetic_post_0648.jpg,831,3,adventure,design
synthetic_post_0648.jpg,831,22,adventure,explore
synthetic_post_0648.jpg,831,20,adventure,nature
synthetic_post_0648.jpg,831,23,adventure,wanderlust
synthetic_post_0648.jpg,831,6,design,explore
synthetic_post_0648.jpg,831,4,design,nature
synthetic_post_0648.jpg,831,9,design,wanderlust
synthetic_post_0648.jpg,831,25,explore,nature
synthetic_post_0648.jpg,831,25,explore,wanderlust
synthetic_post_0648.jpg,831,21,nature,wanderlust
synthetic_post_0649.jpg,677,5,adventure,love
synthetic_post_0649.jpg,677,6,adventure,motivation
synthetic_post_0649.jpg,677,4,adventure,workout
synthetic_post_0649.jpg,677,4,love,motivation
synthetic_post_0649.jpg,677,2,love,workout
synthetic_post_0649.jpg,677,27,motivation,workout
synthetic_post_0650.jpg,869,6,adventure,fashion
synthetic_post_0650.jpg,869,4,adventure,ootd
synthetic_post_0650.jpg,869,4,adventure,photooftheday
synthetic_post_0650.jpg,869,8,adventure,style
synthetic_post_0650.jpg,869,20,fashion,ootd
synthetic_post_0650.jpg,869,8,fashion,photooftheday
synthetic_post_0650.jpg,869,29,fashion,style
synthetic_post_0650.jpg,869,6,ootd,photooftheday
synthetic_post_0650.jpg,869,23,ootd,style
synthetic_post_0650.jpg,869,7,photooftheday,style
synthetic_post_0651.jpg,693,30,artist,creative
synthetic_post_0651.jpg,693,5,artist,fashion
synthetic_post_0651.jpg,693,4,artist,ootd
synthetic_post_0651.jpg,693,10,creative,fashion
synthetic_post_0651.jpg,693,10,creative,ootd
synthetic_post_0651.jpg,693,20,fashion,ootd
synthetic_post_0652.jpg,1235,23,creative,drawing
synthetic_post_0652.jpg,1235,10,creative,fashion
synthetic_post_0652.jpg,1235,4,creative,happy
synthetic_post_0652.jpg,1235,5,creative,model
synthetic_post_0652.jpg,1235,7,creative,style
synthetic_post_0652.jpg,1235,4,drawing,fashion
synthetic_post_0652.jpg,1235,5,drawing,happy
synthetic_post_0652.jpg,1235,6,drawing,model
synthetic_post_0652.jpg,1235,2,drawing,style
synthetic_post_0652.jpg,1235,6,fashion,happy
synthetic_post_0652.jpg,1235,23,fashion,model
synthetic_post_0652.jpg,1235,29,fashion,style
synthetic_post_0652.jpg,1235,10,happy,model
synthetic_post_0652.jpg,1235,7,happy,style
synthetic_post_0652.jpg,1235,27,model,style
synthetic_post_0653.jpg,726,32,chef,foodie
synthetic_post_0653.jpg,726,4,chef,love
synthetic_post_0653.jpg,726,6,chef,wanderlust
synthetic_post_0653.jpg,726,6,foodie,love
synthetic_post_0653.jpg,726,6,foodie,wanderlust
synthetic_post_0653.jpg,726,7,love,wanderlust
synthetic_post_0654.jpg,695,20,beauty,fashion
synthetic_post_0654.jpg,695,3,beauty,health
synthetic_post_0654.jpg,695,4,beauty,life
synthetic_post_0654.jpg,695,27,beauty,outfit
synthetic_post_0654.jpg,695,4,fashion,health
synthetic_post_0654.jpg,695,12,fashion,life
synthetic_post_0654.jpg,695,26,fashion,outfit
synthetic_post_0654.jpg,695,5,health,life
synthetic_post_0654.jpg,695,5,health,outfit
synthetic_post_0654.jpg,695,8,life,outfit
synthetic_post_0655.jpg,1039,4,beauty,chef
synthetic_post_0655.jpg,1039,6,beauty,delicious
synthetic_post_0655.jpg,1039,4,beauty,foodie
synthetic_post_0655.jpg,1039,3,beauty,foodporn
synthetic_post_0655.jpg,1039,18,chef,delicious
synthetic_post_0655.jpg,1039,32,chef,foodie
synthetic_post_0655.jpg,1039,25,chef,foodporn
synthetic_post_0655.jpg,1039,28,delicious,foodie
synthetic_post_0655.jpg,1039,20,delicious,foodporn
synthetic_post_0655.jpg,1039,26,foodie,foodporn
synthetic_post_0656.jpg,774,26,fitfam,fitness
synthetic_post_0656.jpg,774,6,fitfam,foodie
synthetic_post_0656.jpg,774,7,fitness,foodie
synthetic_post_0657.jpg,507,26,outfit,streetstyle
synthetic_post_0658.jpg,720,7,fitness,foodie
synthetic_post_0658.jpg,720,5,fitness,foodporn
synthetic_post_0658.jpg,720,26,foodie,foodporn
synthetic_post_0659.jpg,1063,6,chef,fitness
synthetic_post_0659.jpg,1063,25,chef,homemade
synthetic_post_0659.jpg,1063,23,chef,instafood
synthetic_post_0659.jpg,1063,3,fitness,homemade
synthetic_post_0659.jpg,1063,7,fitness,instafood
synthetic_post_0659.jpg,1063,27,homemade,instafood
synthetic_post_0660.jpg,733,4,art,delicious
synthetic_post_0660.jpg,733,10,art,followme
synthetic_post_0660.jpg,733,6,art,foodporn
synthetic_post_0660.jpg,733,3,art,yummy
synthetic_post_0660.jpg,733,5,delicious,followme
synthetic_post_0660.jpg,733,20,delicious,foodporn
synthetic_post_0660.jpg,733,20,delicious,yummy
synthetic_post_0660.jpg,733,5,followme,foodporn
synthetic_post_0660.jpg,733,2,followme,yummy
synthetic_post_0660.jpg,733,25,foodporn,yummy
synthetic_post_0661.jpg,1017,22,adventure,explore
synthetic_post_0661.jpg,1017,7,adventure,happy
synthetic_post_0661.jpg,1017,5,adventure,tech
synthetic_post_0661.jpg,1017,25,adventure,vacation
synthetic_post_0661.jpg,1017,23,adventure,wanderlust
synthetic_post_0661.jpg,1017,5,explore,happy
synthetic_post_0661.jpg,1017,5,explore,tech
synthetic_post_0661.jpg,1017,22,explore,vacation
synthetic_post_0661.jpg,1017,25,explore,wanderlust
synthetic_post_0661.jpg,1017,5,happy,tech
synthetic_post_0661.jpg,1017,3,happy,vacation
synthetic_post_0661.jpg,1017,5,happy,wanderlust
synthetic_post_0661.jpg,1017,3,tech,vacation
synthetic_post_0661.jpg,1017,9,tech,wanderlust
synthetic_post_0661.jpg,1017,17,vacation,wanderlust
synthetic_post_0662.jpg,652,4,instagood,nature
synthetic_post_0662.jpg,652,3,instagood,streetstyle
synthetic_post_0662.jpg,652,5,instagood,travel
synthetic_post_0662.jpg,652,3,instagood,vacation
synthetic_post_0662.jpg,652,6,nature,streetstyle
synthetic_post_0662.jpg,652,27,nature,travel
synthetic_post_0662.jpg,652,22,nature,vacation
synthetic_post_0662.jpg,652,3,streetstyle,travel
synthetic_post_0662.jpg,652,3,streetstyle,vacation
synthetic_post_0662.jpg,652,23,travel,vacation
synthetic_post_0663.jpg,723,5,adventure,ai
synthetic_post_0663.jpg,723,20,adventure,nature
synthetic_post_0663.jpg,723,1,adventure,startup
synthetic_post_0663.jpg,723,1,ai,nature
synthetic_post_0663.jpg,723,20,ai,startup
synthetic_post_0663.jpg,723,5,nature,startup
synthetic_post_0664.jpg,1378,6,beauty,developer
synthetic_post_0664.jpg,1378,5,beauty,innovation
synthetic_post_0664.jpg,1378,3,beauty,photooftheday
synthetic_post_0664.jpg,1378,5,beauty,software
synthetic_post_0664.jpg,1378,7,beauty,startup
synthetic_post_0664.jpg,1378,25,beauty,style
synthetic_post_0664.jpg,1378,26,developer,innovation
synthetic_post_0664.jpg,1378,6,developer,photooftheday
synthetic_post_0664.jpg,1378,28,developer,software
synthetic_post_0664.jpg,1378,17,developer,startup
synthetic_post_0664.jpg,1378,9,developer,style
synthetic_post_0664.jpg,1378,2,innovation,photooftheday
synthetic_post_0664.jpg,1378,25,innovation,software
synthetic_post_0664.jpg,1378,28,innovation,startup
synthetic_post_0664.jpg,1378,8,innovation,style
synthetic_post_0664.jpg,1378,3,photooftheday,software
synthetic_post_0664.jpg,1378,3,photooftheday,startup
synthetic_post_0664.jpg,1378,7,photooftheday,style
synthetic_post_0664.jpg,1378,25,software,startup
synthetic_post_0664.jpg,1378,12,software,style
synthetic_post_0664.jpg,1378,11,startup,style
synthetic_post_0665.jpg,693,28,gym,motivation
synthetic_post_0665.jpg,693,2,gym,photography
synthetic_post_0665.jpg,693,26,gym,training
synthetic_post_0665.jpg,693,24,gym,workout
synthetic_post_0665.jpg,693,5,motivation,photography
synthetic_post_0665.jpg,693,29,motivation,training
synthetic_post_0665.jpg,693,27,motivation,workout
synthetic_post_0665.jpg,693,2,photography,training
synthetic_post_0665.jpg,693,4,photography,workout
synthetic_post_0665.jpg,693,42,training,workout
synthetic_post_0666.jpg,907,8,adventure,art
synthetic_post_0666.jpg,907,5,adventure,creative
synthetic_post_0666.jpg,907,22,adventure,explore
synthetic_post_0666.jpg,907,27,adventure,photography
synthetic_post_0666.jpg,907,23,adventure,wanderlust
synthetic_post_0666.jpg,907,22,art,creative
synthetic_post_0666.jpg,907,7,art,explore
synthetic_post_0666.jpg,907,7,art,photography
synthetic_post_0666.jpg,907,4,art,wanderlust
synthetic_post_0666.jpg,907,7,creative,explore
synthetic_post_0666.jpg,907,6,creative,photography
synthetic_post_0666.jpg,907,4,creative,wanderlust
synthetic_post_0666.jpg,907,15,explore,photography
synthetic_post_0666.jpg,907,25,explore,wanderlust
synthetic_post_0666.jpg,907,30,photography,wanderlust
synthetic_post_0667.jpg,1131,34,ai,developer
synthetic_post_0667.jpg,1131,6,ai,gallery
synthetic_post_0667.jpg,1131,25,ai,innovation
synthetic_post_0667.jpg,1131,27,ai,tech
synthetic_post_0667.jpg,1131,6,developer,gallery
synthetic_post_0667.jpg,1131,26,developer,innovation
synthetic_post_0667.jpg,1131,26,developer,tech
synthetic_post_0667.jpg,1131,5,gallery,innovation
synthetic_post_0667.jpg,1131,3,gallery,tech
synthetic_post_0667.jpg,1131,26,innovation,tech
synthetic_post_0668.jpg,741,30,artist,creative
synthetic_post_0668.jpg,741,24,artist,design
synthetic_post_0668.jpg,741,10,artist,instagood
synthetic_post_0668.jpg,741,27,creative,design
synthetic_post_0668.jpg,741,4,creative,instagood
synthetic_post_0668.jpg,741,8,design,instagood
synthetic_post_0669.jpg,672,3,adventure,fitness
synthetic_post_0669.jpg,672,7,adventure,happy
synthetic_post_0669.jpg,672,23,adventure,wanderlust
synthetic_post_0669.jpg,672,9,fitness,happy
synthetic_post_0669.jpg,672,1,fitness,wanderlust
synthetic_post_0669.jpg,672,5,happy,wanderlust
synthetic_post_0670.jpg,533,25,ai,innovation
synthetic_post_0670.jpg,533,27,ai,tech
synthetic_post_0670.jpg,533,5,ai,vacation
synthetic_post_0670.jpg,533,26,innovation,tech
synthetic_post_0670.jpg,533,4,innovation,vacation
synthetic_post_0670.jpg,533,3,tech,vacation
synthetic_post_0671.jpg,1110,5,explore,like4like
synthetic_post_0671.jpg,1110,15,explore,photography
synthetic_post_0671.jpg,1110,30,explore,travel
synthetic_post_0671.jpg,1110,25,explore,wanderlust
synthetic_post_0671.jpg,1110,4,like4like,photography
synthetic_post_0671.jpg,1110,6,like4like,travel
synthetic_post_0671.jpg,1110,8,like4like,wanderlust
synthetic_post_0671.jpg,1110,25,photography,travel
synthetic_post_0671.jpg,1110,30,photography,wanderlust
synthetic_post_0671.jpg,1110,23,travel,wanderlust
synthetic_post_0672.jpg,1147,28,delicious,foodie
synthetic_post_0672.jpg,1147,26,delicious,homemade
synthetic_post_0672.jpg,1147,25,delicious,instafood
synthetic_post_0672.jpg,1147,6,delicious,life
synthetic_post_0672.jpg,1147,5,delicious,vacation
synthetic_post_0672.jpg,1147,19,foodie,homemade
synthetic_post_0672.jpg,1147,28,foodie,instafood
synthetic_post_0672.jpg,1147,4,foodie,life
synthetic_post_0672.jpg,1147,9,foodie,vacation
synthetic_post_0672.jpg,1147,27,homemade,instafood
synthetic_post_0672.jpg,1147,2,homemade,life
synthetic_post_0672.jpg,1147,7,homemade,vacation
synthetic_post_0672.jpg,1147,3,instafood,life
synthetic_post_0672.jpg,1147,8,instafood,vacation
synthetic_post_0672.jpg,1147,5,life,vacation
synthetic_post_0673.jpg,968,22,adventure,explore
synthetic_post_0673.jpg,968,4,adventure,followme
synthetic_post_0673.jpg,968,4,adventure,foodporn
synthetic_post_0673.jpg,968,7,adventure,homemade
synthetic_post_0673.jpg,968,23,adventure,wanderlust
synthetic_post_0673.jpg,968,5,explore,followme
synthetic_post_0673.jpg,968,4,explore,foodporn
synthetic_post_0673.jpg,968,5,explore,homemade
synthetic_post_0673.jpg,968,25,explore,wanderlust
synthetic_post_0673.jpg,968,5,followme,foodporn
synthetic_post_0673.jpg,968,6,followme,homemade
synthetic_post_0673.jpg,968,2,followme,wanderlust
synthetic_post_0673.jpg,968,25,foodporn,homemade
synthetic_post_0673.jpg,968,6,foodporn,wanderlust
synthetic_post_0673.jpg,968,6,homemade,wanderlust
synthetic_post_0674.jpg,1238,9,fitness,happy
synthetic_post_0674.jpg,1238,26,fitness,motivation
synthetic_post_0674.jpg,1238,3,fitness,nature
synthetic_post_0674.jpg,1238,30,fitness,training
synthetic_post_0674.jpg,1238,21,fitness,workout
synthetic_post_0674.jpg,1238,5,happy,motivation
synthetic_post_0674.jpg,1238,4,happy,nature
synthetic_post_0674.jpg,1238,6,happy,training
synthetic_post_0674.jpg,1238,5,happy,workout
synthetic_post_0674.jpg,1238,5,motivation,nature
synthetic_post_0674.jpg,1238,29,motivation,training
synthetic_post_0674.jpg,1238,27,motivation,workout
synthetic_post_0674.jpg,1238,4,nature,training
synthetic_post_0674.jpg,1238,4,nature,workout
synthetic_post_0674.jpg,1238,42,training,workout
synthetic_post_0675.jpg,770,15,fitfam,motivation
synthetic_post_0675.jpg,770,3,fitfam,photography
synthetic_post_0675.jpg,770,3,fitfam,vacation
synthetic_post_0675.jpg,770,25,fitfam,workout
synthetic_post_0675.jpg,770,5,motivation,photography
synthetic_post_0675.jpg,770,4,motivation,vacation
synthetic_post_0675.jpg,770,27,motivation,workout
synthetic_post_0675.jpg,770,20,photography,vacation
synthetic_post_0675.jpg,770,4,photography,workout
synthetic_post_0675.jpg,770,3,vacation,workout
synthetic_post_0676.jpg,813,23,art,illustration
synthetic_post_0676.jpg,813,5,art,model
synthetic_post_0676.jpg,813,9,art,ootd
synthetic_post_0676.jpg,813,7,art,photooftheday
synthetic_post_0676.jpg,813,5,illustration,model
synthetic_post_0676.jpg,813,5,illustration,ootd
synthetic_post_0676.jpg,813,7,illustration,photooftheday
synthetic_post_0676.jpg,813,20,model,ootd
synthetic_post_0676.jpg,813,4,model,photooftheday
synthetic_post_0676.jpg,813,6,ootd,photooftheday
synthetic_post_0677.jpg,1012,6,gallery,model
synthetic_post_0677.jpg,1012,9,gallery,ootd
synthetic_post_0677.jpg,1012,4,gallery,streetstyle
synthetic_post_0677.jpg,1012,20,model,ootd
synthetic_post_0677.jpg,1012,22,model,streetstyle
synthetic_post_0677.jpg,1012,18,ootd,streetstyle
synthetic_post_0678.jpg,746,20,beauty,fashion
synthetic_post_0678.jpg,746,27,beauty,outfit
synthetic_post_0678.jpg,746,5,beauty,software
synthetic_post_0678.jpg,746,7,beauty,startup
synthetic_post_0678.jpg,746,25,beauty,style
synthetic_post_0678.jpg,746,26,fashion,outfit
synthetic_post_0678.jpg,746,5,fashion,software
synthetic_post_0678.jpg,746,4,fashion,startup
synthetic_post_0678.jpg,746,29,fashion,style
synthetic_post_0678.jpg,746,8,outfit,software
synthetic_post_0678.jpg,746,9,outfit,startup
synthetic_post_0678.jpg,746,33,outfit,style
synthetic_post_0678.jpg,746,25,software,startup
synthetic_post_0678.jpg,746,12,software,style
synthetic_post_0678.jpg,746,11,startup,style
synthetic_post_0679.jpg,919,26,coding,developer
synthetic_post_0679.jpg,919,3,coding,fitness
synthetic_post_0679.jpg,919,4,coding,gym
synthetic_post_0679.jpg,919,7,coding,instagood
synthetic_post_0679.jpg,919,4,coding,motivation
synthetic_post_0679.jpg,919,8,developer,fitness
synthetic_post_0679.jpg,919,9,developer,gym
synthetic_post_0679.jpg,919,8,developer,instagood
synthetic_post_0679.jpg,919,4,developer,motivation
synthetic_post_0679.jpg,919,24,fitness,gym
synthetic_post_0679.jpg,919,4,fitness,instagood
synthetic_post_0679.jpg,919,26,fitness,motivation
synthetic_post_0679.jpg,919,5,gym,instagood
synthetic_post_0679.jpg,919,28,gym,motivation
synthetic_post_0679.jpg,919,6,instagood,motivation
synthetic_post_0680.jpg,1127,8,adventure,art
synthetic_post_0680.jpg,1127,5,adventure,drawing
synthetic_post_0680.jpg,1127,4,adventure,life
synthetic_post_0680.jpg,1127,27,adventure,photography
synthetic_post_0680.jpg,1127,26,adventure,travel
synthetic_post_0680.jpg,1127,23,adventure,wanderlust
synthetic_post_0680.jpg,1127,23,art,drawing
synthetic_post_0680.jpg,1127,6,art,life
synthetic_post_0680.jpg,1127,7,art,photography
synthetic_post_0680.jpg,1127,4,art,travel
synthetic_post_0680.jpg,1127,4,art,wanderlust
synthetic_post_0680.jpg,1127,4,drawing,life
synthetic_post_0680.jpg,1127,8,drawing,photography
synthetic_post_0680.jpg,1127,4,drawing,travel
synthetic_post_0680.jpg,1127,11,drawing,wanderlust
synthetic_post_0680.jpg,1127,6,life,photography
synthetic_post_0680.jpg,1127,5,life,travel
synthetic_post_0680.jpg,1127,3,life,wanderlust
synthetic_post_0680.jpg,1127,25,photography,travel
synthetic_post_0680.jpg,1127,30,photography,wanderlust
synthetic_post_0680.jpg,1127,23,travel,wanderlust
synthetic_post_0681.jpg,863,25,chef,foodporn
synthetic_post_0681.jpg,863,3,chef,nature
synthetic_post_0681.jpg,863,4,chef,travel
synthetic_post_0681.jpg,863,3,foodporn,nature
synthetic_post_0681.jpg,863,5,foodporn,travel
synthetic_post_0681.jpg,863,27,nature,travel
synthetic_post_0682.jpg,442,22,art,creative
synthetic_post_0682.jpg,442,10,art,followme
synthetic_post_0682.jpg,442,3,creative,followme
synthetic_post_0683.jpg,1029,23,creative,drawing
synthetic_post_0683.jpg,1029,24,creative,gallery
synthetic_post_0683.jpg,1029,21,creative,illustration
synthetic_post_0683.jpg,1029,3,creative,outfit
synthetic_post_0683.jpg,1029,33,drawing,gallery
synthetic_post_0683.jpg,1029,24,drawing,illustration
synthetic_post_0683.jpg,1029,3,drawing,outfit
synthetic_post_0683.jpg,1029,28,gallery,illustration
synthetic_post_0683.jpg,1029,2,gallery,outfit
synthetic_post_0683.jpg,1029,5,illustration,outfit
synthetic_post_0684.jpg,640,25,ai,coding
synthetic_post_0684.jpg,640,5,ai,vacation
synthetic_post_0684.jpg,640,4,coding,vacation
synthetic_post_0685.jpg,556,22,art,creative
synthetic_post_0685.jpg,556,2,art,fashion
synthetic_post_0685.jpg,556,4,art,like4like
synthetic_post_0685.jpg,556,10,creative,fashion
synthetic_post_0685.jpg,556,7,creative,like4like
synthetic_post_0685.jpg,556,8,fashion,like4like
synthetic_post_0686.jpg,906,4,explore,foodporn
synthetic_post_0686.jpg,906,3,explore,life
synthetic_post_0686.jpg,906,25,explore,nature
synthetic_post_0686.jpg,906,30,explore,travel
synthetic_post_0686.jpg,906,25,explore,wanderlust
synthetic_post_0686.jpg,906,2,foodporn,life
synthetic_post_0686.jpg,906,3,foodporn,nature
synthetic_post_0686.jpg,906,5,foodporn,travel
synthetic_post_0686.jpg,906,6,foodporn,wanderlust
synthetic_post_0686.jpg,906,5,life,nature
synthetic_post_0686.jpg,906,5,life,travel
synthetic_post_0686.jpg,906,3,life,wanderlust
synthetic_post_0686.jpg,906,27,nature,travel
synthetic_post_0686.jpg,906,21,nature,wanderlust
synthetic_post_0686.jpg,906,23,travel,wanderlust
synthetic_post_0687.jpg,837,3,explore,fitfam
synthetic_post_0687.jpg,837,5,explore,training
synthetic_post_0687.jpg,837,5,explore,workout
synthetic_post_0687.jpg,837,26,fitfam,training
synthetic_post_0687.jpg,837,25,fitfam,workout
synthetic_post_0687.jpg,837,42,training,workout
synthetic_post_0688.jpg,869,7,ai,delicious
synthetic_post_0688.jpg,869,4,ai,foodie
synthetic_post_0688.jpg,869,12,ai,instagood
synthetic_post_0688.jpg,869,20,ai,startup
synthetic_post_0688.jpg,869,28,delicious,foodie
synthetic_post_0688.jpg,869,5,delicious,instagood
synthetic_post_0688.jpg,869,1,delicious,startup
synthetic_post_0688.jpg,869,4,foodie,instagood
synthetic_post_0688.jpg,869,5,foodie,startup
synthetic_post_0688.jpg,869,10,instagood,startup
synthetic_post_0689.jpg,945,3,chef,creative
synthetic_post_0689.jpg,945,3,chef,drawing
synthetic_post_0689.jpg,945,25,chef,foodporn
synthetic_post_0689.jpg,945,3,chef,gallery
synthetic_post_0689.jpg,945,3,chef,illustration
synthetic_post_0689.jpg,945,3,chef,photooftheday
synthetic_post_0689.jpg,945,23,creative,drawing
synthetic_post_0689.jpg,945,3,creative,foodporn
synthetic_post_0689.jpg,945,24,creative,gallery
synthetic_post_0689.jpg,945,21,creative,illustration
synthetic_post_0689.jpg,945,7,creative,photooftheday
synthetic_post_0689.jpg,945,8,drawing,foodporn
synthetic_post_0689.jpg,945,33,drawing,gallery
synthetic_post_0689.jpg,945,24,drawing,illustration
synthetic_post_0689.jpg,945,8,drawing,photooftheday
synthetic_post_0689.jpg,945,6,foodporn,gallery
synthetic_post_0689.jpg,945,7,foodporn,illustration
synthetic_post_0689.jpg,945,4,foodporn,photooftheday
synthetic_post_0689.jpg,945,28,gallery,illustration
synthetic_post_0689.jpg,945,6,gallery,photooftheday
synthetic_post_0689.jpg,945,7,illustration,photooftheday
synthetic_post_0690.jpg,968,26,foodie,foodporn
synthetic_post_0690.jpg,968,19,foodie,homemade
synthetic_post_0690.jpg,968,5,foodie,startup
synthetic_post_0690.jpg,968,5,foodie,tech
synthetic_post_0690.jpg,968,23,foodie,yummy
synthetic_post_0690.jpg,968,25,foodporn,homemade
synthetic_post_0690.jpg,968,3,foodporn,startup
synthetic_post_0690.jpg,968,4,foodporn,tech
synthetic_post_0690.jpg,968,25,foodporn,yummy
synthetic_post_0690.jpg,968,5,homemade,startup
synthetic_post_0690.jpg,968,4,homemade,tech
synthetic_post_0690.jpg,968,20,homemade,yummy
synthetic_post_0690.jpg,968,28,startup,tech
synthetic_post_0690.jpg,968,2,startup,yummy
synthetic_post_0690.jpg,968,3,tech,yummy
synthetic_post_0691.jpg,1203,7,coding,fitfam
synthetic_post_0691.jpg,1203,25,coding,software
synthetic_post_0691.jpg,1203,23,coding,tech
synthetic_post_0691.jpg,1203,5,coding,workout
synthetic_post_0691.jpg,1203,4,fitfam,software
synthetic_post_0691.jpg,1203,4,fitfam,tech
synthetic_post_0691.jpg,1203,25,fitfam,workout
synthetic_post_0691.jpg,1203,26,software,tech
synthetic_post_0691.jpg,1203,5,software,workout
synthetic_post_0691.jpg,1203,5,tech,workout
synthetic_post_0692.jpg,1109,20,model,ootd
synthetic_post_0692.jpg,1109,23,model,outfit
synthetic_post_0692.jpg,1109,27,model,style
synthetic_post_0692.jpg,1109,22,ootd,outfit
synthetic_post_0692.jpg,1109,23,ootd,style
synthetic_post_0692.jpg,1109,33,outfit,style
synthetic_post_0693.jpg,669,5,drawing,health
synthetic_post_0693.jpg,669,5,drawing,motivation
synthetic_post_0693.jpg,669,20,health,motivation
synthetic_post_0694.jpg,832,25,ai,coding
synthetic_post_0694.jpg,832,9,ai,fashion
synthetic_post_0694.jpg,832,4,ai,happy
synthetic_post_0694.jpg,832,5,ai,model
synthetic_post_0694.jpg,832,2,coding,fashion
synthetic_post_0694.jpg,832,2,coding,happy
synthetic_post_0694.jpg,832,7,coding,model
synthetic_post_0694.jpg,832,6,fashion,happy
synthetic_post_0694.jpg,832,23,fashion,model
synthetic_post_0694.jpg,832,10,happy,model
synthetic_post_0695.jpg,577,22,ootd,outfit
synthetic_post_0695.jpg,577,6,ootd,photooftheday
synthetic_post_0695.jpg,577,5,outfit,photooftheday
synthetic_post_0696.jpg,912,5,adventure,developer
synthetic_post_0696.jpg,912,23,adventure,wanderlust
synthetic_post_0696.jpg,912,6,developer,wanderlust
synthetic_post_0697.jpg,518,23,chef,instafood
synthetic_post_0697.jpg,518,5,chef,photography
synthetic_post_0697.jpg,518,7,chef,vacation
synthetic_post_0697.jpg,518,5,instafood,photography
synthetic_post_0697.jpg,518,8,instafood,vacation
synthetic_post_0697.jpg,518,20,photography,vacation
synthetic_post_0698.jpg,1003,6,artist,beauty
synthetic_post_0698.jpg,1003,30,artist,creative
synthetic_post_0698.jpg,1003,7,artist,happy
synthetic_post_0698.jpg,1003,30,artist,illustration
synthetic_post_0698.jpg,1003,9,beauty,creative
synthetic_post_0698.jpg,1003,1,beauty,happy
synthetic_post_0698.jpg,1003,3,beauty,illustration
synthetic_post_0698.jpg,1003,4,creative,happy
synthetic_post_0698.jpg,1003,21,creative,illustration
synthetic_post_0698.jpg,1003,5,happy,illustration
synthetic_post_0699.jpg,1325,27,beauty,ootd
synthetic_post_0699.jpg,1325,27,beauty,outfit
synthetic_post_0699.jpg,1325,5,beauty,software
synthetic_post_0699.jpg,1325,25,beauty,style
synthetic_post_0699.jpg,1325,7,beauty,tech
synthetic_post_0699.jpg,1325,22,ootd,outfit
synthetic_post_0699.jpg,1325,8,ootd,software
synthetic_post_0699.jpg,1325,23,ootd,style
synthetic_post_0699.jpg,1325,9,ootd,tech
synthetic_post_0699.jpg,1325,8,outfit,software
synthetic_post_0699.jpg,1325,33,outfit,style
synthetic_post_0699.jpg,1325,9,outfit,tech
synthetic_post_0699.jpg,1325,12,software,style
synthetic_post_0699.jpg,1325,26,software,tech
synthetic_post_0699.jpg,1325,10,style,tech
synthetic_post_0700.jpg,879,5,beauty,instafood
synthetic_post_0700.jpg,879,3,beauty,yummy
synthetic_post_0700.jpg,879,18,instafood,yummy
synthetic_post_0701.jpg,429,5,ai,art
synthetic_post_0701.jpg,429,12,ai,artist
synthetic_post_0701.jpg,429,17,art,artist
synthetic_post_0702.jpg,483,42,training,workout
synthetic_post_0703.jpg,1201,26,coding,developer
synthetic_post_0703.jpg,1201,2,coding,life
synthetic_post_0703.jpg,1201,6,coding,ootd
synthetic_post_0703.jpg,1201,5,coding,outfit
synthetic_post_0703.jpg,1201,25,coding,software
synthetic_post_0703.jpg,1201,23,coding,tech
synthetic_post_0703.jpg,1201,5,developer,life
synthetic_post_0703.jpg,1201,10,developer,ootd
synthetic_post_0703.jpg,1201,8,developer,outfit
synthetic_post_0703.jpg,1201,28,developer,software
synthetic_post_0703.jpg,1201,26,developer,tech
synthetic_post_0703.jpg,1201,5,life,ootd
synthetic_post_0703.jpg,1201,8,life,outfit
synthetic_post_0703.jpg,1201,5,life,software
synthetic_post_0703.jpg,1201,5,life,tech
synthetic_post_0703.jpg,1201,22,ootd,outfit
synthetic_post_0703.jpg,1201,8,ootd,software
synthetic_post_0703.jpg,1201,9,ootd,tech
synthetic_post_0703.jpg,1201,8,outfit,software
synthetic_post_0703.jpg,1201,9,outfit,tech
synthetic_post_0703.jpg,1201,26,software,tech
synthetic_post_0704.jpg,487,24,art,gallery
synthetic_post_0704.jpg,487,5,art,happy
synthetic_post_0704.jpg,487,3,art,innovation
synthetic_post_0704.jpg,487,4,gallery,happy
synthetic_post_0704.jpg,487,5,gallery,innovation
synthetic_post_0704.jpg,487,4,happy,innovation
synthetic_post_0705.jpg,1008,24,artist,design
synthetic_post_0705.jpg,1008,4,artist,fitness
synthetic_post_0705.jpg,1008,26,artist,gallery
synthetic_post_0705.jpg,1008,7,artist,gym
synthetic_post_0705.jpg,1008,4,design,fitness
synthetic_post_0705.jpg,1008,21,design,gallery
synthetic_post_0705.jpg,1008,5,design,gym
synthetic_post_0705.jpg,1008,5,fitness,gallery
synthetic_post_0705.jpg,1008,24,fitness,gym
synthetic_post_0705.jpg,1008,4,gallery,gym
synthetic_post_0706.jpg,554,2,ai,chef
synthetic_post_0706.jpg,554,5,ai,homemade
synthetic_post_0706.jpg,554,3,ai,instafood
synthetic_post_0706.jpg,554,24,ai,software
synthetic_post_0706.jpg,554,25,chef,homemade
synthetic_post_0706.jpg,554,23,chef,instafood
synthetic_post_0706.jpg,554,5,chef,software
synthetic_post_0706.jpg,554,27,homemade,instafood
synthetic_post_0706.jpg,554,6,homemade,software
synthetic_post_0706.jpg,554,2,instafood,software
synthetic_post_0707.jpg,988,25,ai,coding
synthetic_post_0707.jpg,988,34,ai,developer
synthetic_post_0707.jpg,988,6,ai,illustration
synthetic_post_0707.jpg,988,24,ai,software
synthetic_post_0707.jpg,988,26,coding,developer
synthetic_post_0707.jpg,988,3,coding,illustration
synthetic_post_0707.jpg,988,25,coding,software
synthetic_post_0707.jpg,988,5,developer,illustration
synthetic_post_0707.jpg,988,28,developer,software
synthetic_post_0707.jpg,988,4,illustration,software
synthetic_post_0708.jpg,940,20,beauty,fashion
synthetic_post_0708.jpg,940,3,beauty,health
synthetic_post_0708.jpg,940,4,beauty,life
synthetic_post_0708.jpg,940,27,beauty,outfit
synthetic_post_0708.jpg,940,25,beauty,style
synthetic_post_0708.jpg,940,4,fashion,health
synthetic_post_0708.jpg,940,12,fashion,life
synthetic_post_0708.jpg,940,26,fashion,outfit
synthetic_post_0708.jpg,940,29,fashion,style
synthetic_post_0708.jpg,940,5,health,life
synthetic_post_0708.jpg,940,5,health,outfit
synthetic_post_0708.jpg,940,1,health,style
synthetic_post_0708.jpg,940,8,life,outfit
synthetic_post_0708.jpg,940,8,life,style
synthetic_post_0708.jpg,940,33,outfit,style
synthetic_post_0709.jpg,641,4,fashion,nature
synthetic_post_0709.jpg,641,6,fashion,photography
synthetic_post_0709.jpg,641,21,nature,photography
synthetic_post_0710.jpg,615,18,chef,delicious
synthetic_post_0710.jpg,615,25,chef,foodporn
synthetic_post_0710.jpg,615,23,chef,instafood
synthetic_post_0710.jpg,615,20,delicious,foodporn
synthetic_post_0710.jpg,615,25,delicious,instafood
synthetic_post_0710.jpg,615,27,foodporn,instafood
synthetic_post_0711.jpg,635,29,art,design
synthetic_post_0711.jpg,635,7,art,photooftheday
synthetic_post_0711.jpg,635,3,art,tech
synthetic_post_0711.jpg,635,7,design,photooftheday
synthetic_post_0711.jpg,635,2,design,tech
synthetic_post_0711.jpg,635,5,photooftheday,tech
synthetic_post_0712.jpg,814,6,adventure,fashion
synthetic_post_0712.jpg,814,7,adventure,happy
synthetic_post_0712.jpg,814,4,adventure,model
synthetic_post_0712.jpg,814,26,adventure,travel
synthetic_post_0712.jpg,814,6,fashion,happy
synthetic_post_0712.jpg,814,23,fashion,model
synthetic_post_0712.jpg,814,6,fashion,travel
synthetic_post_0712.jpg,814,10,happy,model
synthetic_post_0712.jpg,814,5,happy,travel
synthetic_post_0712.jpg,814,8,model,travel
synthetic_post_0713.jpg,903,3,chef,creative
synthetic_post_0713.jpg,903,18,chef,delicious
synthetic_post_0713.jpg,903,4,chef,design
synthetic_post_0713.jpg,903,32,chef,foodie
synthetic_post_0713.jpg,903,25,chef,homemade
synthetic_post_0713.jpg,903,5,creative,delicious
synthetic_post_0713.jpg,903,27,creative,design
synthetic_post_0713.jpg,903,5,creative,foodie
synthetic_post_0713.jpg,903,3,creative,homemade
synthetic_post_0713.jpg,903,8,delicious,design
synthetic_post_0713.jpg,903,28,delicious,foodie
synthetic_post_0713.jpg,903,26,delicious,homemade
synthetic_post_0713.jpg,903,7,design,foodie
synthetic_post_0713.jpg,903,9,design,homemade
synthetic_post_0713.jpg,903,19,foodie,homemade
synthetic_post_0714.jpg,418,6,coding,delicious
synthetic_post_0714.jpg,418,2,coding,foodie
synthetic_post_0714.jpg,418,28,delicious,foodie
synthetic_post_0715.jpg,519,24,creative,gallery
synthetic_post_0716.jpg,1206,6,beauty,delicious
synthetic_post_0716.jpg,1206,4,beauty,foodie
synthetic_post_0716.jpg,1206,27,beauty,ootd
synthetic_post_0716.jpg,1206,25,beauty,style
synthetic_post_0716.jpg,1206,28,delicious,foodie
synthetic_post_0716.jpg,1206,5,delicious,ootd
synthetic_post_0716.jpg,1206,2,delicious,style
synthetic_post_0716.jpg,1206,4,foodie,ootd
synthetic_post_0716.jpg,1206,3,foodie,style
synthetic_post_0716.jpg,1206,23,ootd,style
synthetic_post_0717.jpg,1013,6,ai,beauty
synthetic_post_0717.jpg,1013,25,ai,coding
synthetic_post_0717.jpg,1013,9,ai,fashion
synthetic_post_0717.jpg,1013,8,ai,ootd
synthetic_post_0717.jpg,1013,3,ai,streetstyle
synthetic_post_0717.jpg,1013,2,beauty,coding
synthetic_post_0717.jpg,1013,20,beauty,fashion
synthetic_post_0717.jpg,1013,27,beauty,ootd
synthetic_post_0717.jpg,1013,17,beauty,streetstyle
synthetic_post_0717.jpg,1013,2,coding,fashion
synthetic_post_0717.jpg,1013,6,coding,ootd
synthetic_post_0717.jpg,1013,4,coding,streetstyle
synthetic_post_0717.jpg,1013,20,fashion,ootd
synthetic_post_0717.jpg,1013,22,fashion,streetstyle
synthetic_post_0717.jpg,1013,18,ootd,streetstyle
synthetic_post_0718.jpg,793,6,fashion,innovation
synthetic_post_0718.jpg,793,8,fashion,like4like
synthetic_post_0718.jpg,793,26,fashion,outfit
synthetic_post_0718.jpg,793,5,fashion,software
synthetic_post_0718.jpg,793,4,fashion,startup
synthetic_post_0718.jpg,793,3,innovation,like4like
synthetic_post_0718.jpg,793,8,innovation,outfit
synthetic_post_0718.jpg,793,25,innovation,software
synthetic_post_0718.jpg,793,28,innovation,startup
synthetic_post_0718.jpg,793,7,like4like,outfit
synthetic_post_0718.jpg,793,5,like4like,software
synthetic_post_0718.jpg,793,10,like4like,startup
synthetic_post_0718.jpg,793,8,outfit,software
synthetic_post_0718.jpg,793,9,outfit,startup
synthetic_post_0718.jpg,793,25,software,startup
synthetic_post_0719.jpg,914,17,art,artist
synthetic_post_0719.jpg,914,22,art,creative
synthetic_post_0719.jpg,914,3,art,workout
synthetic_post_0719.jpg,914,30,artist,creative
synthetic_post_0719.jpg,914,3,artist,workout
synthetic_post_0719.jpg,914,5,creative,workout
synthetic_post_0720.jpg,936,18,gym,health
synthetic_post_0720.jpg,936,7,gym,life
synthetic_post_0720.jpg,936,4,gym,startup
synthetic_post_0720.jpg,936,5,health,life
synthetic_post_0720.jpg,936,5,health,startup
synthetic_post_0720.jpg,936,6,life,startup
synthetic_post_0721.jpg,1217,28,foodie,instafood
synthetic_post_0721.jpg,1217,6,foodie,travel
synthetic_post_0721.jpg,1217,9,foodie,vacation
synthetic_post_0721.jpg,1217,23,foodie,yummy
synthetic_post_0721.jpg,1217,5,instafood,travel
synthetic_post_0721.jpg,1217,8,instafood,vacation
synthetic_post_0721.jpg,1217,18,instafood,yummy
synthetic_post_0721.jpg,1217,23,travel,vacation
synthetic_post_0721.jpg,1217,11,travel,yummy
synthetic_post_0721.jpg,1217,9,vacation,yummy
synthetic_post_0722.jpg,346,27,creative,design
synthetic_post_0722.jpg,346,3,creative,software
synthetic_post_0722.jpg,346,3,design,software
synthetic_post_0723.jpg,1194,3,beauty,explore
synthetic_post_0723.jpg,1194,18,beauty,model
synthetic_post_0723.jpg,1194,27,beauty,ootd
synthetic_post_0723.jpg,1194,9,beauty,vacation
synthetic_post_0723.jpg,1194,4,explore,model
synthetic_post_0723.jpg,1194,1,explore,ootd
synthetic_post_0723.jpg,1194,22,explore,vacation
synthetic_post_0723.jpg,1194,20,model,ootd
synthetic_post_0723.jpg,1194,3,model,vacation
synthetic_post_0723.jpg,1194,3,ootd,vacation
synthetic_post_0724.jpg,560,4,art,beauty
synthetic_post_0724.jpg,560,4,art,like4like
synthetic_post_0724.jpg,560,9,art,ootd
synthetic_post_0724.jpg,560,9,beauty,like4like
synthetic_post_0724.jpg,560,27,beauty,ootd
synthetic_post_0724.jpg,560,7,like4like,ootd
synthetic_post_0725.jpg,596,3,explore,instafood
synthetic_post_0725.jpg,596,25,explore,nature
synthetic_post_0725.jpg,596,30,explore,travel
synthetic_post_0725.jpg,596,22,explore,vacation
synthetic_post_0725.jpg,596,5,instafood,nature
synthetic_post_0725.jpg,596,5,instafood,travel
synthetic_post_0725.jpg,596,8,instafood,vacation
synthetic_post_0725.jpg,596,27,nature,travel
synthetic_post_0725.jpg,596,22,nature,vacation
synthetic_post_0725.jpg,596,23,travel,vacation
synthetic_post_0726.jpg,864,30,artist,creative
synthetic_post_0726.jpg,864,27,artist,drawing
synthetic_post_0726.jpg,864,7,artist,startup
synthetic_post_0726.jpg,864,23,creative,drawing
synthetic_post_0726.jpg,864,1,creative,startup
synthetic_post_0726.jpg,864,5,drawing,startup
synthetic_post_0727.jpg,975,2,ai,chef
synthetic_post_0727.jpg,975,34,ai,developer
synthetic_post_0727.jpg,975,5,ai,homemade
synthetic_post_0727.jpg,975,25,ai,innovation
synthetic_post_0727.jpg,975,24,ai,software
synthetic_post_0727.jpg,975,3,chef,developer
synthetic_post_0727.jpg,975,25,chef,homemade
synthetic_post_0727.jpg,975,4,chef,innovation
synthetic_post_0727.jpg,975,5,chef,software
synthetic_post_0727.jpg,975,2,developer,homemade
synthetic_post_0727.jpg,975,26,developer,innovation
synthetic_post_0727.jpg,975,28,developer,software
synthetic_post_0727.jpg,975,4,homemade,innovation
synthetic_post_0727.jpg,975,6,homemade,software
synthetic_post_0727.jpg,975,25,innovation,software
synthetic_post_0728.jpg,733,29,art,design
synthetic_post_0728.jpg,733,4,art,travel
synthetic_post_0728.jpg,733,4,design,travel
synthetic_post_0729.jpg,1020,34,ai,developer
synthetic_post_0729.jpg,1020,25,ai,innovation
synthetic_post_0729.jpg,1020,24,ai,software
synthetic_post_0729.jpg,1020,26,developer,innovation
synthetic_post_0729.jpg,1020,28,developer,software
synthetic_post_0729.jpg,1020,25,innovation,software
synthetic_post_0730.jpg,662,5,ai,photooftheday
synthetic_post_0730.jpg,662,24,ai,software
synthetic_post_0730.jpg,662,3,photooftheday,software
synthetic_post_0731.jpg,718,29,art,design
synthetic_post_0731.jpg,718,7,art,explore
synthetic_post_0731.jpg,718,10,art,followme
synthetic_post_0731.jpg,718,6,design,explore
synthetic_post_0731.jpg,718,6,design,followme
synthetic_post_0731.jpg,718,5,explore,followme
synthetic_post_0732.jpg,969,15,fitfam,gym
synthetic_post_0732.jpg,969,6,fitfam,ootd
synthetic_post_0732.jpg,969,3,fitfam,photooftheday
synthetic_post_0732.jpg,969,3,fitfam,streetstyle
synthetic_post_0732.jpg,969,6,gym,ootd
synthetic_post_0732.jpg,969,2,gym,photooftheday
synthetic_post_0732.jpg,969,3,gym,streetstyle
synthetic_post_0732.jpg,969,6,ootd,photooftheday
synthetic_post_0732.jpg,969,18,ootd,streetstyle
synthetic_post_0732.jpg,969,3,photooftheday,streetstyle
synthetic_post_0733.jpg,814,25,delicious,instafood
synthetic_post_0733.jpg,814,3,delicious,love
synthetic_post_0733.jpg,814,3,delicious,outfit
synthetic_post_0733.jpg,814,4,delicious,streetstyle
synthetic_post_0733.jpg,814,6,instafood,love
synthetic_post_0733.jpg,814,7,instafood,outfit
synthetic_post_0733.jpg,814,5,instafood,streetstyle
synthetic_post_0733.jpg,814,8,love,outfit
synthetic_post_0733.jpg,814,4,love,streetstyle
synthetic_post_0733.jpg,814,26,outfit,streetstyle
synthetic_post_0734.jpg,658,6,life,startup
synthetic_post_0734.jpg,658,5,life,tech
synthetic_post_0734.jpg,658,7,life,workout
synthetic_post_0734.jpg,658,28,startup,tech
synthetic_post_0734.jpg,658,8,startup,workout
synthetic_post_0734.jpg,658,5,tech,workout
synthetic_post_0735.jpg,405,27,homemade,instafood
synthetic_post_0735.jpg,405,2,homemade,life
synthetic_post_0735.jpg,405,3,instafood,life
synthetic_post_0736.jpg,573,23,creative,drawing
synthetic_post_0736.jpg,573,3,creative,foodporn
synthetic_post_0736.jpg,573,4,creative,happy
synthetic_post_0736.jpg,573,8,drawing,foodporn
synthetic_post_0736.jpg,573,5,drawing,happy
synthetic_post_0736.jpg,573,3,foodporn,happy
synthetic_post_0737.jpg,758,3,adventure,fitness
synthetic_post_0737.jpg,758,6,adventure,like4like
synthetic_post_0737.jpg,758,6,adventure,motivation
synthetic_post_0737.jpg,758,20,adventure,nature
synthetic_post_0737.jpg,758,6,fitness,like4like
synthetic_post_0737.jpg,758,26,fitness,motivation
synthetic_post_0737.jpg,758,3,fitness,nature
synthetic_post_0737.jpg,758,7,like4like,motivation
synthetic_post_0737.jpg,758,3,like4like,nature
synthetic_post_0737.jpg,758,5,motivation,nature
synthetic_post_0738.jpg,439,25,coding,software
synthetic_post_0739.jpg,629,3,fitfam,followme
synthetic_post_0739.jpg,629,4,fitfam,gallery
synthetic_post_0739.jpg,629,26,fitfam,training
synthetic_post_0739.jpg,629,25,fitfam,workout
synthetic_post_0739.jpg,629,7,followme,gallery
synthetic_post_0739.jpg,629,4,followme,training
synthetic_post_0739.jpg,629,4,followme,workout
synthetic_post_0739.jpg,629,3,gallery,training
synthetic_post_0739.jpg,629,4,gallery,workout
synthetic_post_0739.jpg,629,42,training,workout
synthetic_post_0740.jpg,792,5,fashion,followme
synthetic_post_0740.jpg,792,2,fashion,foodporn
synthetic_post_0740.jpg,792,5,fashion,homemade
synthetic_post_0740.jpg,792,26,fashion,outfit
synthetic_post_0740.jpg,792,5,followme,foodporn
synthetic_post_0740.jpg,792,6,followme,homemade
synthetic_post_0740.jpg,792,7,followme,outfit
synthetic_post_0740.jpg,792,25,foodporn,homemade
synthetic_post_0740.jpg,792,5,foodporn,outfit
synthetic_post_0740.jpg,792,6,homemade,outfit
synthetic_post_0741.jpg,1312,23,creative,drawing
synthetic_post_0741.jpg,1312,5,creative,fitfam
synthetic_post_0741.jpg,1312,4,creative,gym
synthetic_post_0741.jpg,1312,5,creative,health
synthetic_post_0741.jpg,1312,5,creative,training
synthetic_post_0741.jpg,1312,6,drawing,fitfam
synthetic_post_0741.jpg,1312,7,drawing,gym
synthetic_post_0741.jpg,1312,5,drawing,health
synthetic_post_0741.jpg,1312,5,drawing,training
synthetic_post_0741.jpg,1312,15,fitfam,gym
synthetic_post_0741.jpg,1312,21,fitfam,health
synthetic_post_0741.jpg,1312,26,fitfam,training
synthetic_post_0741.jpg,1312,18,gym,health
synthetic_post_0741.jpg,1312,26,gym,training
synthetic_post_0741.jpg,1312,22,health,training
synthetic_post_0742.jpg,1120,22,art,creative
synthetic_post_0742.jpg,1120,29,art,design
synthetic_post_0742.jpg,1120,23,art,drawing
synthetic_post_0742.jpg,1120,3,art,fitness
synthetic_post_0742.jpg,1120,5,art,training
synthetic_post_0742.jpg,1120,27,creative,design
synthetic_post_0742.jpg,1120,23,creative,drawing
synthetic_post_0742.jpg,1120,4,creative,fitness
synthetic_post_0742.jpg,1120,5,creative,training
synthetic_post_0742.jpg,1120,23,design,drawing
synthetic_post_0742.jpg,1120,4,design,fitness
synthetic_post_0742.jpg,1120,6,design,training
synthetic_post_0742.jpg,1120,5,drawing,fitness
synthetic_post_0742.jpg,1120,5,drawing,training
synthetic_post_0742.jpg,1120,30,fitness,training
synthetic_post_0743.jpg,749,6,fashion,fitness
synthetic_post_0743.jpg,749,12,fashion,life
synthetic_post_0743.jpg,749,29,fashion,style
synthetic_post_0743.jpg,749,10,fashion,training
synthetic_post_0743.jpg,749,6,fashion,workout
synthetic_post_0743.jpg,749,6,fitness,life
synthetic_post_0743.jpg,749,5,fitness,style
synthetic_post_0743.jpg,749,30,fitness,training
synthetic_post_0743.jpg,749,21,fitness,workout
synthetic_post_0743.jpg,749,8,life,style
synthetic_post_0743.jpg,749,10,life,training
synthetic_post_0743.jpg,749,7,life,workout
synthetic_post_0743.jpg,749,6,style,training
synthetic_post_0743.jpg,749,5,style,workout
synthetic_post_0743.jpg,749,42,training,workout
synthetic_post_0744.jpg,955,30,artist,creative
synthetic_post_0744.jpg,955,8,artist,explore
synthetic_post_0744.jpg,955,6,artist,nature
synthetic_post_0744.jpg,955,7,creative,explore
synthetic_post_0744.jpg,955,4,creative,nature
synthetic_post_0744.jpg,955,25,explore,nature
synthetic_post_0745.jpg,1107,25,ai,coding
synthetic_post_0745.jpg,1107,7,ai,photography
synthetic_post_0745.jpg,1107,27,ai,tech
synthetic_post_0745.jpg,1107,6,ai,wanderlust
synthetic_post_0745.jpg,1107,4,coding,photography
synthetic_post_0745.jpg,1107,23,coding,tech
synthetic_post_0745.jpg,1107,5,coding,wanderlust
synthetic_post_0745.jpg,1107,6,photography,tech
synthetic_post_0745.jpg,1107,30,photography,wanderlust
synthetic_post_0745.jpg,1107,9,tech,wanderlust
synthetic_post_0746.jpg,1476,26,coding,developer
synthetic_post_0746.jpg,1476,21,coding,innovation
synthetic_post_0746.jpg,1476,5,coding,outfit
synthetic_post_0746.jpg,1476,19,coding,startup
synthetic_post_0746.jpg,1476,6,coding,style
synthetic_post_0746.jpg,1476,26,developer,innovation
synthetic_post_0746.jpg,1476,8,developer,outfit
synthetic_post_0746.jpg,1476,17,developer,startup
synthetic_post_0746.jpg,1476,9,developer,style
synthetic_post_0746.jpg,1476,8,innovation,outfit
synthetic_post_0746.jpg,1476,28,innovation,startup
synthetic_post_0746.jpg,1476,8,innovation,style
synthetic_post_0746.jpg,1476,9,outfit,startup
synthetic_post_0746.jpg,1476,33,outfit,style
synthetic_post_0746.jpg,1476,11,startup,style
synthetic_post_0747.jpg,550,22,streetstyle,style
synthetic_post_0748.jpg,691,20,beauty,fashion
synthetic_post_0748.jpg,691,17,beauty,streetstyle
synthetic_post_0748.jpg,691,22,fashion,streetstyle
synthetic_post_0749.jpg,1168,7,ai,delicious
synthetic_post_0749.jpg,1168,4,ai,foodie
synthetic_post_0749.jpg,1168,3,ai,instafood
synthetic_post_0749.jpg,1168,2,ai,yummy
synthetic_post_0749.jpg,1168,28,delicious,foodie
synthetic_post_0749.jpg,1168,25,delicious,instafood
synthetic_post_0749.jpg,1168,20,delicious,yummy
synthetic_post_0749.jpg,1168,28,foodie,instafood
synthetic_post_0749.jpg,1168,23,foodie,yummy
synthetic_post_0749.jpg,1168,18,instafood,yummy
synthetic_post_0750.jpg,1150,22,art,creative
synthetic_post_0750.jpg,1150,7,art,explore
synthetic_post_0750.jpg,1150,23,art,illustration
synthetic_post_0750.jpg,1150,7,art,photography
synthetic_post_0750.jpg,1150,7,creative,explore
synthetic_post_0750.jpg,1150,21,creative,illustration
synthetic_post_0750.jpg,1150,6,creative,photography
synthetic_post_0750.jpg,1150,5,explore,illustration
synthetic_post_0750.jpg,1150,15,explore,photography
synthetic_post_0750.jpg,1150,2,illustration,photography
synthetic_post_0751.jpg,577,20,delicious,foodporn
synthetic_post_0751.jpg,577,26,delicious,homemade
synthetic_post_0751.jpg,577,25,delicious,instafood
synthetic_post_0751.jpg,577,25,foodporn,homemade
synthetic_post_0751.jpg,577,27,foodporn,instafood
synthetic_post_0751.jpg,577,27,homemade,instafood
synthetic_post_0752.jpg,808,21,coding,innovation
synthetic_post_0752.jpg,808,3,coding,nature
synthetic_post_0752.jpg,808,25,coding,software
synthetic_post_0752.jpg,808,23,coding,tech
synthetic_post_0752.jpg,808,2,coding,travel
synthetic_post_0752.jpg,808,3,innovation,nature
synthetic_post_0752.jpg,808,25,innovation,software
synthetic_post_0752.jpg,808,26,innovation,tech
synthetic_post_0752.jpg,808,6,innovation,travel
synthetic_post_0752.jpg,808,3,nature,software
synthetic_post_0752.jpg,808,4,nature,tech
synthetic_post_0752.jpg,808,27,nature,travel
synthetic_post_0752.jpg,808,26,software,tech
synthetic_post_0752.jpg,808,2,software,travel
synthetic_post_0752.jpg,808,4,tech,travel
synthetic_post_0753.jpg,1330,4,ai,gym
synthetic_post_0753.jpg,1330,25,ai,innovation
synthetic_post_0753.jpg,1330,12,ai,instagood
synthetic_post_0753.jpg,1330,1,ai,motivation
synthetic_post_0753.jpg,1330,20,ai,startup
synthetic_post_0753.jpg,1330,27,ai,tech
synthetic_post_0753.jpg,1330,4,gym,innovation
synthetic_post_0753.jpg,1330,5,gym,instagood
synthetic_post_0753.jpg,1330,28,gym,motivation
synthetic_post_0753.jpg,1330,4,gym,startup
synthetic_post_0753.jpg,1330,5,gym,tech
synthetic_post_0753.jpg,1330,9,innovation,instagood
synthetic_post_0753.jpg,1330,4,innovation,motivation
synthetic_post_0753.jpg,1330,28,innovation,startup
synthetic_post_0753.jpg,1330,26,innovation,tech
synthetic_post_0753.jpg,1330,6,instagood,motivation
synthetic_post_0753.jpg,1330,10,instagood,startup
synthetic_post_0753.jpg,1330,6,instagood,tech
synthetic_post_0753.jpg,1330,4,motivation,startup
synthetic_post_0753.jpg,1330,2,motivation,tech
synthetic_post_0753.jpg,1330,28,startup,tech
synthetic_post_0754.jpg,831,6,fashion,happy
synthetic_post_0754.jpg,831,23,fashion,model
synthetic_post_0754.jpg,831,8,fashion,motivation
synthetic_post_0754.jpg,831,22,fashion,streetstyle
synthetic_post_0754.jpg,831,6,fashion,workout
synthetic_post_0754.jpg,831,10,happy,model
synthetic_post_0754.jpg,831,5,happy,motivation
synthetic_post_0754.jpg,831,3,happy,streetstyle
synthetic_post_0754.jpg,831,5,happy,workout
synthetic_post_0754.jpg,831,6,model,motivation
synthetic_post_0754.jpg,831,22,model,streetstyle
synthetic_post_0754.jpg,831,7,model,workout
synthetic_post_0754.jpg,831,6,motivation,streetstyle
synthetic_post_0754.jpg,831,27,motivation,workout
synthetic_post_0754.jpg,831,5,streetstyle,workout
synthetic_post_0755.jpg,1039,20,fashion,ootd
synthetic_post_0755.jpg,1039,26,fashion,outfit
synthetic_post_0755.jpg,1039,6,fashion,photography
synthetic_post_0755.jpg,1039,22,fashion,streetstyle
synthetic_post_0755.jpg,1039,22,ootd,outfit
synthetic_post_0755.jpg,1039,5,ootd,photography
synthetic_post_0755.jpg,1039,18,ootd,streetstyle
synthetic_post_0755.jpg,1039,1,outfit,photography
synthetic_post_0755.jpg,1039,26,outfit,streetstyle
synthetic_post_0755.jpg,1039,2,photography,streetstyle
synthetic_post_0756.jpg,689,6,explore,health
synthetic_post_0756.jpg,689,5,explore,workout
synthetic_post_0756.jpg,689,17,health,workout
synthetic_post_0757.jpg,1187,30,artist,creative
synthetic_post_0757.jpg,1187,24,artist,design
synthetic_post_0757.jpg,1187,26,artist,gallery
synthetic_post_0757.jpg,1187,27,creative,design
synthetic_post_0757.jpg,1187,24,creative,gallery
synthetic_post_0757.jpg,1187,21,design,gallery
synthetic_post_0758.jpg,746,27,artist,drawing
synthetic_post_0758.jpg,746,6,artist,innovation
synthetic_post_0758.jpg,746,4,artist,life
synthetic_post_0758.jpg,746,7,artist,startup
synthetic_post_0758.jpg,746,3,drawing,innovation
synthetic_post_0758.jpg,746,4,drawing,life
synthetic_post_0758.jpg,746,5,drawing,startup
synthetic_post_0758.jpg,746,3,innovation,life
synthetic_post_0758.jpg,746,28,innovation,startup
synthetic_post_0758.jpg,746,6,life,startup
synthetic_post_0759.jpg,573,4,adventure,artist
synthetic_post_0759.jpg,573,5,adventure,creative
synthetic_post_0759.jpg,573,27,adventure,photography
synthetic_post_0759.jpg,573,30,artist,creative
synthetic_post_0759.jpg,573,2,artist,photography
synthetic_post_0759.jpg,573,6,creative,photography
synthetic_post_0760.jpg,912,4,fitfam,innovation
synthetic_post_0760.jpg,912,4,fitfam,tech
synthetic_post_0760.jpg,912,26,innovation,tech
synthetic_post_0761.jpg,1200,8,delicious,design
synthetic_post_0761.jpg,1200,5,delicious,drawing
synthetic_post_0761.jpg,1200,20,delicious,foodporn
synthetic_post_0761.jpg,1200,26,delicious,homemade
synthetic_post_0761.jpg,1200,25,delicious,instafood
synthetic_post_0761.jpg,1200,5,delicious,instagood
synthetic_post_0761.jpg,1200,23,design,drawing
synthetic_post_0761.jpg,1200,5,design,foodporn
synthetic_post_0761.jpg,1200,9,design,homemade
synthetic_post_0761.jpg,1200,7,design,instafood
synthetic_post_0761.jpg,1200,8,design,instagood
synthetic_post_0761.jpg,1200,8,drawing,foodporn
synthetic_post_0761.jpg,1200,4,drawing,homemade
synthetic_post_0761.jpg,1200,3,drawing,instafood
synthetic_post_0761.jpg,1200,4,drawing,instagood
synthetic_post_0761.jpg,1200,25,foodporn,homemade
synthetic_post_0761.jpg,1200,27,foodporn,instafood
synthetic_post_0761.jpg,1200,5,foodporn,instagood
synthetic_post_0761.jpg,1200,27,homemade,instafood
synthetic_post_0761.jpg,1200,5,homemade,instagood
synthetic_post_0761.jpg,1200,5,instafood,instagood
synthetic_post_0762.jpg,908,28,foodie,instafood
synthetic_post_0762.jpg,908,3,foodie,nature
synthetic_post_0762.jpg,908,9,foodie,vacation
synthetic_post_0762.jpg,908,5,instafood,nature
synthetic_post_0762.jpg,908,8,instafood,vacation
synthetic_post_0762.jpg,908,22,nature,vacation
synthetic_post_0763.jpg,822,7,coding,fitfam
synthetic_post_0763.jpg,822,25,coding,software
synthetic_post_0763.jpg,822,19,coding,startup
synthetic_post_0763.jpg,822,4,fitfam,software
synthetic_post_0763.jpg,822,5,fitfam,startup
synthetic_post_0763.jpg,822,25,software,startup
synthetic_post_0764.jpg,680,4,fashion,nature
synthetic_post_0764.jpg,680,29,fashion,style
synthetic_post_0764.jpg,680,6,fashion,travel
synthetic_post_0764.jpg,680,4,nature,style
synthetic_post_0764.jpg,680,27,nature,travel
synthetic_post_0764.jpg,680,6,style,travel
synthetic_post_0765.jpg,1238,25,explore,nature
synthetic_post_0765.jpg,1238,15,explore,photography
synthetic_post_0765.jpg,1238,3,explore,startup
synthetic_post_0765.jpg,1238,5,explore,tech
synthetic_post_0765.jpg,1238,25,explore,wanderlust
synthetic_post_0765.jpg,1238,21,nature,photography
synthetic_post_0765.jpg,1238,5,nature,startup
synthetic_post_0765.jpg,1238,4,nature,tech
synthetic_post_0765.jpg,1238,21,nature,wanderlust
synthetic_post_0765.jpg,1238,4,photography,startup
synthetic_post_0765.jpg,1238,6,photography,tech
synthetic_post_0765.jpg,1238,30,photography,wanderlust
synthetic_post_0765.jpg,1238,28,startup,tech
synthetic_post_0765.jpg,1238,3,startup,wanderlust
synthetic_post_0765.jpg,1238,9,tech,wanderlust
synthetic_post_0766.jpg,976,2,delicious,fitness
synthetic_post_0766.jpg,976,4,delicious,gym
synthetic_post_0766.jpg,976,2,delicious,training
synthetic_post_0766.jpg,976,24,fitness,gym
synthetic_post_0766.jpg,976,30,fitness,training
synthetic_post_0766.jpg,976,26,gym,training
synthetic_post_0767.jpg,596,20,adventure,nature
synthetic_post_0767.jpg,596,4,adventure,ootd
synthetic_post_0767.jpg,596,27,adventure,photography
synthetic_post_0767.jpg,596,26,adventure,travel
synthetic_post_0767.jpg,596,4,nature,ootd
synthetic_post_0767.jpg,596,21,nature,photography
synthetic_post_0767.jpg,596,27,nature,travel
synthetic_post_0767.jpg,596,5,ootd,photography
synthetic_post_0767.jpg,596,4,ootd,travel
synthetic_post_0767.jpg,596,25,photography,travel
synthetic_post_0768.jpg,640,20,beauty,fashion
synthetic_post_0768.jpg,640,3,beauty,training
synthetic_post_0768.jpg,640,10,fashion,training
synthetic_post_0769.jpg,887,30,artist,illustration
synthetic_post_0769.jpg,887,2,artist,love
synthetic_post_0769.jpg,887,6,artist,model
synthetic_post_0769.jpg,887,4,artist,outfit
synthetic_post_0769.jpg,887,3,illustration,love
synthetic_post_0769.jpg,887,5,illustration,model
synthetic_post_0769.jpg,887,5,illustration,outfit
synthetic_post_0769.jpg,887,1,love,model
synthetic_post_0769.jpg,887,8,love,outfit
synthetic_post_0769.jpg,887,23,model,outfit
synthetic_post_0770.jpg,490,5,delicious,followme
synthetic_post_0770.jpg,490,28,delicious,foodie
synthetic_post_0770.jpg,490,3,followme,foodie
synthetic_post_0771.jpg,805,28,foodie,instafood
synthetic_post_0771.jpg,805,4,foodie,ootd
synthetic_post_0771.jpg,805,3,foodie,streetstyle
synthetic_post_0771.jpg,805,4,instafood,ootd
synthetic_post_0771.jpg,805,5,instafood,streetstyle
synthetic_post_0771.jpg,805,18,ootd,streetstyle
synthetic_post_0772.jpg,1376,22,adventure,explore
synthetic_post_0772.jpg,1376,6,adventure,motivation
synthetic_post_0772.jpg,1376,25,adventure,vacation
synthetic_post_0772.jpg,1376,23,adventure,wanderlust
synthetic_post_0772.jpg,1376,4,adventure,workout
synthetic_post_0772.jpg,1376,4,explore,motivation
synthetic_post_0772.jpg,1376,22,explore,vacation
synthetic_post_0772.jpg,1376,25,explore,wanderlust
synthetic_post_0772.jpg,1376,5,explore,workout
synthetic_post_0772.jpg,1376,4,motivation,vacation
synthetic_post_0772.jpg,1376,4,motivation,wanderlust
synthetic_post_0772.jpg,1376,27,motivation,workout
synthetic_post_0772.jpg,1376,17,vacation,wanderlust
synthetic_post_0772.jpg,1376,3,vacation,workout
synthetic_post_0772.jpg,1376,4,wanderlust,workout
synthetic_post_0773.jpg,944,34,ai,developer
synthetic_post_0773.jpg,944,3,ai,explore
synthetic_post_0773.jpg,944,12,ai,instagood
synthetic_post_0773.jpg,944,4,ai,travel
synthetic_post_0773.jpg,944,7,developer,explore
synthetic_post_0773.jpg,944,8,developer,instagood
synthetic_post_0773.jpg,944,5,developer,travel
synthetic_post_0773.jpg,944,3,explore,instagood
synthetic_post_0773.jpg,944,30,explore,travel
synthetic_post_0773.jpg,944,5,instagood,travel
synthetic_post_0774.jpg,970,27,adventure,photography
synthetic_post_0774.jpg,970,26,adventure,travel
synthetic_post_0774.jpg,970,25,adventure,vacation
synthetic_post_0774.jpg,970,5,adventure,yummy
synthetic_post_0774.jpg,970,25,photography,travel
synthetic_post_0774.jpg,970,20,photography,vacation
synthetic_post_0774.jpg,970,3,photography,yummy
synthetic_post_0774.jpg,970,23,travel,vacation
synthetic_post_0774.jpg,970,11,travel,yummy
synthetic_post_0774.jpg,970,9,vacation,yummy
synthetic_post_0775.jpg,967,9,ai,fashion
synthetic_post_0775.jpg,967,25,ai,innovation
synthetic_post_0775.jpg,967,12,ai,instagood
synthetic_post_0775.jpg,967,8,ai,style
synthetic_post_0775.jpg,967,27,ai,tech
synthetic_post_0775.jpg,967,6,fashion,innovation
synthetic_post_0775.jpg,967,6,fashion,instagood
synthetic_post_0775.jpg,967,29,fashion,style
synthetic_post_0775.jpg,967,5,fashion,tech
synthetic_post_0775.jpg,967,9,innovation,instagood
synthetic_post_0775.jpg,967,8,innovation,style
synthetic_post_0775.jpg,967,26,innovation,tech
synthetic_post_0775.jpg,967,3,instagood,style
synthetic_post_0775.jpg,967,6,instagood,tech
synthetic_post_0775.jpg,967,10,style,tech
synthetic_post_0776.jpg,935,3,explore,gym
synthetic_post_0776.jpg,935,4,explore,motivation
synthetic_post_0776.jpg,935,5,explore,training
synthetic_post_0776.jpg,935,5,explore,workout
synthetic_post_0776.jpg,935,28,gym,motivation
synthetic_post_0776.jpg,935,26,gym,training
synthetic_post_0776.jpg,935,24,gym,workout
synthetic_post_0776.jpg,935,29,motivation,training
synthetic_post_0776.jpg,935,27,motivation,workout
synthetic_post_0776.jpg,935,42,training,workout
synthetic_post_0777.jpg,774,8,innovation,outfit
synthetic_post_0777.jpg,774,25,innovation,software
synthetic_post_0777.jpg,774,28,innovation,startup
synthetic_post_0777.jpg,774,8,innovation,style
synthetic_post_0777.jpg,774,8,outfit,software
synthetic_post_0777.jpg,774,9,outfit,startup
synthetic_post_0777.jpg,774,33,outfit,style
synthetic_post_0777.jpg,774,25,software,startup
synthetic_post_0777.jpg,774,12,software,style
synthetic_post_0777.jpg,774,11,startup,style
synthetic_post_0778.jpg,1141,20,ai,startup
synthetic_post_0778.jpg,1141,27,ai,tech
synthetic_post_0778.jpg,1141,4,ai,training
synthetic_post_0778.jpg,1141,4,ai,workout
synthetic_post_0778.jpg,1141,28,startup,tech
synthetic_post_0778.jpg,1141,7,startup,training
synthetic_post_0778.jpg,1141,8,startup,workout
synthetic_post_0778.jpg,1141,5,tech,training
synthetic_post_0778.jpg,1141,5,tech,workout
synthetic_post_0778.jpg,1141,42,training,workout
synthetic_post_0779.jpg,421,26,fashion,outfit
synthetic_post_0780.jpg,563,25,ai,coding
synthetic_post_0780.jpg,563,7,ai,like4like
synthetic_post_0780.jpg,563,27,ai,tech
synthetic_post_0780.jpg,563,7,coding,like4like
synthetic_post_0780.jpg,563,23,coding,tech
synthetic_post_0780.jpg,563,7,like4like,tech
synthetic_post_0781.jpg,712,6,artist,coding
synthetic_post_0781.jpg,712,2,artist,tech
synthetic_post_0781.jpg,712,23,coding,tech
synthetic_post_0782.jpg,764,5,creative,life
synthetic_post_0782.jpg,764,4,creative,nature
synthetic_post_0782.jpg,764,6,creative,photography
synthetic_post_0782.jpg,764,4,creative,travel
synthetic_post_0782.jpg,764,5,life,nature
synthetic_post_0782.jpg,764,6,life,photography
synthetic_post_0782.jpg,764,5,life,travel
synthetic_post_0782.jpg,764,21,nature,photography
synthetic_post_0782.jpg,764,27,nature,travel
synthetic_post_0782.jpg,764,25,photography,travel
synthetic_post_0783.jpg,1029,34,ai,developer
synthetic_post_0783.jpg,1029,3,ai,fitness
synthetic_post_0783.jpg,1029,7,ai,like4like
synthetic_post_0783.jpg,1029,24,ai,software
synthetic_post_0783.jpg,1029,27,ai,tech
synthetic_post_0783.jpg,1029,8,developer,fitness
synthetic_post_0783.jpg,1029,3,developer,like4like
synthetic_post_0783.jpg,1029,28,developer,software
synthetic_post_0783.jpg,1029,26,developer,tech
synthetic_post_0783.jpg,1029,6,fitness,like4like
synthetic_post_0783.jpg,1029,6,fitness,software
synthetic_post_0783.jpg,1029,5,fitness,tech
synthetic_post_0783.jpg,1029,5,like4like,software
synthetic_post_0783.jpg,1029,7,like4like,tech
synthetic_post_0783.jpg,1029,26,software,tech
synthetic_post_0784.jpg,798,5,fitness,foodporn
synthetic_post_0784.jpg,798,7,fitness,instafood
synthetic_post_0784.jpg,798,27,foodporn,instafood
synthetic_post_0785.jpg,594,23,design,drawing
synthetic_post_0785.jpg,594,3,design,love
synthetic_post_0785.jpg,594,2,drawing,love
synthetic_post_0786.jpg,904,5,developer,life
synthetic_post_0786.jpg,904,5,developer,nature
synthetic_post_0786.jpg,904,9,developer,photography
synthetic_post_0786.jpg,904,28,developer,software
synthetic_post_0786.jpg,904,4,developer,vacation
synthetic_post_0786.jpg,904,5,life,nature
synthetic_post_0786.jpg,904,6,life,photography
synthetic_post_0786.jpg,904,5,life,software
synthetic_post_0786.jpg,904,5,life,vacation
synthetic_post_0786.jpg,904,21,nature,photography
synthetic_post_0786.jpg,904,3,nature,software
synthetic_post_0786.jpg,904,22,nature,vacation
synthetic_post_0786.jpg,904,7,photography,software
synthetic_post_0786.jpg,904,20,photography,vacation
synthetic_post_0786.jpg,904,3,software,vacation
synthetic_post_0787.jpg,1068,23,design,drawing
synthetic_post_0787.jpg,1068,5,design,gym
synthetic_post_0787.jpg,1068,8,design,motivation
synthetic_post_0787.jpg,1068,7,design,photooftheday
synthetic_post_0787.jpg,1068,7,drawing,gym
synthetic_post_0787.jpg,1068,5,drawing,motivation
synthetic_post_0787.jpg,1068,8,drawing,photooftheday
synthetic_post_0787.jpg,1068,28,gym,motivation
synthetic_post_0787.jpg,1068,2,gym,photooftheday
synthetic_post_0787.jpg,1068,3,motivation,photooftheday
synthetic_post_0788.jpg,1306,6,beauty,delicious
synthetic_post_0788.jpg,1306,3,beauty,homemade
synthetic_post_0788.jpg,1306,18,beauty,model
synthetic_post_0788.jpg,1306,17,beauty,streetstyle
synthetic_post_0788.jpg,1306,25,beauty,style
synthetic_post_0788.jpg,1306,26,delicious,homemade
synthetic_post_0788.jpg,1306,5,delicious,model
synthetic_post_0788.jpg,1306,4,delicious,streetstyle
synthetic_post_0788.jpg,1306,2,delicious,style
synthetic_post_0788.jpg,1306,3,homemade,model
synthetic_post_0788.jpg,1306,5,homemade,streetstyle
synthetic_post_0788.jpg,1306,1,homemade,style
synthetic_post_0788.jpg,1306,22,model,streetstyle
synthetic_post_0788.jpg,1306,27,model,style
synthetic_post_0788.jpg,1306,22,streetstyle,style
synthetic_post_0789.jpg,1030,27,beauty,outfit
synthetic_post_0789.jpg,1030,17,beauty,streetstyle
synthetic_post_0789.jpg,1030,25,beauty,style
synthetic_post_0789.jpg,1030,26,outfit,streetstyle
synthetic_post_0789.jpg,1030,33,outfit,style
synthetic_post_0789.jpg,1030,22,streetstyle,style
synthetic_post_0790.jpg,763,24,art,gallery
synthetic_post_0790.jpg,763,2,art,love
synthetic_post_0790.jpg,763,7,art,photography
synthetic_post_0790.jpg,763,4,art,travel
synthetic_post_0790.jpg,763,2,gallery,love
synthetic_post_0790.jpg,763,9,gallery,photography
synthetic_post_0790.jpg,763,6,gallery,travel
synthetic_post_0790.jpg,763,4,love,photography
synthetic_post_0790.jpg,763,6,love,travel
synthetic_post_0790.jpg,763,25,photography,travel
synthetic_post_0791.jpg,1413,10,creative,fashion
synthetic_post_0791.jpg,1413,24,creative,gallery
synthetic_post_0791.jpg,1413,5,creative,model
synthetic_post_0791.jpg,1413,10,creative,ootd
synthetic_post_0791.jpg,1413,7,creative,style
synthetic_post_0791.jpg,1413,6,fashion,gallery
synthetic_post_0791.jpg,1413,23,fashion,model
synthetic_post_0791.jpg,1413,20,fashion,ootd
synthetic_post_0791.jpg,1413,29,fashion,style
synthetic_post_0791.jpg,1413,6,gallery,model
synthetic_post_0791.jpg,1413,9,gallery,ootd
synthetic_post_0791.jpg,1413,5,gallery,style
synthetic_post_0791.jpg,1413,20,model,ootd
synthetic_post_0791.jpg,1413,27,model,style
synthetic_post_0791.jpg,1413,23,ootd,style
synthetic_post_0792.jpg,1216,27,creative,design
synthetic_post_0792.jpg,1216,23,creative,drawing
synthetic_post_0792.jpg,1216,24,creative,gallery
synthetic_post_0792.jpg,1216,7,creative,like4like
synthetic_post_0792.jpg,1216,5,creative,model
synthetic_post_0792.jpg,1216,23,design,drawing
synthetic_post_0792.jpg,1216,21,design,gallery
synthetic_post_0792.jpg,1216,5,design,like4like
synthetic_post_0792.jpg,1216,3,design,model
synthetic_post_0792.jpg,1216,33,drawing,gallery
synthetic_post_0792.jpg,1216,3,drawing,like4like
synthetic_post_0792.jpg,1216,6,drawing,model
synthetic_post_0792.jpg,1216,7,gallery,like4like
synthetic_post_0792.jpg,1216,6,gallery,model
synthetic_post_0792.jpg,1216,8,like4like,model
synthetic_post_0793.jpg,1282,9,fitness,happy
synthetic_post_0793.jpg,1282,4,fitness,model
synthetic_post_0793.jpg,1282,6,fitness,streetstyle
synthetic_post_0793.jpg,1282,5,fitness,style
synthetic_post_0793.jpg,1282,30,fitness,training
synthetic_post_0793.jpg,1282,10,happy,model
synthetic_post_0793.jpg,1282,3,happy,streetstyle
synthetic_post_0793.jpg,1282,7,happy,style
synthetic_post_0793.jpg,1282,6,happy,training
synthetic_post_0793.jpg,1282,22,model,streetstyle
synthetic_post_0793.jpg,1282,27,model,style
synthetic_post_0793.jpg,1282,8,model,training
synthetic_post_0793.jpg,1282,22,streetstyle,style
synthetic_post_0793.jpg,1282,2,streetstyle,training
synthetic_post_0793.jpg,1282,6,style,training
synthetic_post_0794.jpg,770,4,beauty,gym
synthetic_post_0794.jpg,770,3,beauty,motivation
synthetic_post_0794.jpg,770,3,beauty,training
synthetic_post_0794.jpg,770,28,gym,motivation
synthetic_post_0794.jpg,770,26,gym,training
synthetic_post_0794.jpg,770,29,motivation,training
synthetic_post_0795.jpg,689,5,foodporn,training
synthetic_post_0795.jpg,689,2,foodporn,workout
synthetic_post_0795.jpg,689,25,foodporn,yummy
synthetic_post_0795.jpg,689,42,training,workout
synthetic_post_0795.jpg,689,6,training,yummy
synthetic_post_0795.jpg,689,4,workout,yummy
synthetic_post_0796.jpg,784,18,chef,delicious
synthetic_post_0796.jpg,784,32,chef,foodie
synthetic_post_0796.jpg,784,25,chef,foodporn
synthetic_post_0796.jpg,784,4,chef,tech
synthetic_post_0796.jpg,784,28,delicious,foodie
synthetic_post_0796.jpg,784,20,delicious,foodporn
synthetic_post_0796.jpg,784,5,delicious,tech
synthetic_post_0796.jpg,784,26,foodie,foodporn
synthetic_post_0796.jpg,784,5,foodie,tech
synthetic_post_0796.jpg,784,4,foodporn,tech
synthetic_post_0797.jpg,647,4,beauty,chef
synthetic_post_0797.jpg,647,4,beauty,foodie
synthetic_post_0797.jpg,647,3,beauty,homemade
synthetic_post_0797.jpg,647,9,beauty,like4like
synthetic_post_0797.jpg,647,27,beauty,outfit
synthetic_post_0797.jpg,647,32,chef,foodie
synthetic_post_0797.jpg,647,25,chef,homemade
synthetic_post_0797.jpg,647,6,chef,like4like
synthetic_post_0797.jpg,647,2,chef,outfit
synthetic_post_0797.jpg,647,19,foodie,homemade
synthetic_post_0797.jpg,647,8,foodie,like4like
synthetic_post_0797.jpg,647,4,foodie,outfit
synthetic_post_0797.jpg,647,4,homemade,like4like
synthetic_post_0797.jpg,647,6,homemade,outfit
synthetic_post_0797.jpg,647,7,like4like,outfit
synthetic_post_0798.jpg,928,26,fitfam,fitness
synthetic_post_0798.jpg,928,3,fitfam,followme
synthetic_post_0798.jpg,928,6,fitfam,foodie
synthetic_post_0798.jpg,928,26,fitfam,training
synthetic_post_0798.jpg,928,25,fitfam,workout
synthetic_post_0798.jpg,928,5,fitfam,yummy
synthetic_post_0798.jpg,928,2,fitness,followme
synthetic_post_0798.jpg,928,7,fitness,foodie
synthetic_post_0798.jpg,928,30,fitness,training
synthetic_post_0798.jpg,928,21,fitness,workout
synthetic_post_0798.jpg,928,3,fitness,yummy
synthetic_post_0798.jpg,928,3,followme,foodie
synthetic_post_0798.jpg,928,4,followme,training
synthetic_post_0798.jpg,928,4,followme,workout
synthetic_post_0798.jpg,928,2,followme,yummy
synthetic_post_0798.jpg,928,8,foodie,training
synthetic_post_0798.jpg,928,5,foodie,workout
synthetic_post_0798.jpg,928,23,foodie,yummy
synthetic_post_0798.jpg,928,42,training,workout
synthetic_post_0798.jpg,928,6,training,yummy
synthetic_post_0798.jpg,928,4,workout,yummy
synthetic_post_0799.jpg,609,21,coding,innovation
synthetic_post_0799.jpg,609,5,coding,outfit
synthetic_post_0799.jpg,609,6,coding,style
synthetic_post_0799.jpg,609,8,innovation,outfit
synthetic_post_0799.jpg,609,8,innovation,style
synthetic_post_0799.jpg,609,33,outfit,style
