file_name,like,hash_combo
synthetic_post_0000.jpg,821,"[('creative', 'drawing'), ('creative', 'love'), ('creative', 'wanderlust'), ('drawing', 'love'), ('drawing', 'wanderlust'), ('love', 'wanderlust')]"
synthetic_post_0001.jpg,873,"[('chef', 'delicious'), ('chef', 'foodie'), ('chef', 'foodporn'), ('delicious', 'foodie'), ('delicious', 'foodporn'), ('foodie', 'foodporn')]"
synthetic_post_0002.jpg,1188,"[('artist', 'beauty'), ('artist', 'creative'), ('artist', 'drawing'), ('artist', 'fashion'), ('artist', 'photooftheday'), ('beauty', 'creative'), ('beauty', 'drawing'), ('beauty', 'fashion'), ('beauty', 'photooftheday'), ('creative', 'drawing'), ('creative', 'fashion'), ('creative', 'photooftheday'), ('drawing', 'fashion'), ('drawing', 'photooftheday'), ('fashion', 'photooftheday')]"
synthetic_post_0003.jpg,697,"[('coding', 'nature'), ('coding', 'photography'), ('coding', 'startup'), ('coding', 'vacation'), ('nature', 'photography'), ('nature', 'startup'), ('nature', 'vacation'), ('photography', 'startup'), ('photography', 'vacation'), ('startup', 'vacation')]"
synthetic_post_0004.jpg,1529,"[('followme', 'gym'), ('followme', 'model'), ('followme', 'motivation'), ('followme', 'style'), ('followme', 'training'), ('followme', 'workout'), ('gym', 'model'), ('gym', 'motivation'), ('gym', 'style'), ('gym', 'training'), ('gym', 'workout'), ('model', 'motivation'), ('model', 'style'), ('model', 'training'), ('model', 'workout'), ('motivation', 'style'), ('motivation', 'training'), ('motivation', 'workout'), ('style', 'training'), ('style', 'workout'), ('training', 'workout')]"
synthetic_post_0005.jpg,843,"[('gym', 'model'), ('gym', 'ootd'), ('gym', 'streetstyle'), ('gym', 'style'), ('model', 'ootd'), ('model', 'streetstyle'), ('model', 'style'), ('ootd', 'streetstyle'), ('ootd', 'style'), ('streetstyle', 'style')]"
synthetic_post_0006.jpg,1014,"[('artist', 'beauty'), ('artist', 'design'), ('artist', 'drawing'), ('artist', 'style'), ('beauty', 'design'), ('beauty', 'drawing'), ('beauty', 'style'), ('design', 'drawing'), ('design', 'style'), ('drawing', 'style')]"
synthetic_post_0007.jpg,973,"[('software', 'style'), ('software', 'tech'), ('style', 'tech')]"
synthetic_post_0008.jpg,616,"[('innovation', 'motivation'), ('innovation', 'training'), ('motivation', 'training')]"
synthetic_post_0009.jpg,787,"[('drawing', 'explore'), ('drawing', 'gallery'), ('drawing', 'nature'), ('drawing', 'travel'), ('drawing', 'wanderlust'), ('explore', 'gallery'), ('explore', 'nature'), ('explore', 'travel'), ('explore', 'wanderlust'), ('gallery', 'nature'), ('gallery', 'travel'), ('gallery', 'wanderlust'), ('nature', 'travel'), ('nature', 'wanderlust'), ('travel', 'wanderlust')]"
synthetic_post_0010.jpg,620,"[('developer', 'fitness'), ('developer', 'gym'), ('developer', 'life'), ('developer', 'software'), ('developer', 'tech'), ('fitness', 'gym'), ('fitness', 'life'), ('fitness', 'software'), ('fitness', 'tech'), ('gym', 'life'), ('gym', 'software'), ('gym', 'tech'), ('life', 'software'), ('life', 'tech'), ('software', 'tech')]"
synthetic_post_0011.jpg,1124,"[('artist', 'creative'), ('artist', 'design'), ('artist', 'illustration'), ('artist', 'streetstyle'), ('creative', 'design'), ('creative', 'illustration'), ('creative', 'streetstyle'), ('design', 'illustration'), ('design', 'streetstyle'), ('illustration', 'streetstyle')]"
synthetic_post_0012.jpg,704,"[('delicious', 'explore'), ('delicious', 'travel'), ('explore', 'travel')]"
synthetic_post_0013.jpg,1146,"[('fitfam', 'instagood'), ('fitfam', 'motivation'), ('fitfam', 'nature'), ('fitfam', 'wanderlust'), ('instagood', 'motivation'), ('instagood', 'nature'), ('instagood', 'wanderlust'), ('motivation', 'nature'), ('motivation', 'wanderlust'), ('nature', 'wanderlust')]"
synthetic_post_0014.jpg,981,"[('adventure', 'drawing'), ('adventure', 'explore'), ('adventure', 'followme'), ('adventure', 'gallery'), ('adventure', 'photography'), ('drawing', 'explore'), ('drawing', 'followme'), ('drawing', 'gallery'), ('drawing', 'photography'), ('explore', 'followme'), ('explore', 'gallery'), ('explore', 'photography'), ('followme', 'gallery'), ('followme', 'photography'), ('gallery', 'photography')]"
synthetic_post_0015.jpg,968,"[('chef', 'foodporn'), ('chef', 'homemade'), ('chef', 'instagood'), ('chef', 'yummy'), ('foodporn', 'homemade'), ('foodporn', 'instagood'), ('foodporn', 'yummy'), ('homemade', 'instagood'), ('homemade', 'yummy'), ('instagood', 'yummy')]"
synthetic_post_0016.jpg,648,"[('adventure', 'foodporn'), ('adventure', 'vacation'), ('adventure', 'yummy'), ('foodporn', 'vacation'), ('foodporn', 'yummy'), ('vacation', 'yummy')]"
synthetic_post_0017.jpg,924,"[('beauty', 'creative'), ('beauty', 'love'), ('beauty', 'outfit'), ('beauty', 'streetstyle'), ('beauty', 'style'), ('creative', 'love'), ('creative', 'outfit'), ('creative', 'streetstyle'), ('creative', 'style'), ('love', 'outfit'), ('love', 'streetstyle'), ('love', 'style'), ('outfit', 'streetstyle'), ('outfit', 'style'), ('streetstyle', 'style')]"
synthetic_post_0018.jpg,371,"[('instagood', 'startup'), ('instagood', 'tech'), ('startup', 'tech')]"
synthetic_post_0019.jpg,960,"[('explore', 'innovation'), ('explore', 'software'), ('explore', 'startup'), ('explore', 'wanderlust'), ('innovation', 'software'), ('innovation', 'startup'), ('innovation', 'wanderlust'), ('software', 'startup'), ('software', 'wanderlust'), ('startup', 'wanderlust')]"
synthetic_post_0020.jpg,794,"[('fitfam', 'health'), ('fitfam', 'travel'), ('health', 'travel')]"
synthetic_post_0021.jpg,758,"[('health', 'homemade'), ('health', 'training'), ('health', 'workout'), ('homemade', 'training'), ('homemade', 'workout'), ('training', 'workout')]"
synthetic_post_0022.jpg,761,"[('gym', 'motivation'), ('gym', 'training'), ('gym', 'workout'), ('motivation', 'training'), ('motivation', 'workout'), ('training', 'workout')]"
synthetic_post_0023.jpg,630,"[('gym', 'photography'), ('gym', 'wanderlust'), ('gym', 'workout'), ('photography', 'wanderlust'), ('photography', 'workout'), ('wanderlust', 'workout')]"
synthetic_post_0024.jpg,1075,"[('developer', 'fitfam'), ('developer', 'fitness'), ('developer', 'gym'), ('developer', 'tech'), ('developer', 'training'), ('fitfam', 'fitness'), ('fitfam', 'gym'), ('fitfam', 'tech'), ('fitfam', 'training'), ('fitness', 'gym'), ('fitness', 'tech'), ('fitness', 'training'), ('gym', 'tech'), ('gym', 'training'), ('tech', 'training')]"
synthetic_post_0025.jpg,704,"[('foodie', 'foodporn'), ('foodie', 'instafood'), ('foodporn', 'instafood')]"
synthetic_post_0026.jpg,670,"[('beauty', 'followme'), ('beauty', 'foodporn'), ('beauty', 'instafood'), ('beauty', 'outfit'), ('followme', 'foodporn'), ('followme', 'instafood'), ('followme', 'outfit'), ('foodporn', 'instafood'), ('foodporn', 'outfit'), ('instafood', 'outfit')]"
synthetic_post_0027.jpg,878,"[('creative', 'drawing'), ('creative', 'illustration'), ('creative', 'tech'), ('drawing', 'illustration'), ('drawing', 'tech'), ('illustration', 'tech')]"
synthetic_post_0028.jpg,1277,"[('art', 'followme'), ('art', 'gallery'), ('art', 'gym'), ('art', 'health'), ('art', 'illustration'), ('followme', 'gallery'), ('followme', 'gym'), ('followme', 'health'), ('followme', 'illustration'), ('gallery', 'gym'), ('gallery', 'health'), ('gallery', 'illustration'), ('gym', 'health'), ('gym', 'illustration'), ('health', 'illustration')]"
synthetic_post_0029.jpg,1120,"[('creative', 'explore'), ('creative', 'illustration'), ('creative', 'nature'), ('creative', 'travel'), ('explore', 'illustration'), ('explore', 'nature'), ('explore', 'travel'), ('illustration', 'nature'), ('illustration', 'travel'), ('nature', 'travel')]"
synthetic_post_0030.jpg,448,"[('gallery', 'illustration'), ('gallery', 'life'), ('illustration', 'life')]"
synthetic_post_0031.jpg,755,"[('beauty', 'outfit'), ('beauty', 'streetstyle'), ('beauty', 'style'), ('outfit', 'streetstyle'), ('outfit', 'style'), ('streetstyle', 'style')]"
synthetic_post_0032.jpg,754,"[('foodie', 'foodporn')]"
synthetic_post_0033.jpg,664,"[('beauty', 'chef'), ('beauty', 'model'), ('chef', 'model')]"
synthetic_post_0034.jpg,1180,"[('ai', 'coding'), ('ai', 'delicious'), ('ai', 'homemade'), ('coding', 'delicious'), ('coding', 'homemade'), ('delicious', 'homemade')]"
synthetic_post_0035.jpg,1046,"[('foodporn', 'gallery'), ('foodporn', 'illustration'), ('foodporn', 'instafood'), ('foodporn', 'yummy'), ('gallery', 'illustration'), ('gallery', 'instafood'), ('gallery', 'yummy'), ('illustration', 'instafood'), ('illustration', 'yummy'), ('instafood', 'yummy')]"
synthetic_post_0036.jpg,895,"[('fitness', 'gym'), ('fitness', 'health'), ('fitness', 'instagood'), ('fitness', 'motivation'), ('gym', 'health'), ('gym', 'instagood'), ('gym', 'motivation'), ('health', 'instagood'), ('health', 'motivation'), ('instagood', 'motivation')]"
synthetic_post_0037.jpg,754,"[('beauty', 'nature'), ('beauty', 'outfit'), ('beauty', 'vacation'), ('nature', 'outfit'), ('nature', 'vacation'), ('outfit', 'vacation')]"
synthetic_post_0038.jpg,950,"[('beauty', 'coding'), ('beauty', 'developer'), ('beauty', 'model'), ('beauty', 'streetstyle'), ('beauty', 'style'), ('coding', 'developer'), ('coding', 'model'), ('coding', 'streetstyle'), ('coding', 'style'), ('developer', 'model'), ('developer', 'streetstyle'), ('developer', 'style'), ('model', 'streetstyle'), ('model', 'style'), ('streetstyle', 'style')]"
synthetic_post_0039.jpg,315,"[('ai', 'startup')]"
synthetic_post_0040.jpg,1033,"[('beauty', 'fitfam'), ('beauty', 'gym'), ('beauty', 'like4like'), ('beauty', 'outfit'), ('beauty', 'workout'), ('fitfam', 'gym'), ('fitfam', 'like4like'), ('fitfam', 'outfit'), ('fitfam', 'workout'), ('gym', 'like4like'), ('gym', 'outfit'), ('gym', 'workout'), ('like4like', 'outfit'), ('like4like', 'workout'), ('outfit', 'workout')]"
synthetic_post_0041.jpg,957,"[('fitness', 'foodporn'), ('fitness', 'health'), ('fitness', 'motivation'), ('fitness', 'training'), ('foodporn', 'health'), ('foodporn', 'motivation'), ('foodporn', 'training'), ('health', 'motivation'), ('health', 'training'), ('motivation', 'training')]"
synthetic_post_0042.jpg,867,"[('beauty', 'gallery'), ('beauty', 'ootd'), ('beauty', 'style'), ('gallery', 'ootd'), ('gallery', 'style'), ('ootd', 'style')]"
synthetic_post_0043.jpg,819,"[('innovation', 'photography'), ('innovation', 'software'), ('innovation', 'travel'), ('innovation', 'vacation'), ('innovation', 'wanderlust'), ('photography', 'software'), ('photography', 'travel'), ('photography', 'vacation'), ('photography', 'wanderlust'), ('software', 'travel'), ('software', 'vacation'), ('software', 'wanderlust'), ('travel', 'vacation'), ('travel', 'wanderlust'), ('vacation', 'wanderlust')]"
synthetic_post_0044.jpg,1163,"[('ai', 'design'), ('ai', 'innovation'), ('ai', 'tech'), ('design', 'innovation'), ('design', 'tech'), ('innovation', 'tech')]"
synthetic_post_0045.jpg,769,"[('ai', 'like4like'), ('ai', 'software'), ('ai', 'startup'), ('like4like', 'software'), ('like4like', 'startup'), ('software', 'startup')]"
synthetic_post_0046.jpg,772,"[('explore', 'gym'), ('explore', 'training'), ('explore', 'wanderlust'), ('explore', 'workout'), ('gym', 'training'), ('gym', 'wanderlust'), ('gym', 'workout'), ('training', 'wanderlust'), ('training', 'workout'), ('wanderlust', 'workout')]"
synthetic_post_0047.jpg,839,"[('delicious', 'drawing'), ('delicious', 'foodporn'), ('delicious', 'gallery'), ('delicious', 'yummy'), ('drawing', 'foodporn'), ('drawing', 'gallery'), ('drawing', 'yummy'), ('foodporn', 'gallery'), ('foodporn', 'yummy'), ('gallery', 'yummy')]"
synthetic_post_0048.jpg,838,"[('ai', 'design'), ('ai', 'drawing'), ('ai', 'illustration'), ('ai', 'innovation'), ('design', 'drawing'), ('design', 'illustration'), ('design', 'innovation'), ('drawing', 'illustration'), ('drawing', 'innovation'), ('illustration', 'innovation')]"
synthetic_post_0049.jpg,757,"[('art', 'drawing'), ('art', 'foodporn'), ('art', 'happy'), ('art', 'illustration'), ('drawing', 'foodporn'), ('drawing', 'happy'), ('drawing', 'illustration'), ('foodporn', 'happy'), ('foodporn', 'illustration'), ('happy', 'illustration')]"
synthetic_post_0050.jpg,1060,"[('fitness', 'health'), ('fitness', 'instafood'), ('fitness', 'love'), ('fitness', 'motivation'), ('health', 'instafood'), ('health', 'love'), ('health', 'motivation'), ('instafood', 'love'), ('instafood', 'motivation'), ('love', 'motivation')]"
synthetic_post_0051.jpg,909,"[('fashion', 'like4like'), ('fashion', 'ootd'), ('fashion', 'style'), ('like4like', 'ootd'), ('like4like', 'style'), ('ootd', 'style')]"
synthetic_post_0052.jpg,1115,"[('foodie', 'foodporn'), ('foodie', 'homemade'), ('foodie', 'instafood'), ('foodporn', 'homemade'), ('foodporn', 'instafood'), ('homemade', 'instafood')]"
synthetic_post_0053.jpg,606,"[('beauty', 'instagood'), ('beauty', 'software'), ('beauty', 'startup'), ('beauty', 'tech'), ('instagood', 'software'), ('instagood', 'startup'), ('instagood', 'tech'), ('software', 'startup'), ('software', 'tech'), ('startup', 'tech')]"
synthetic_post_0054.jpg,836,"[('adventure', 'fashion'), ('adventure', 'nature'), ('adventure', 'photography'), ('adventure', 'photooftheday'), ('adventure', 'style'), ('fashion', 'nature'), ('fashion', 'photography'), ('fashion', 'photooftheday'), ('fashion', 'style'), ('nature', 'photography'), ('nature', 'photooftheday'), ('nature', 'style'), ('photography', 'photooftheday'), ('photography', 'style'), ('photooftheday', 'style')]"
synthetic_post_0055.jpg,1174,"[('coding', 'developer'), ('coding', 'foodporn'), ('coding', 'software'), ('coding', 'tech'), ('developer', 'foodporn'), ('developer', 'software'), ('developer', 'tech'), ('foodporn', 'software'), ('foodporn', 'tech'), ('software', 'tech')]"
synthetic_post_0056.jpg,583,"[('developer', 'fitfam'), ('developer', 'fitness'), ('developer', 'health'), ('developer', 'innovation'), ('developer', 'training'), ('fitfam', 'fitness'), ('fitfam', 'health'), ('fitfam', 'innovation'), ('fitfam', 'training'), ('fitness', 'health'), ('fitness', 'innovation'), ('fitness', 'training'), ('health', 'innovation'), ('health', 'training'), ('innovation', 'training')]"
synthetic_post_0057.jpg,1366,"[('ai', 'beauty'), ('ai', 'ootd'), ('ai', 'outfit'), ('ai', 'photooftheday'), ('ai', 'style'), ('ai', 'tech'), ('beauty', 'ootd'), ('beauty', 'outfit'), ('beauty', 'photooftheday'), ('beauty', 'style'), ('beauty', 'tech'), ('ootd', 'outfit'), ('ootd', 'photooftheday'), ('ootd', 'style'), ('ootd', 'tech'), ('outfit', 'photooftheday'), ('outfit', 'style'), ('outfit', 'tech'), ('photooftheday', 'style'), ('photooftheday', 'tech'), ('style', 'tech')]"
synthetic_post_0058.jpg,1024,"[('art', 'creative'), ('art', 'design'), ('art', 'fashion'), ('art', 'gallery'), ('art', 'ootd'), ('creative', 'design'), ('creative', 'fashion'), ('creative', 'gallery'), ('creative', 'ootd'), ('design', 'fashion'), ('design', 'gallery'), ('design', 'ootd'), ('fashion', 'gallery'), ('fashion', 'ootd'), ('gallery', 'ootd')]"
synthetic_post_0059.jpg,950,"[('coding', 'delicious'), ('coding', 'homemade'), ('coding', 'instagood'), ('coding', 'yummy'), ('delicious', 'homemade'), ('delicious', 'instagood'), ('delicious', 'yummy'), ('homemade', 'instagood'), ('homemade', 'yummy'), ('instagood', 'yummy')]"
synthetic_post_0060.jpg,500,"[('coding', 'fitfam'), ('coding', 'health'), ('fitfam', 'health')]"
synthetic_post_0061.jpg,918,"[('design', 'drawing'), ('design', 'fitfam'), ('design', 'gallery'), ('drawing', 'fitfam'), ('drawing', 'gallery'), ('fitfam', 'gallery')]"
synthetic_post_0062.jpg,1375,"[('fitness', 'software'), ('fitness', 'startup'), ('fitness', 'training'), ('fitness', 'workout'), ('software', 'startup'), ('software', 'training'), ('software', 'workout'), ('startup', 'training'), ('startup', 'workout'), ('training', 'workout')]"
synthetic_post_0063.jpg,1242,"[('fitfam', 'gym'), ('fitfam', 'like4like'), ('fitfam', 'startup'), ('fitfam', 'training'), ('fitfam', 'workout'), ('gym', 'like4like'), ('gym', 'startup'), ('gym', 'training'), ('gym', 'workout'), ('like4like', 'startup'), ('like4like', 'training'), ('like4like', 'workout'), ('startup', 'training'), ('startup', 'workout'), ('training', 'workout')]"
synthetic_post_0064.jpg,651,"[('beauty', 'streetstyle'), ('beauty', 'travel'), ('beauty', 'vacation'), ('streetstyle', 'travel'), ('streetstyle', 'vacation'), ('travel', 'vacation')]"
synthetic_post_0065.jpg,750,"[('creative', 'delicious'), ('creative', 'design'), ('creative', 'homemade'), ('creative', 'love'), ('delicious', 'design'), ('delicious', 'homemade'), ('delicious', 'love'), ('design', 'homemade'), ('design', 'love'), ('homemade', 'love')]"
synthetic_post_0066.jpg,758,"[('innovation', 'love'), ('innovation', 'photography'), ('innovation', 'software'), ('innovation', 'wanderlust'), ('love', 'photography'), ('love', 'software'), ('love', 'wanderlust'), ('photography', 'software'), ('photography', 'wanderlust'), ('software', 'wanderlust')]"
synthetic_post_0067.jpg,837,"[('fitfam', 'training'), ('fitfam', 'wanderlust'), ('fitfam', 'workout'), ('training', 'wanderlust'), ('training', 'workout'), ('wanderlust', 'workout')]"
synthetic_post_0068.jpg,870,"[('ai', 'developer'), ('ai', 'outfit'), ('ai', 'style'), ('developer', 'outfit'), ('developer', 'style'), ('outfit', 'style')]"
synthetic_post_0069.jpg,1066,"[('ai', 'developer'), ('ai', 'fitfam'), ('ai', 'gym'), ('ai', 'innovation'), ('ai', 'software'), ('developer', 'fitfam'), ('developer', 'gym'), ('developer', 'innovation'), ('developer', 'software'), ('fitfam', 'gym'), ('fitfam', 'innovation'), ('fitfam', 'software'), ('gym', 'innovation'), ('gym', 'software'), ('innovation', 'software')]"
synthetic_post_0070.jpg,767,"[('art', 'beauty'), ('art', 'gallery'), ('art', 'illustration'), ('art', 'ootd'), ('beauty', 'gallery'), ('beauty', 'illustration'), ('beauty', 'ootd'), ('gallery', 'illustration'), ('gallery', 'ootd'), ('illustration', 'ootd')]"
synthetic_post_0071.jpg,379,"[('creative', 'design'), ('creative', 'photooftheday'), ('design', 'photooftheday')]"
synthetic_post_0072.jpg,893,"[('chef', 'delicious'), ('chef', 'developer'), ('chef', 'instafood'), ('delicious', 'developer'), ('delicious', 'instafood'), ('developer', 'instafood')]"
synthetic_post_0073.jpg,1283,"[('delicious', 'gallery'), ('delicious', 'homemade'), ('delicious', 'instafood'), ('delicious', 'photooftheday'), ('delicious', 'yummy'), ('gallery', 'homemade'), ('gallery', 'instafood'), ('gallery', 'photooftheday'), ('gallery', 'yummy'), ('homemade', 'instafood'), ('homemade', 'photooftheday'), ('homemade', 'yummy'), ('instafood', 'photooftheday'), ('instafood', 'yummy'), ('photooftheday', 'yummy')]"
synthetic_post_0074.jpg,953,"[('adventure', 'artist'), ('adventure', 'illustration'), ('adventure', 'travel'), ('artist', 'illustration'), ('artist', 'travel'), ('illustration', 'travel')]"
synthetic_post_0075.jpg,1166,"[('fitfam', 'travel'), ('fitfam', 'vacation'), ('fitfam', 'wanderlust'), ('travel', 'vacation'), ('travel', 'wanderlust'), ('vacation', 'wanderlust')]"
synthetic_post_0076.jpg,902,"[('developer', 'innovation'), ('developer', 'outfit'), ('developer', 'tech'), ('innovation', 'outfit'), ('innovation', 'tech'), ('outfit', 'tech')]"
synthetic_post_0077.jpg,804,"[('fashion', 'followme'), ('fashion', 'motivation'), ('fashion', 'outfit'), ('followme', 'motivation'), ('followme', 'outfit'), ('motivation', 'outfit')]"
synthetic_post_0078.jpg,733,"[('developer', 'nature'), ('developer', 'wanderlust'), ('nature', 'wanderlust')]"
synthetic_post_0079.jpg,894,"[('chef', 'foodie'), ('chef', 'foodporn'), ('chef', 'homemade'), ('chef', 'vacation'), ('chef', 'wanderlust'), ('foodie', 'foodporn'), ('foodie', 'homemade'), ('foodie', 'vacation'), ('foodie', 'wanderlust'), ('foodporn', 'homemade'), ('foodporn', 'vacation'), ('foodporn', 'wanderlust'), ('homemade', 'vacation'), ('homemade', 'wanderlust'), ('vacation', 'wanderlust')]"
synthetic_post_0080.jpg,535,"[('adventure', 'gallery'), ('adventure', 'illustration'), ('adventure', 'life'), ('adventure', 'vacation'), ('gallery', 'illustration'), ('gallery', 'life'), ('gallery', 'vacation'), ('illustration', 'life'), ('illustration', 'vacation'), ('life', 'vacation')]"
synthetic_post_0081.jpg,628,"[('fashion', 'model'), ('fashion', 'outfit'), ('model', 'outfit')]"
synthetic_post_0082.jpg,1136,"[('ai', 'fitfam'), ('ai', 'health'), ('ai', 'startup'), ('ai', 'training'), ('ai', 'workout'), ('fitfam', 'health'), ('fitfam', 'startup'), ('fitfam', 'training'), ('fitfam', 'workout'), ('health', 'startup'), ('health', 'training'), ('health', 'workout'), ('startup', 'training'), ('startup', 'workout'), ('training', 'workout')]"
synthetic_post_0083.jpg,738,"[('fitfam', 'fitness'), ('fitfam', 'motivation'), ('fitfam', 'ootd'), ('fitfam', 'outfit'), ('fitness', 'motivation'), ('fitness', 'ootd'), ('fitness', 'outfit'), ('motivation', 'ootd'), ('motivation', 'outfit'), ('ootd', 'outfit')]"
synthetic_post_0084.jpg,1402,"[('fashion', 'model'), ('fashion', 'ootd'), ('fashion', 'photography'), ('fashion', 'style'), ('fashion', 'travel'), ('model', 'ootd'), ('model', 'photography'), ('model', 'style'), ('model', 'travel'), ('ootd', 'photography'), ('ootd', 'style'), ('ootd', 'travel'), ('photography', 'style'), ('photography', 'travel'), ('style', 'travel')]"
synthetic_post_0085.jpg,379,"[('coding', 'innovation')]"
synthetic_post_0086.jpg,1022,"[('innovation', 'software'), ('innovation', 'startup'), ('innovation', 'tech'), ('software', 'startup'), ('software', 'tech'), ('startup', 'tech')]"
synthetic_post_0087.jpg,541,"[('gym', 'training'), ('gym', 'travel'), ('gym', 'wanderlust'), ('training', 'travel'), ('training', 'wanderlust'), ('travel', 'wanderlust')]"
synthetic_post_0088.jpg,913,"[('foodie', 'like4like'), ('foodie', 'motivation'), ('foodie', 'training'), ('foodie', 'workout'), ('like4like', 'motivation'), ('like4like', 'training'), ('like4like', 'workout'), ('motivation', 'training'), ('motivation', 'workout'), ('training', 'workout')]"
synthetic_post_0089.jpg,694,"[('coding', 'developer'), ('coding', 'ootd'), ('coding', 'startup'), ('developer', 'ootd'), ('developer', 'startup'), ('ootd', 'startup')]"
synthetic_post_0090.jpg,741,"[('coding', 'developer'), ('coding', 'photooftheday'), ('coding', 'vacation'), ('developer', 'photooftheday'), ('developer', 'vacation'), ('photooftheday', 'vacation')]"
synthetic_post_0091.jpg,506,"[('delicious', 'foodporn'), ('delicious', 'homemade'), ('delicious', 'instafood'), ('delicious', 'outfit'), ('foodporn', 'homemade'), ('foodporn', 'instafood'), ('foodporn', 'outfit'), ('homemade', 'instafood'), ('homemade', 'outfit'), ('instafood', 'outfit')]"
synthetic_post_0092.jpg,1067,"[('ai', 'developer'), ('ai', 'fashion'), ('ai', 'innovation'), ('ai', 'life'), ('ai', 'ootd'), ('ai', 'tech'), ('developer', 'fashion'), ('developer', 'innovation'), ('developer', 'life'), ('developer', 'ootd'), ('developer', 'tech'), ('fashion', 'innovation'), ('fashion', 'life'), ('fashion', 'ootd'), ('fashion', 'tech'), ('innovation', 'life'), ('innovation', 'ootd'), ('innovation', 'tech'), ('life', 'ootd'), ('life', 'tech'), ('ootd', 'tech')]"
synthetic_post_0093.jpg,815,"[('ai', 'developer'), ('ai', 'ootd'), ('ai', 'startup'), ('ai', 'tech'), ('developer', 'ootd'), ('developer', 'startup'), ('developer', 'tech'), ('ootd', 'startup'), ('ootd', 'tech'), ('startup', 'tech')]"
synthetic_post_0094.jpg,1114,"[('creative', 'fitness'), ('creative', 'gym'), ('creative', 'life'), ('creative', 'motivation'), ('creative', 'training'), ('fitness', 'gym'), ('fitness', 'life'), ('fitness', 'motivation'), ('fitness', 'training'), ('gym', 'life'), ('gym', 'motivation'), ('gym', 'training'), ('life', 'motivation'), ('life', 'training'), ('motivation', 'training')]"
synthetic_post_0095.jpg,1166,"[('art', 'design'), ('art', 'fitfam'), ('art', 'motivation'), ('art', 'photooftheday'), ('design', 'fitfam'), ('design', 'motivation'), ('design', 'photooftheday'), ('fitfam', 'motivation'), ('fitfam', 'photooftheday'), ('motivation', 'photooftheday')]"
synthetic_post_0096.jpg,485,"[('beauty', 'ootd'), ('beauty', 'photography'), ('ootd', 'photography')]"
synthetic_post_0097.jpg,747,"[('developer', 'fitness'), ('developer', 'gym'), ('developer', 'health'), ('developer', 'tech'), ('fitness', 'gym'), ('fitness', 'health'), ('fitness', 'tech'), ('gym', 'health'), ('gym', 'tech'), ('health', 'tech')]"
synthetic_post_0098.jpg,639,"[('coding', 'developer'), ('coding', 'innovation'), ('coding', 'like4like'), ('coding', 'startup'), ('developer', 'innovation'), ('developer', 'like4like'), ('developer', 'startup'), ('innovation', 'like4like'), ('innovation', 'startup'), ('like4like', 'startup')]"
synthetic_post_0099.jpg,1025,"[('gym', 'health'), ('gym', 'life'), ('gym', 'motivation'), ('gym', 'training'), ('health', 'life'), ('health', 'motivation'), ('health', 'training'), ('life', 'motivation'), ('life', 'training'), ('motivation', 'training')]"
synthetic_post_0100.jpg,952,"[('gym', 'innovation'), ('gym', 'motivation'), ('gym', 'workout'), ('innovation', 'motivation'), ('innovation', 'workout'), ('motivation', 'workout')]"
synthetic_post_0101.jpg,618,"[('fashion', 'gym'), ('fashion', 'like4like'), ('fashion', 'training'), ('gym', 'like4like'), ('gym', 'training'), ('like4like', 'training')]"
synthetic_post_0102.jpg,800,"[('coding', 'model'), ('coding', 'software'), ('model', 'software')]"
synthetic_post_0103.jpg,1201,"[('ai', 'coding'), ('ai', 'delicious'), ('ai', 'homemade'), ('ai', 'software'), ('coding', 'delicious'), ('coding', 'homemade'), ('coding', 'software'), ('delicious', 'homemade'), ('delicious', 'software'), ('homemade', 'software')]"
synthetic_post_0104.jpg,765,"[('chef', 'innovation'), ('chef', 'instafood'), ('innovation', 'instafood')]"
synthetic_post_0105.jpg,1168,"[('fashion', 'fitfam'), ('fashion', 'fitness'), ('fashion', 'gym'), ('fashion', 'ootd'), ('fashion', 'training'), ('fitfam', 'fitness'), ('fitfam', 'gym'), ('fitfam', 'ootd'), ('fitfam', 'training'), ('fitness', 'gym'), ('fitness', 'ootd'), ('fitness', 'training'), ('gym', 'ootd'), ('gym', 'training'), ('ootd', 'training')]"
synthetic_post_0106.jpg,1006,"[('foodie', 'homemade'), ('foodie', 'instafood'), ('foodie', 'like4like'), ('foodie', 'wanderlust'), ('homemade', 'instafood'), ('homemade', 'like4like'), ('homemade', 'wanderlust'), ('instafood', 'like4like'), ('instafood', 'wanderlust'), ('like4like', 'wanderlust')]"
synthetic_post_0107.jpg,842,"[('foodie', 'health'), ('foodie', 'instafood'), ('foodie', 'love'), ('foodie', 'motivation'), ('health', 'instafood'), ('health', 'love'), ('health', 'motivation'), ('instafood', 'love'), ('instafood', 'motivation'), ('love', 'motivation')]"
synthetic_post_0108.jpg,405,"[('innovation', 'startup')]"
synthetic_post_0109.jpg,869,"[('chef', 'delicious'), ('chef', 'design'), ('chef', 'foodie'), ('chef', 'instafood'), ('delicious', 'design'), ('delicious', 'foodie'), ('delicious', 'instafood'), ('design', 'foodie'), ('design', 'instafood'), ('foodie', 'instafood')]"
synthetic_post_0110.jpg,1385,"[('fitness', 'foodie'), ('fitness', 'motivation'), ('fitness', 'photooftheday'), ('fitness', 'training'), ('fitness', 'workout'), ('foodie', 'motivation'), ('foodie', 'photooftheday'), ('foodie', 'training'), ('foodie', 'workout'), ('motivation', 'photooftheday'), ('motivation', 'training'), ('motivation', 'workout'), ('photooftheday', 'training'), ('photooftheday', 'workout'), ('training', 'workout')]"
synthetic_post_0111.jpg,718,"[('artist', 'beauty'), ('artist', 'creative'), ('artist', 'love'), ('beauty', 'creative'), ('beauty', 'love'), ('creative', 'love')]"
synthetic_post_0112.jpg,589,"[('explore', 'gallery'), ('explore', 'vacation'), ('gallery', 'vacation')]"
synthetic_post_0113.jpg,999,"[('chef', 'fitfam'), ('chef', 'foodie'), ('chef', 'motivation'), ('chef', 'workout'), ('fitfam', 'foodie'), ('fitfam', 'motivation'), ('fitfam', 'workout'), ('foodie', 'motivation'), ('foodie', 'workout'), ('motivation', 'workout')]"
synthetic_post_0114.jpg,829,"[('adventure', 'explore'), ('adventure', 'motivation'), ('adventure', 'nature'), ('adventure', 'vacation'), ('explore', 'motivation'), ('explore', 'nature'), ('explore', 'vacation'), ('motivation', 'nature'), ('motivation', 'vacation'), ('nature', 'vacation')]"
synthetic_post_0115.jpg,642,"[('artist', 'creative'), ('artist', 'illustration'), ('creative', 'illustration')]"
synthetic_post_0116.jpg,1397,"[('fitfam', 'fitness'), ('fitfam', 'gym'), ('fitfam', 'health'), ('fitfam', 'ootd'), ('fitfam', 'outfit'), ('fitness', 'gym'), ('fitness', 'health'), ('fitness', 'ootd'), ('fitness', 'outfit'), ('gym', 'health'), ('gym', 'ootd'), ('gym', 'outfit'), ('health', 'ootd'), ('health', 'outfit'), ('ootd', 'outfit')]"
synthetic_post_0117.jpg,696,"[('adventure', 'foodporn'), ('adventure', 'homemade'), ('adventure', 'nature'), ('foodporn', 'homemade'), ('foodporn', 'nature'), ('homemade', 'nature')]"
synthetic_post_0118.jpg,752,"[('chef', 'foodie'), ('chef', 'photography'), ('chef', 'wanderlust'), ('foodie', 'photography'), ('foodie', 'wanderlust'), ('photography', 'wanderlust')]"
synthetic_post_0119.jpg,671,"[('foodie', 'gym'), ('foodie', 'motivation'), ('foodie', 'training'), ('foodie', 'workout'), ('gym', 'motivation'), ('gym', 'training'), ('gym', 'workout'), ('motivation', 'training'), ('motivation', 'workout'), ('training', 'workout')]"
synthetic_post_0120.jpg,1348,"[('ai', 'delicious'), ('ai', 'developer'), ('ai', 'software'), ('ai', 'tech'), ('ai', 'yummy'), ('delicious', 'developer'), ('delicious', 'software'), ('delicious', 'tech'), ('delicious', 'yummy'), ('developer', 'software'), ('developer', 'tech'), ('developer', 'yummy'), ('software', 'tech'), ('software', 'yummy'), ('tech', 'yummy')]"
synthetic_post_0121.jpg,861,"[('artist', 'drawing'), ('artist', 'illustration'), ('artist', 'software'), ('drawing', 'illustration'), ('drawing', 'software'), ('illustration', 'software')]"
synthetic_post_0122.jpg,615,"[('foodporn', 'homemade'), ('foodporn', 'instafood'), ('homemade', 'instafood')]"
synthetic_post_0123.jpg,1034,"[('art', 'artist'), ('art', 'gallery'), ('art', 'gym'), ('art', 'illustration'), ('artist', 'gallery'), ('artist', 'gym'), ('artist', 'illustration'), ('gallery', 'gym'), ('gallery', 'illustration'), ('gym', 'illustration')]"
synthetic_post_0124.jpg,1192,"[('art', 'design'), ('art', 'gallery'), ('art', 'homemade'), ('art', 'illustration'), ('art', 'instafood'), ('design', 'gallery'), ('design', 'homemade'), ('design', 'illustration'), ('design', 'instafood'), ('gallery', 'homemade'), ('gallery', 'illustration'), ('gallery', 'instafood'), ('homemade', 'illustration'), ('homemade', 'instafood'), ('illustration', 'instafood')]"
synthetic_post_0125.jpg,549,"[('ootd', 'outfit'), ('ootd', 'style'), ('outfit', 'style')]"
synthetic_post_0126.jpg,1043,"[('adventure', 'ai'), ('adventure', 'coding'), ('adventure', 'love'), ('adventure', 'tech'), ('adventure', 'wanderlust'), ('ai', 'coding'), ('ai', 'love'), ('ai', 'tech'), ('ai', 'wanderlust'), ('coding', 'love'), ('coding', 'tech'), ('coding', 'wanderlust'), ('love', 'tech'), ('love', 'wanderlust'), ('tech', 'wanderlust')]"
synthetic_post_0127.jpg,613,"[('delicious', 'homemade'), ('delicious', 'yummy'), ('homemade', 'yummy')]"
synthetic_post_0128.jpg,670,"[('chef', 'foodie'), ('chef', 'innovation'), ('chef', 'instafood'), ('chef', 'startup'), ('foodie', 'innovation'), ('foodie', 'instafood'), ('foodie', 'startup'), ('innovation', 'instafood'), ('innovation', 'startup'), ('instafood', 'startup')]"
synthetic_post_0129.jpg,1073,"[('art', 'creative'), ('art', 'design'), ('art', 'health'), ('creative', 'design'), ('creative', 'health'), ('design', 'health')]"
synthetic_post_0130.jpg,1493,"[('developer', 'fitness'), ('developer', 'gym'), ('developer', 'health'), ('developer', 'motivation'), ('developer', 'software'), ('fitness', 'gym'), ('fitness', 'health'), ('fitness', 'motivation'), ('fitness', 'software'), ('gym', 'health'), ('gym', 'motivation'), ('gym', 'software'), ('health', 'motivation'), ('health', 'software'), ('motivation', 'software')]"
synthetic_post_0131.jpg,707,"[('explore', 'photography')]"
synthetic_post_0132.jpg,1086,"[('chef', 'delicious'), ('chef', 'homemade'), ('chef', 'instafood'), ('chef', 'like4like'), ('chef', 'model'), ('chef', 'streetstyle'), ('delicious', 'homemade'), ('delicious', 'instafood'), ('delicious', 'like4like'), ('delicious', 'model'), ('delicious', 'streetstyle'), ('homemade', 'instafood'), ('homemade', 'like4like'), ('homemade', 'model'), ('homemade', 'streetstyle'), ('instafood', 'like4like'), ('instafood', 'model'), ('instafood', 'streetstyle'), ('like4like', 'model'), ('like4like', 'streetstyle'), ('model', 'streetstyle')]"
synthetic_post_0133.jpg,543,"[('happy', 'innovation'), ('happy', 'model'), ('happy', 'software'), ('happy', 'startup'), ('innovation', 'model'), ('innovation', 'software'), ('innovation', 'startup'), ('model', 'software'), ('model', 'startup'), ('software', 'startup')]"
synthetic_post_0134.jpg,1048,"[('foodporn', 'instafood'), ('foodporn', 'photography'), ('foodporn', 'wanderlust'), ('foodporn', 'yummy'), ('instafood', 'photography'), ('instafood', 'wanderlust'), ('instafood', 'yummy'), ('photography', 'wanderlust'), ('photography', 'yummy'), ('wanderlust', 'yummy')]"
synthetic_post_0135.jpg,1308,"[('artist', 'creative'), ('artist', 'design'), ('artist', 'gallery'), ('artist', 'ootd'), ('artist', 'streetstyle'), ('creative', 'design'), ('creative', 'gallery'), ('creative', 'ootd'), ('creative', 'streetstyle'), ('design', 'gallery'), ('design', 'ootd'), ('design', 'streetstyle'), ('gallery', 'ootd'), ('gallery', 'streetstyle'), ('ootd', 'streetstyle')]"
synthetic_post_0136.jpg,961,"[('fitfam', 'foodporn'), ('fitfam', 'homemade'), ('fitfam', 'workout'), ('fitfam', 'yummy'), ('foodporn', 'homemade'), ('foodporn', 'workout'), ('foodporn', 'yummy'), ('homemade', 'workout'), ('homemade', 'yummy'), ('workout', 'yummy')]"
synthetic_post_0137.jpg,923,"[('homemade', 'instafood'), ('homemade', 'workout'), ('instafood', 'workout')]"
synthetic_post_0138.jpg,857,"[('artist', 'coding'), ('artist', 'life'), ('artist', 'startup'), ('artist', 'tech'), ('coding', 'life'), ('coding', 'startup'), ('coding', 'tech'), ('life', 'startup'), ('life', 'tech'), ('startup', 'tech')]"
synthetic_post_0139.jpg,792,"[('design', 'nature'), ('design', 'travel'), ('nature', 'travel')]"
synthetic_post_0140.jpg,956,"[('artist', 'gallery'), ('artist', 'nature'), ('artist', 'travel'), ('artist', 'vacation'), ('artist', 'wanderlust'), ('gallery', 'nature'), ('gallery', 'travel'), ('gallery', 'vacation'), ('gallery', 'wanderlust'), ('nature', 'travel'), ('nature', 'vacation'), ('nature', 'wanderlust'), ('travel', 'vacation'), ('travel', 'wanderlust'), ('vacation', 'wanderlust')]"
synthetic_post_0141.jpg,922,"[('coding', 'fitfam'), ('coding', 'fitness'), ('coding', 'motivation'), ('coding', 'startup'), ('coding', 'workout'), ('fitfam', 'fitness'), ('fitfam', 'motivation'), ('fitfam', 'startup'), ('fitfam', 'workout'), ('fitness', 'motivation'), ('fitness', 'startup'), ('fitness', 'workout'), ('motivation', 'startup'), ('motivation', 'workout'), ('startup', 'workout')]"
synthetic_post_0142.jpg,1108,"[('artist', 'explore'), ('artist', 'nature'), ('artist', 'vacation'), ('explore', 'nature'), ('explore', 'vacation'), ('nature', 'vacation')]"
synthetic_post_0143.jpg,918,"[('artist', 'design'), ('artist', 'instagood'), ('artist', 'travel'), ('artist', 'wanderlust'), ('design', 'instagood'), ('design', 'travel'), ('design', 'wanderlust'), ('instagood', 'travel'), ('instagood', 'wanderlust'), ('travel', 'wanderlust')]"
synthetic_post_0144.jpg,799,"[('art', 'drawing'), ('art', 'foodporn'), ('art', 'instafood'), ('drawing', 'foodporn'), ('drawing', 'instafood'), ('foodporn', 'instafood')]"
synthetic_post_0145.jpg,761,"[('homemade', 'model'), ('homemade', 'outfit'), ('homemade', 'yummy'), ('model', 'outfit'), ('model', 'yummy'), ('outfit', 'yummy')]"
synthetic_post_0146.jpg,1010,"[('gallery', 'software'), ('gallery', 'startup'), ('gallery', 'tech'), ('software', 'startup'), ('software', 'tech'), ('startup', 'tech')]"
synthetic_post_0147.jpg,1018,"[('model', 'nature'), ('model', 'outfit'), ('model', 'streetstyle'), ('model', 'style'), ('nature', 'outfit'), ('nature', 'streetstyle'), ('nature', 'style'), ('outfit', 'streetstyle'), ('outfit', 'style'), ('streetstyle', 'style')]"
synthetic_post_0148.jpg,1066,"[('ai', 'beauty'), ('ai', 'developer'), ('ai', 'fashion'), ('ai', 'software'), ('ai', 'tech'), ('beauty', 'developer'), ('beauty', 'fashion'), ('beauty', 'software'), ('beauty', 'tech'), ('developer', 'fashion'), ('developer', 'software'), ('developer', 'tech'), ('fashion', 'software'), ('fashion', 'tech'), ('software', 'tech')]"
synthetic_post_0149.jpg,939,"[('adventure', 'explore'), ('adventure', 'instagood'), ('adventure', 'travel'), ('explore', 'instagood'), ('explore', 'travel'), ('instagood', 'travel')]"
synthetic_post_0150.jpg,1267,"[('artist', 'explore'), ('artist', 'nature'), ('artist', 'vacation'), ('artist', 'wanderlust'), ('explore', 'nature'), ('explore', 'vacation'), ('explore', 'wanderlust'), ('nature', 'vacation'), ('nature', 'wanderlust'), ('vacation', 'wanderlust')]"
synthetic_post_0151.jpg,565,"[('artist', 'beauty'), ('artist', 'model'), ('artist', 'outfit'), ('artist', 'streetstyle'), ('beauty', 'model'), ('beauty', 'outfit'), ('beauty', 'streetstyle'), ('model', 'outfit'), ('model', 'streetstyle'), ('outfit', 'streetstyle')]"
synthetic_post_0152.jpg,678,"[('delicious', 'foodie'), ('delicious', 'life'), ('foodie', 'life')]"
synthetic_post_0153.jpg,1051,"[('coding', 'foodporn'), ('coding', 'homemade'), ('coding', 'startup'), ('foodporn', 'homemade'), ('foodporn', 'startup'), ('homemade', 'startup')]"
synthetic_post_0154.jpg,1033,"[('fashion', 'model'), ('fashion', 'motivation'), ('fashion', 'streetstyle'), ('model', 'motivation'), ('model', 'streetstyle'), ('motivation', 'streetstyle')]"
synthetic_post_0155.jpg,926,"[('artist', 'beauty'), ('artist', 'creative'), ('artist', 'design'), ('beauty', 'creative'), ('beauty', 'design'), ('creative', 'design')]"
synthetic_post_0156.jpg,885,"[('beauty', 'developer'), ('beauty', 'ootd'), ('beauty', 'outfit'), ('beauty', 'style'), ('developer', 'ootd'), ('developer', 'outfit'), ('developer', 'style'), ('ootd', 'outfit'), ('ootd', 'style'), ('outfit', 'style')]"
synthetic_post_0157.jpg,787,"[('design', 'fashion'), ('design', 'model'), ('design', 'photooftheday'), ('design', 'streetstyle'), ('design', 'style'), ('fashion', 'model'), ('fashion', 'photooftheday'), ('fashion', 'streetstyle'), ('fashion', 'style'), ('model', 'photooftheday'), ('model', 'streetstyle'), ('model', 'style'), ('photooftheday', 'streetstyle'), ('photooftheday', 'style'), ('streetstyle', 'style')]"
synthetic_post_0158.jpg,1443,"[('ai', 'artist'), ('ai', 'creative'), ('ai', 'design'), ('ai', 'gallery'), ('ai', 'software'), ('artist', 'creative'), ('artist', 'design'), ('artist', 'gallery'), ('artist', 'software'), ('creative', 'design'), ('creative', 'gallery'), ('creative', 'software'), ('design', 'gallery'), ('design', 'software'), ('gallery', 'software')]"
synthetic_post_0159.jpg,752,"[('creative', 'design'), ('creative', 'explore'), ('creative', 'like4like'), ('creative', 'vacation'), ('creative', 'wanderlust'), ('design', 'explore'), ('design', 'like4like'), ('design', 'vacation'), ('design', 'wanderlust'), ('explore', 'like4like'), ('explore', 'vacation'), ('explore', 'wanderlust'), ('like4like', 'vacation'), ('like4like', 'wanderlust'), ('vacation', 'wanderlust')]"
synthetic_post_0160.jpg,895,"[('delicious', 'fitfam'), ('delicious', 'yummy'), ('fitfam', 'yummy')]"
synthetic_post_0161.jpg,648,"[('artist', 'drawing'), ('artist', 'gym'), ('artist', 'health'), ('drawing', 'gym'), ('drawing', 'health'), ('gym', 'health')]"
synthetic_post_0162.jpg,863,"[('art', 'foodie'), ('art', 'happy'), ('art', 'homemade'), ('foodie', 'happy'), ('foodie', 'homemade'), ('happy', 'homemade')]"
synthetic_post_0163.jpg,1031,"[('like4like', 'ootd'), ('like4like', 'startup'), ('like4like', 'streetstyle'), ('like4like', 'tech'), ('ootd', 'startup'), ('ootd', 'streetstyle'), ('ootd', 'tech'), ('startup', 'streetstyle'), ('startup', 'tech'), ('streetstyle', 'tech')]"
synthetic_post_0164.jpg,822,"[('chef', 'delicious'), ('chef', 'homemade'), ('chef', 'instafood'), ('delicious', 'homemade'), ('delicious', 'instafood'), ('homemade', 'instafood')]"
synthetic_post_0165.jpg,898,"[('adventure', 'art'), ('adventure', 'drawing'), ('adventure', 'gallery'), ('adventure', 'illustration'), ('adventure', 'vacation'), ('art', 'drawing'), ('art', 'gallery'), ('art', 'illustration'), ('art', 'vacation'), ('drawing', 'gallery'), ('drawing', 'illustration'), ('drawing', 'vacation'), ('gallery', 'illustration'), ('gallery', 'vacation'), ('illustration', 'vacation')]"
synthetic_post_0166.jpg,967,"[('ai', 'coding'), ('ai', 'innovation'), ('ai', 'tech'), ('ai', 'travel'), ('ai', 'vacation'), ('coding', 'innovation'), ('coding', 'tech'), ('coding', 'travel'), ('coding', 'vacation'), ('innovation', 'tech'), ('innovation', 'travel'), ('innovation', 'vacation'), ('tech', 'travel'), ('tech', 'vacation'), ('travel', 'vacation')]"
synthetic_post_0167.jpg,813,"[('ai', 'delicious'), ('ai', 'developer'), ('ai', 'like4like'), ('ai', 'software'), ('ai', 'tech'), ('delicious', 'developer'), ('delicious', 'like4like'), ('delicious', 'software'), ('delicious', 'tech'), ('developer', 'like4like'), ('developer', 'software'), ('developer', 'tech'), ('like4like', 'software'), ('like4like', 'tech'), ('software', 'tech')]"
synthetic_post_0168.jpg,861,"[('art', 'design'), ('art', 'life'), ('art', 'training'), ('design', 'life'), ('design', 'training'), ('life', 'training')]"
synthetic_post_0169.jpg,728,"[('chef', 'foodporn'), ('chef', 'homemade'), ('chef', 'training'), ('chef', 'yummy'), ('foodporn', 'homemade'), ('foodporn', 'training'), ('foodporn', 'yummy'), ('homemade', 'training'), ('homemade', 'yummy'), ('training', 'yummy')]"
synthetic_post_0170.jpg,897,"[('art', 'creative'), ('art', 'drawing'), ('art', 'ootd'), ('creative', 'drawing'), ('creative', 'ootd'), ('drawing', 'ootd')]"
synthetic_post_0171.jpg,1095,"[('ai', 'innovation'), ('ai', 'love'), ('ai', 'startup'), ('ai', 'tech'), ('innovation', 'love'), ('innovation', 'startup'), ('innovation', 'tech'), ('love', 'startup'), ('love', 'tech'), ('startup', 'tech')]"
synthetic_post_0172.jpg,1144,"[('artist', 'gallery'), ('artist', 'nature'), ('artist', 'photography'), ('artist', 'photooftheday'), ('artist', 'vacation'), ('artist', 'wanderlust'), ('gallery', 'nature'), ('gallery', 'photography'), ('gallery', 'photooftheday'), ('gallery', 'vacation'), ('gallery', 'wanderlust'), ('nature', 'photography'), ('nature', 'photooftheday'), ('nature', 'vacation'), ('nature', 'wanderlust'), ('photography', 'photooftheday'), ('photography', 'vacation'), ('photography', 'wanderlust'), ('photooftheday', 'vacation'), ('photooftheday', 'wanderlust'), ('vacation', 'wanderlust')]"
synthetic_post_0173.jpg,682,"[('model', 'training'), ('model', 'workout'), ('training', 'workout')]"
synthetic_post_0174.jpg,1189,"[('beauty', 'model'), ('beauty', 'motivation'), ('beauty', 'ootd'), ('beauty', 'outfit'), ('beauty', 'training'), ('model', 'motivation'), ('model', 'ootd'), ('model', 'outfit'), ('model', 'training'), ('motivation', 'ootd'), ('motivation', 'outfit'), ('motivation', 'training'), ('ootd', 'outfit'), ('ootd', 'training'), ('outfit', 'training')]"
synthetic_post_0175.jpg,1039,"[('beauty', 'like4like'), ('beauty', 'model'), ('beauty', 'outfit'), ('beauty', 'workout'), ('like4like', 'model'), ('like4like', 'outfit'), ('like4like', 'workout'), ('model', 'outfit'), ('model', 'workout'), ('outfit', 'workout')]"
synthetic_post_0176.jpg,1118,"[('adventure', 'drawing'), ('adventure', 'gallery'), ('adventure', 'like4like'), ('adventure', 'photography'), ('adventure', 'wanderlust'), ('drawing', 'gallery'), ('drawing', 'like4like'), ('drawing', 'photography'), ('drawing', 'wanderlust'), ('gallery', 'like4like'), ('gallery', 'photography'), ('gallery', 'wanderlust'), ('like4like', 'photography'), ('like4like', 'wanderlust'), ('photography', 'wanderlust')]"
synthetic_post_0177.jpg,1019,"[('art', 'design'), ('art', 'illustration'), ('art', 'outfit'), ('art', 'streetstyle'), ('design', 'illustration'), ('design', 'outfit'), ('design', 'streetstyle'), ('illustration', 'outfit'), ('illustration', 'streetstyle'), ('outfit', 'streetstyle')]"
synthetic_post_0178.jpg,1018,"[('creative', 'delicious'), ('creative', 'foodie'), ('creative', 'foodporn'), ('creative', 'gallery'), ('creative', 'instafood'), ('delicious', 'foodie'), ('delicious', 'foodporn'), ('delicious', 'gallery'), ('delicious', 'instafood'), ('foodie', 'foodporn'), ('foodie', 'gallery'), ('foodie', 'instafood'), ('foodporn', 'gallery'), ('foodporn', 'instafood'), ('gallery', 'instafood')]"
synthetic_post_0179.jpg,1227,"[('ai', 'artist'), ('ai', 'developer'), ('ai', 'drawing'), ('ai', 'gallery'), ('ai', 'illustration'), ('artist', 'developer'), ('artist', 'drawing'), ('artist', 'gallery'), ('artist', 'illustration'), ('developer', 'drawing'), ('developer', 'gallery'), ('developer', 'illustration'), ('drawing', 'gallery'), ('drawing', 'illustration'), ('gallery', 'illustration')]"
synthetic_post_0180.jpg,694,"[('fitness', 'happy'), ('fitness', 'motivation'), ('fitness', 'ootd'), ('happy', 'motivation'), ('happy', 'ootd'), ('motivation', 'ootd')]"
synthetic_post_0181.jpg,744,"[('art', 'creative'), ('art', 'followme'), ('art', 'gallery'), ('creative', 'followme'), ('creative', 'gallery'), ('followme', 'gallery')]"
synthetic_post_0182.jpg,800,"[('ai', 'coding'), ('ai', 'delicious'), ('ai', 'instafood'), ('coding', 'delicious'), ('coding', 'instafood'), ('delicious', 'instafood')]"
synthetic_post_0183.jpg,764,"[('developer', 'fashion'), ('developer', 'outfit'), ('developer', 'style'), ('fashion', 'outfit'), ('fashion', 'style'), ('outfit', 'style')]"
synthetic_post_0184.jpg,1159,"[('adventure', 'model'), ('adventure', 'nature'), ('adventure', 'outfit'), ('adventure', 'streetstyle'), ('model', 'nature'), ('model', 'outfit'), ('model', 'streetstyle'), ('nature', 'outfit'), ('nature', 'streetstyle'), ('outfit', 'streetstyle')]"
synthetic_post_0185.jpg,626,"[('coding', 'innovation'), ('coding', 'instagood'), ('innovation', 'instagood')]"
synthetic_post_0186.jpg,916,"[('ai', 'coding'), ('ai', 'outfit'), ('ai', 'streetstyle'), ('coding', 'outfit'), ('coding', 'streetstyle'), ('outfit', 'streetstyle')]"
synthetic_post_0187.jpg,1278,"[('fitfam', 'fitness'), ('fitfam', 'style'), ('fitfam', 'training'), ('fitfam', 'workout'), ('fitness', 'style'), ('fitness', 'training'), ('fitness', 'workout'), ('style', 'training'), ('style', 'workout'), ('training', 'workout')]"
synthetic_post_0188.jpg,860,"[('fashion', 'instafood'), ('fashion', 'instagood'), ('fashion', 'streetstyle'), ('instafood', 'instagood'), ('instafood', 'streetstyle'), ('instagood', 'streetstyle')]"
synthetic_post_0189.jpg,999,"[('explore', 'nature'), ('explore', 'startup'), ('explore', 'tech'), ('nature', 'startup'), ('nature', 'tech'), ('startup', 'tech')]"
synthetic_post_0190.jpg,779,"[('adventure', 'beauty'), ('adventure', 'explore'), ('adventure', 'travel'), ('beauty', 'explore'), ('beauty', 'travel'), ('explore', 'travel')]"
synthetic_post_0191.jpg,775,"[('developer', 'explore'), ('developer', 'nature'), ('developer', 'vacation'), ('explore', 'nature'), ('explore', 'vacation'), ('nature', 'vacation')]"
synthetic_post_0192.jpg,1232,"[('instagood', 'motivation'), ('instagood', 'nature'), ('instagood', 'photography'), ('instagood', 'vacation'), ('instagood', 'wanderlust'), ('motivation', 'nature'), ('motivation', 'photography'), ('motivation', 'vacation'), ('motivation', 'wanderlust'), ('nature', 'photography'), ('nature', 'vacation'), ('nature', 'wanderlust'), ('photography', 'vacation'), ('photography', 'wanderlust'), ('vacation', 'wanderlust')]"
synthetic_post_0193.jpg,1355,"[('adventure', 'beauty'), ('adventure', 'fashion'), ('adventure', 'love'), ('adventure', 'ootd'), ('adventure', 'outfit'), ('adventure', 'vacation'), ('beauty', 'fashion'), ('beauty', 'love'), ('beauty', 'ootd'), ('beauty', 'outfit'), ('beauty', 'vacation'), ('fashion', 'love'), ('fashion', 'ootd'), ('fashion', 'outfit'), ('fashion', 'vacation'), ('love', 'ootd'), ('love', 'outfit'), ('love', 'vacation'), ('ootd', 'outfit'), ('ootd', 'vacation'), ('outfit', 'vacation')]"
synthetic_post_0194.jpg,797,"[('beauty', 'chef'), ('beauty', 'delicious'), ('beauty', 'like4like'), ('beauty', 'model'), ('beauty', 'ootd'), ('chef', 'delicious'), ('chef', 'like4like'), ('chef', 'model'), ('chef', 'ootd'), ('delicious', 'like4like'), ('delicious', 'model'), ('delicious', 'ootd'), ('like4like', 'model'), ('like4like', 'ootd'), ('model', 'ootd')]"
synthetic_post_0195.jpg,973,"[('adventure', 'homemade'), ('adventure', 'travel'), ('adventure', 'vacation'), ('homemade', 'travel'), ('homemade', 'vacation'), ('travel', 'vacation')]"
synthetic_post_0196.jpg,841,"[('adventure', 'motivation'), ('adventure', 'photography'), ('adventure', 'training'), ('adventure', 'travel'), ('adventure', 'wanderlust'), ('motivation', 'photography'), ('motivation', 'training'), ('motivation', 'travel'), ('motivation', 'wanderlust'), ('photography', 'training'), ('photography', 'travel'), ('photography', 'wanderlust'), ('training', 'travel'), ('training', 'wanderlust'), ('travel', 'wanderlust')]"
synthetic_post_0197.jpg,613,"[('delicious', 'homemade'), ('delicious', 'software'), ('delicious', 'tech'), ('homemade', 'software'), ('homemade', 'tech'), ('software', 'tech')]"
synthetic_post_0198.jpg,734,"[('artist', 'creative'), ('artist', 'explore'), ('artist', 'like4like'), ('artist', 'travel'), ('creative', 'explore'), ('creative', 'like4like'), ('creative', 'travel'), ('explore', 'like4like'), ('explore', 'travel'), ('like4like', 'travel')]"
synthetic_post_0199.jpg,664,"[('design', 'motivation'), ('design', 'training'), ('motivation', 'training')]"
synthetic_post_0200.jpg,1092,"[('fashion', 'gym'), ('fashion', 'life'), ('fashion', 'model'), ('fashion', 'motivation'), ('fashion', 'training'), ('gym', 'life'), ('gym', 'model'), ('gym', 'motivation'), ('gym', 'training'), ('life', 'model'), ('life', 'motivation'), ('life', 'training'), ('model', 'motivation'), ('model', 'training'), ('motivation', 'training')]"
synthetic_post_0201.jpg,1063,"[('design', 'foodie'), ('design', 'homemade'), ('design', 'instafood'), ('design', 'instagood'), ('foodie', 'homemade'), ('foodie', 'instafood'), ('foodie', 'instagood'), ('homemade', 'instafood'), ('homemade', 'instagood'), ('instafood', 'instagood')]"
synthetic_post_0202.jpg,704,"[('love', 'ootd'), ('love', 'software'), ('love', 'streetstyle'), ('love', 'style'), ('love', 'tech'), ('ootd', 'software'), ('ootd', 'streetstyle'), ('ootd', 'style'), ('ootd', 'tech'), ('software', 'streetstyle'), ('software', 'style'), ('software', 'tech'), ('streetstyle', 'style'), ('streetstyle', 'tech'), ('style', 'tech')]"
synthetic_post_0203.jpg,979,"[('drawing', 'fitfam'), ('drawing', 'health'), ('drawing', 'motivation'), ('drawing', 'training'), ('fitfam', 'health'), ('fitfam', 'motivation'), ('fitfam', 'training'), ('health', 'motivation'), ('health', 'training'), ('motivation', 'training')]"
synthetic_post_0204.jpg,740,"[('delicious', 'foodie'), ('delicious', 'happy'), ('delicious', 'instafood'), ('delicious', 'yummy'), ('foodie', 'happy'), ('foodie', 'instafood'), ('foodie', 'yummy'), ('happy', 'instafood'), ('happy', 'yummy'), ('instafood', 'yummy')]"
synthetic_post_0205.jpg,381,"[('developer', 'innovation')]"
synthetic_post_0206.jpg,1145,"[('coding', 'gym'), ('coding', 'innovation'), ('coding', 'motivation'), ('coding', 'training'), ('coding', 'workout'), ('gym', 'innovation'), ('gym', 'motivation'), ('gym', 'training'), ('gym', 'workout'), ('innovation', 'motivation'), ('innovation', 'training'), ('innovation', 'workout'), ('motivation', 'training'), ('motivation', 'workout'), ('training', 'workout')]"
synthetic_post_0207.jpg,1068,"[('adventure', 'health'), ('adventure', 'like4like'), ('adventure', 'nature'), ('adventure', 'photography'), ('adventure', 'travel'), ('adventure', 'workout'), ('health', 'like4like'), ('health', 'nature'), ('health', 'photography'), ('health', 'travel'), ('health', 'workout'), ('like4like', 'nature'), ('like4like', 'photography'), ('like4like', 'travel'), ('like4like', 'workout'), ('nature', 'photography'), ('nature', 'travel'), ('nature', 'workout'), ('photography', 'travel'), ('photography', 'workout'), ('travel', 'workout')]"
synthetic_post_0208.jpg,1075,"[('chef', 'design'), ('chef', 'foodie'), ('chef', 'foodporn'), ('chef', 'homemade'), ('chef', 'instagood'), ('design', 'foodie'), ('design', 'foodporn'), ('design', 'homemade'), ('design', 'instagood'), ('foodie', 'foodporn'), ('foodie', 'homemade'), ('foodie', 'instagood'), ('foodporn', 'homemade'), ('foodporn', 'instagood'), ('homemade', 'instagood')]"
synthetic_post_0209.jpg,791,"[('art', 'fitness'), ('art', 'gallery'), ('art', 'health'), ('art', 'illustration'), ('fitness', 'gallery'), ('fitness', 'health'), ('fitness', 'illustration'), ('gallery', 'health'), ('gallery', 'illustration'), ('health', 'illustration')]"
synthetic_post_0210.jpg,1171,"[('fashion', 'fitness'), ('fashion', 'life'), ('fashion', 'ootd'), ('fashion', 'streetstyle'), ('fashion', 'workout'), ('fitness', 'life'), ('fitness', 'ootd'), ('fitness', 'streetstyle'), ('fitness', 'workout'), ('life', 'ootd'), ('life', 'streetstyle'), ('life', 'workout'), ('ootd', 'streetstyle'), ('ootd', 'workout'), ('streetstyle', 'workout')]"
synthetic_post_0211.jpg,705,"[('foodie', 'photooftheday'), ('foodie', 'yummy'), ('photooftheday', 'yummy')]"
synthetic_post_0212.jpg,550,"[('chef', 'coding'), ('chef', 'yummy'), ('coding', 'yummy')]"
synthetic_post_0213.jpg,1105,"[('art', 'artist'), ('art', 'design'), ('art', 'illustration'), ('art', 'nature'), ('artist', 'design'), ('artist', 'illustration'), ('artist', 'nature'), ('design', 'illustration'), ('design', 'nature'), ('illustration', 'nature')]"
synthetic_post_0214.jpg,716,"[('creative', 'design'), ('creative', 'gallery'), ('creative', 'instagood'), ('design', 'gallery'), ('design', 'instagood'), ('gallery', 'instagood')]"
synthetic_post_0215.jpg,515,"[('health', 'outfit'), ('health', 'photooftheday'), ('health', 'workout'), ('outfit', 'photooftheday'), ('outfit', 'workout'), ('photooftheday', 'workout')]"
synthetic_post_0216.jpg,1293,"[('explore', 'foodie'), ('explore', 'foodporn'), ('explore', 'happy'), ('explore', 'instafood'), ('explore', 'wanderlust'), ('explore', 'yummy'), ('foodie', 'foodporn'), ('foodie', 'happy'), ('foodie', 'instafood'), ('foodie', 'wanderlust'), ('foodie', 'yummy'), ('foodporn', 'happy'), ('foodporn', 'instafood'), ('foodporn', 'wanderlust'), ('foodporn', 'yummy'), ('happy', 'instafood'), ('happy', 'wanderlust'), ('happy', 'yummy'), ('instafood', 'wanderlust'), ('instafood', 'yummy'), ('wanderlust', 'yummy')]"
synthetic_post_0217.jpg,605,"[('like4like', 'vacation'), ('like4like', 'wanderlust'), ('vacation', 'wanderlust')]"
synthetic_post_0218.jpg,999,"[('art', 'chef'), ('art', 'foodie'), ('art', 'foodporn'), ('art', 'gallery'), ('chef', 'foodie'), ('chef', 'foodporn'), ('chef', 'gallery'), ('foodie', 'foodporn'), ('foodie', 'gallery'), ('foodporn', 'gallery')]"
synthetic_post_0219.jpg,656,"[('artist', 'creative'), ('artist', 'instagood'), ('artist', 'ootd'), ('creative', 'instagood'), ('creative', 'ootd'), ('instagood', 'ootd')]"
synthetic_post_0220.jpg,748,"[('adventure', 'like4like'), ('adventure', 'vacation'), ('adventure', 'wanderlust'), ('like4like', 'vacation'), ('like4like', 'wanderlust'), ('vacation', 'wanderlust')]"
synthetic_post_0221.jpg,1207,"[('developer', 'life'), ('developer', 'ootd'), ('developer', 'software'), ('developer', 'startup'), ('developer', 'style'), ('life', 'ootd'), ('life', 'software'), ('life', 'startup'), ('life', 'style'), ('ootd', 'software'), ('ootd', 'startup'), ('ootd', 'style'), ('software', 'startup'), ('software', 'style'), ('startup', 'style')]"
synthetic_post_0222.jpg,507,"[('coding', 'instafood'), ('coding', 'tech'), ('instafood', 'tech')]"
synthetic_post_0223.jpg,906,"[('developer', 'health'), ('developer', 'innovation'), ('developer', 'instagood'), ('developer', 'startup'), ('developer', 'tech'), ('developer', 'training'), ('health', 'innovation'), ('health', 'instagood'), ('health', 'startup'), ('health', 'tech'), ('health', 'training'), ('innovation', 'instagood'), ('innovation', 'startup'), ('innovation', 'tech'), ('innovation', 'training'), ('instagood', 'startup'), ('instagood', 'tech'), ('instagood', 'training'), ('startup', 'tech'), ('startup', 'training'), ('tech', 'training')]"
synthetic_post_0224.jpg,772,"[('adventure', 'instafood'), ('adventure', 'nature'), ('adventure', 'travel'), ('adventure', 'wanderlust'), ('instafood', 'nature'), ('instafood', 'travel'), ('instafood', 'wanderlust'), ('nature', 'travel'), ('nature', 'wanderlust'), ('travel', 'wanderlust')]"
synthetic_post_0225.jpg,971,"[('delicious', 'developer'), ('delicious', 'foodie'), ('delicious', 'foodporn'), ('delicious', 'instafood'), ('developer', 'foodie'), ('developer', 'foodporn'), ('developer', 'instafood'), ('foodie', 'foodporn'), ('foodie', 'instafood'), ('foodporn', 'instafood')]"
synthetic_post_0226.jpg,1085,"[('artist', 'chef'), ('artist', 'drawing'), ('artist', 'homemade'), ('artist', 'yummy'), ('chef', 'drawing'), ('chef', 'homemade'), ('chef', 'yummy'), ('drawing', 'homemade'), ('drawing', 'yummy'), ('homemade', 'yummy')]"
synthetic_post_0227.jpg,844,"[('delicious', 'foodie'), ('delicious', 'homemade'), ('delicious', 'yummy'), ('foodie', 'homemade'), ('foodie', 'yummy'), ('homemade', 'yummy')]"
synthetic_post_0228.jpg,953,"[('delicious', 'foodie'), ('delicious', 'foodporn'), ('delicious', 'instafood'), ('delicious', 'motivation'), ('foodie', 'foodporn'), ('foodie', 'instafood'), ('foodie', 'motivation'), ('foodporn', 'instafood'), ('foodporn', 'motivation'), ('instafood', 'motivation')]"
synthetic_post_0229.jpg,1043,"[('adventure', 'art'), ('adventure', 'creative'), ('adventure', 'drawing'), ('art', 'creative'), ('art', 'drawing'), ('creative', 'drawing')]"
synthetic_post_0230.jpg,660,"[('adventure', 'beauty'), ('adventure', 'like4like'), ('adventure', 'streetstyle'), ('adventure', 'style'), ('beauty', 'like4like'), ('beauty', 'streetstyle'), ('beauty', 'style'), ('like4like', 'streetstyle'), ('like4like', 'style'), ('streetstyle', 'style')]"
synthetic_post_0231.jpg,1021,"[('fitness', 'gym'), ('fitness', 'instafood'), ('fitness', 'motivation'), ('gym', 'instafood'), ('gym', 'motivation'), ('instafood', 'motivation')]"
synthetic_post_0232.jpg,767,"[('adventure', 'vacation'), ('adventure', 'wanderlust'), ('vacation', 'wanderlust')]"
synthetic_post_0233.jpg,996,"[('ai', 'beauty'), ('ai', 'fashion'), ('ai', 'like4like'), ('ai', 'outfit'), ('ai', 'style'), ('ai', 'tech'), ('beauty', 'fashion'), ('beauty', 'like4like'), ('beauty', 'outfit'), ('beauty', 'style'), ('beauty', 'tech'), ('fashion', 'like4like'), ('fashion', 'outfit'), ('fashion', 'style'), ('fashion', 'tech'), ('like4like', 'outfit'), ('like4like', 'style'), ('like4like', 'tech'), ('outfit', 'style'), ('outfit', 'tech'), ('style', 'tech')]"
synthetic_post_0234.jpg,1174,"[('art', 'design'), ('art', 'fitfam'), ('art', 'training'), ('design', 'fitfam'), ('design', 'training'), ('fitfam', 'training')]"
synthetic_post_0235.jpg,597,"[('fashion', 'fitfam'), ('fashion', 'like4like'), ('fashion', 'outfit'), ('fashion', 'training'), ('fitfam', 'like4like'), ('fitfam', 'outfit'), ('fitfam', 'training'), ('like4like', 'outfit'), ('like4like', 'training'), ('outfit', 'training')]"
synthetic_post_0236.jpg,836,"[('fashion', 'software'), ('fashion', 'startup'), ('fashion', 'streetstyle'), ('software', 'startup'), ('software', 'streetstyle'), ('startup', 'streetstyle')]"
synthetic_post_0237.jpg,669,"[('artist', 'drawing'), ('artist', 'gallery'), ('artist', 'illustration'), ('artist', 'vacation'), ('drawing', 'gallery'), ('drawing', 'illustration'), ('drawing', 'vacation'), ('gallery', 'illustration'), ('gallery', 'vacation'), ('illustration', 'vacation')]"
synthetic_post_0238.jpg,694,"[('beauty', 'drawing'), ('beauty', 'gallery'), ('drawing', 'gallery')]"
synthetic_post_0239.jpg,1091,"[('fashion', 'innovation'), ('fashion', 'life'), ('fashion', 'outfit'), ('fashion', 'software'), ('innovation', 'life'), ('innovation', 'outfit'), ('innovation', 'software'), ('life', 'outfit'), ('life', 'software'), ('outfit', 'software')]"
synthetic_post_0240.jpg,1220,"[('fitness', 'gym'), ('fitness', 'instagood'), ('fitness', 'model'), ('fitness', 'outfit'), ('fitness', 'streetstyle'), ('gym', 'instagood'), ('gym', 'model'), ('gym', 'outfit'), ('gym', 'streetstyle'), ('instagood', 'model'), ('instagood', 'outfit'), ('instagood', 'streetstyle'), ('model', 'outfit'), ('model', 'streetstyle'), ('outfit', 'streetstyle')]"
synthetic_post_0241.jpg,1198,"[('art', 'beauty'), ('art', 'creative'), ('art', 'gallery'), ('art', 'ootd'), ('beauty', 'creative'), ('beauty', 'gallery'), ('beauty', 'ootd'), ('creative', 'gallery'), ('creative', 'ootd'), ('gallery', 'ootd')]"
synthetic_post_0242.jpg,903,"[('design', 'fitness'), ('design', 'health'), ('design', 'like4like'), ('design', 'motivation'), ('fitness', 'health'), ('fitness', 'like4like'), ('fitness', 'motivation'), ('health', 'like4like'), ('health', 'motivation'), ('like4like', 'motivation')]"
synthetic_post_0243.jpg,616,"[('adventure', 'gym'), ('adventure', 'nature'), ('adventure', 'travel'), ('adventure', 'wanderlust'), ('gym', 'nature'), ('gym', 'travel'), ('gym', 'wanderlust'), ('nature', 'travel'), ('nature', 'wanderlust'), ('travel', 'wanderlust')]"
synthetic_post_0244.jpg,1090,"[('creative', 'design'), ('creative', 'foodie'), ('creative', 'homemade'), ('creative', 'illustration'), ('design', 'foodie'), ('design', 'homemade'), ('design', 'illustration'), ('foodie', 'homemade'), ('foodie', 'illustration'), ('homemade', 'illustration')]"
synthetic_post_0245.jpg,1025,"[('fitness', 'foodie'), ('fitness', 'like4like'), ('fitness', 'motivation'), ('fitness', 'training'), ('fitness', 'yummy'), ('foodie', 'like4like'), ('foodie', 'motivation'), ('foodie', 'training'), ('foodie', 'yummy'), ('like4like', 'motivation'), ('like4like', 'training'), ('like4like', 'yummy'), ('motivation', 'training'), ('motivation', 'yummy'), ('training', 'yummy')]"
synthetic_post_0246.jpg,1144,"[('ai', 'coding'), ('ai', 'like4like'), ('ai', 'startup'), ('ai', 'tech'), ('ai', 'wanderlust'), ('coding', 'like4like'), ('coding', 'startup'), ('coding', 'tech'), ('coding', 'wanderlust'), ('like4like', 'startup'), ('like4like', 'tech'), ('like4like', 'wanderlust'), ('startup', 'tech'), ('startup', 'wanderlust'), ('tech', 'wanderlust')]"
synthetic_post_0247.jpg,1115,"[('chef', 'delicious'), ('chef', 'fashion'), ('chef', 'followme'), ('chef', 'homemade'), ('chef', 'streetstyle'), ('delicious', 'fashion'), ('delicious', 'followme'), ('delicious', 'homemade'), ('delicious', 'streetstyle'), ('fashion', 'followme'), ('fashion', 'homemade'), ('fashion', 'streetstyle'), ('followme', 'homemade'), ('followme', 'streetstyle'), ('homemade', 'streetstyle')]"
synthetic_post_0248.jpg,1070,"[('artist', 'gallery'), ('artist', 'motivation'), ('artist', 'training'), ('artist', 'workout'), ('gallery', 'motivation'), ('gallery', 'training'), ('gallery', 'workout'), ('motivation', 'training'), ('motivation', 'workout'), ('training', 'workout')]"
synthetic_post_0249.jpg,750,"[('fitfam', 'fitness'), ('fitfam', 'training'), ('fitness', 'training')]"
synthetic_post_0250.jpg,624,"[('innovation', 'instagood'), ('innovation', 'software'), ('innovation', 'workout'), ('instagood', 'software'), ('instagood', 'workout'), ('software', 'workout')]"
synthetic_post_0251.jpg,930,"[('creative', 'drawing'), ('creative', 'gallery'), ('creative', 'health'), ('creative', 'workout'), ('drawing', 'gallery'), ('drawing', 'health'), ('drawing', 'workout'), ('gallery', 'health'), ('gallery', 'workout'), ('health', 'workout')]"
synthetic_post_0252.jpg,673,"[('adventure', 'explore'), ('adventure', 'gallery'), ('adventure', 'nature'), ('explore', 'gallery'), ('explore', 'nature'), ('gallery', 'nature')]"
synthetic_post_0253.jpg,612,"[('creative', 'design'), ('creative', 'instafood'), ('design', 'instafood')]"
synthetic_post_0254.jpg,1018,"[('adventure', 'chef'), ('adventure', 'life'), ('adventure', 'nature'), ('adventure', 'photography'), ('adventure', 'vacation'), ('adventure', 'yummy'), ('chef', 'life'), ('chef', 'nature'), ('chef', 'photography'), ('chef', 'vacation'), ('chef', 'yummy'), ('life', 'nature'), ('life', 'photography'), ('life', 'vacation'), ('life', 'yummy'), ('nature', 'photography'), ('nature', 'vacation'), ('nature', 'yummy'), ('photography', 'vacation'), ('photography', 'yummy'), ('vacation', 'yummy')]"
synthetic_post_0255.jpg,1234,"[('artist', 'creative'), ('artist', 'drawing'), ('artist', 'gallery'), ('artist', 'life'), ('artist', 'travel'), ('artist', 'wanderlust'), ('creative', 'drawing'), ('creative', 'gallery'), ('creative', 'life'), ('creative', 'travel'), ('creative', 'wanderlust'), ('drawing', 'gallery'), ('drawing', 'life'), ('drawing', 'travel'), ('drawing', 'wanderlust'), ('gallery', 'life'), ('gallery', 'travel'), ('gallery', 'wanderlust'), ('life', 'travel'), ('life', 'wanderlust'), ('travel', 'wanderlust')]"
synthetic_post_0256.jpg,896,"[('ai', 'artist'), ('ai', 'creative'), ('ai', 'design'), ('ai', 'developer'), ('ai', 'illustration'), ('artist', 'creative'), ('artist', 'design'), ('artist', 'developer'), ('artist', 'illustration'), ('creative', 'design'), ('creative', 'developer'), ('creative', 'illustration'), ('design', 'developer'), ('design', 'illustration'), ('developer', 'illustration')]"
synthetic_post_0257.jpg,764,"[('adventure', 'art'), ('adventure', 'artist'), ('adventure', 'creative'), ('adventure', 'illustration'), ('art', 'artist'), ('art', 'creative'), ('art', 'illustration'), ('artist', 'creative'), ('artist', 'illustration'), ('creative', 'illustration')]"
synthetic_post_0258.jpg,983,"[('adventure', 'art'), ('adventure', 'design'), ('adventure', 'followme'), ('adventure', 'gallery'), ('adventure', 'photography'), ('art', 'design'), ('art', 'followme'), ('art', 'gallery'), ('art', 'photography'), ('design', 'followme'), ('design', 'gallery'), ('design', 'photography'), ('followme', 'gallery'), ('followme', 'photography'), ('gallery', 'photography')]"
synthetic_post_0259.jpg,956,"[('ai', 'coding'), ('ai', 'like4like'), ('ai', 'startup'), ('ai', 'tech'), ('coding', 'like4like'), ('coding', 'startup'), ('coding', 'tech'), ('like4like', 'startup'), ('like4like', 'tech'), ('startup', 'tech')]"
synthetic_post_0260.jpg,880,"[('artist', 'drawing'), ('artist', 'fitness'), ('artist', 'gym'), ('artist', 'workout'), ('drawing', 'fitness'), ('drawing', 'gym'), ('drawing', 'workout'), ('fitness', 'gym'), ('fitness', 'workout'), ('gym', 'workout')]"
synthetic_post_0261.jpg,1140,"[('adventure', 'chef'), ('adventure', 'foodie'), ('adventure', 'homemade'), ('adventure', 'instafood'), ('chef', 'foodie'), ('chef', 'homemade'), ('chef', 'instafood'), ('foodie', 'homemade'), ('foodie', 'instafood'), ('homemade', 'instafood')]"
synthetic_post_0262.jpg,565,"[('fitfam', 'fitness'), ('fitfam', 'health'), ('fitfam', 'workout'), ('fitness', 'health'), ('fitness', 'workout'), ('health', 'workout')]"
synthetic_post_0263.jpg,973,"[('coding', 'developer'), ('coding', 'fitfam'), ('coding', 'innovation'), ('coding', 'tech'), ('developer', 'fitfam'), ('developer', 'innovation'), ('developer', 'tech'), ('fitfam', 'innovation'), ('fitfam', 'tech'), ('innovation', 'tech')]"
synthetic_post_0264.jpg,1234,"[('chef', 'foodie'), ('chef', 'foodporn'), ('chef', 'gallery'), ('chef', 'illustration'), ('chef', 'yummy'), ('foodie', 'foodporn'), ('foodie', 'gallery'), ('foodie', 'illustration'), ('foodie', 'yummy'), ('foodporn', 'gallery'), ('foodporn', 'illustration'), ('foodporn', 'yummy'), ('gallery', 'illustration'), ('gallery', 'yummy'), ('illustration', 'yummy')]"
synthetic_post_0265.jpg,1155,"[('explore', 'fashion'), ('explore', 'model'), ('explore', 'travel'), ('explore', 'vacation'), ('fashion', 'model'), ('fashion', 'travel'), ('fashion', 'vacation'), ('model', 'travel'), ('model', 'vacation'), ('travel', 'vacation')]"
synthetic_post_0266.jpg,796,"[('creative', 'design')]"
synthetic_post_0267.jpg,632,"[('fashion', 'outfit'), ('fashion', 'photooftheday'), ('outfit', 'photooftheday')]"
synthetic_post_0268.jpg,942,"[('chef', 'delicious'), ('chef', 'vacation'), ('chef', 'yummy'), ('delicious', 'vacation'), ('delicious', 'yummy'), ('vacation', 'yummy')]"
synthetic_post_0269.jpg,1080,"[('explore', 'innovation'), ('explore', 'nature'), ('explore', 'travel'), ('explore', 'vacation'), ('innovation', 'nature'), ('innovation', 'travel'), ('innovation', 'vacation'), ('nature', 'travel'), ('nature', 'vacation'), ('travel', 'vacation')]"
synthetic_post_0270.jpg,802,"[('art', 'design'), ('art', 'drawing'), ('art', 'followme'), ('design', 'drawing'), ('design', 'followme'), ('drawing', 'followme')]"
synthetic_post_0271.jpg,879,"[('artist', 'drawing'), ('artist', 'fitness'), ('artist', 'gym'), ('drawing', 'fitness'), ('drawing', 'gym'), ('fitness', 'gym')]"
synthetic_post_0272.jpg,973,"[('beauty', 'homemade'), ('beauty', 'instafood'), ('homemade', 'instafood')]"
synthetic_post_0273.jpg,717,"[('adventure', 'innovation'), ('adventure', 'nature'), ('adventure', 'photography'), ('adventure', 'travel'), ('innovation', 'nature'), ('innovation', 'photography'), ('innovation', 'travel'), ('nature', 'photography'), ('nature', 'travel'), ('photography', 'travel')]"
synthetic_post_0274.jpg,710,"[('ai', 'creative'), ('ai', 'design'), ('ai', 'developer'), ('creative', 'design'), ('creative', 'developer'), ('design', 'developer')]"
synthetic_post_0275.jpg,1214,"[('chef', 'foodporn'), ('chef', 'homemade'), ('chef', 'instafood'), ('foodporn', 'homemade'), ('foodporn', 'instafood'), ('homemade', 'instafood')]"
synthetic_post_0276.jpg,774,"[('ai', 'beauty'), ('ai', 'developer'), ('ai', 'fashion'), ('ai', 'innovation'), ('ai', 'startup'), ('beauty', 'developer'), ('beauty', 'fashion'), ('beauty', 'innovation'), ('beauty', 'startup'), ('developer', 'fashion'), ('developer', 'innovation'), ('developer', 'startup'), ('fashion', 'innovation'), ('fashion', 'startup'), ('innovation', 'startup')]"
synthetic_post_0277.jpg,794,"[('chef', 'foodie'), ('chef', 'foodporn'), ('chef', 'instafood'), ('chef', 'training'), ('foodie', 'foodporn'), ('foodie', 'instafood'), ('foodie', 'training'), ('foodporn', 'instafood'), ('foodporn', 'training'), ('instafood', 'training')]"
synthetic_post_0278.jpg,1035,"[('art', 'design'), ('art', 'drawing'), ('art', 'illustration'), ('art', 'life'), ('art', 'motivation'), ('art', 'training'), ('design', 'drawing'), ('design', 'illustration'), ('design', 'life'), ('design', 'motivation'), ('design', 'training'), ('drawing', 'illustration'), ('drawing', 'life'), ('drawing', 'motivation'), ('drawing', 'training'), ('illustration', 'life'), ('illustration', 'motivation'), ('illustration', 'training'), ('life', 'motivation'), ('life', 'training'), ('motivation', 'training')]"
synthetic_post_0279.jpg,839,"[('coding', 'developer'), ('coding', 'innovation'), ('coding', 'startup'), ('developer', 'innovation'), ('developer', 'startup'), ('innovation', 'startup')]"
synthetic_post_0280.jpg,634,"[('explore', 'nature'), ('explore', 'streetstyle'), ('explore', 'wanderlust'), ('nature', 'streetstyle'), ('nature', 'wanderlust'), ('streetstyle', 'wanderlust')]"
synthetic_post_0281.jpg,1314,"[('ai', 'developer'), ('ai', 'innovation'), ('ai', 'instagood'), ('ai', 'photography'), ('ai', 'startup'), ('ai', 'travel'), ('developer', 'innovation'), ('developer', 'instagood'), ('developer', 'photography'), ('developer', 'startup'), ('developer', 'travel'), ('innovation', 'instagood'), ('innovation', 'photography'), ('innovation', 'startup'), ('innovation', 'travel'), ('instagood', 'photography'), ('instagood', 'startup'), ('instagood', 'travel'), ('photography', 'startup'), ('photography', 'travel'), ('startup', 'travel')]"
synthetic_post_0282.jpg,500,"[('coding', 'developer'), ('coding', 'model'), ('coding', 'photooftheday'), ('developer', 'model'), ('developer', 'photooftheday'), ('model', 'photooftheday')]"
synthetic_post_0283.jpg,1462,"[('beauty', 'fashion'), ('beauty', 'foodie'), ('beauty', 'life'), ('beauty', 'streetstyle'), ('beauty', 'style'), ('beauty', 'yummy'), ('fashion', 'foodie'), ('fashion', 'life'), ('fashion', 'streetstyle'), ('fashion', 'style'), ('fashion', 'yummy'), ('foodie', 'life'), ('foodie', 'streetstyle'), ('foodie', 'style'), ('foodie', 'yummy'), ('life', 'streetstyle'), ('life', 'style'), ('life', 'yummy'), ('streetstyle', 'style'), ('streetstyle', 'yummy'), ('style', 'yummy')]"
synthetic_post_0284.jpg,940,"[('like4like', 'model'), ('like4like', 'ootd'), ('like4like', 'style'), ('like4like', 'travel'), ('model', 'ootd'), ('model', 'style'), ('model', 'travel'), ('ootd', 'style'), ('ootd', 'travel'), ('style', 'travel')]"
synthetic_post_0285.jpg,677,"[('adventure', 'foodie'), ('adventure', 'photography'), ('adventure', 'travel'), ('adventure', 'vacation'), ('foodie', 'photography'), ('foodie', 'travel'), ('foodie', 'vacation'), ('photography', 'travel'), ('photography', 'vacation'), ('travel', 'vacation')]"
synthetic_post_0286.jpg,703,"[('adventure', 'ai'), ('adventure', 'coding'), ('adventure', 'developer'), ('adventure', 'photography'), ('adventure', 'software'), ('ai', 'coding'), ('ai', 'developer'), ('ai', 'photography'), ('ai', 'software'), ('coding', 'developer'), ('coding', 'photography'), ('coding', 'software'), ('developer', 'photography'), ('developer', 'software'), ('photography', 'software')]"
synthetic_post_0287.jpg,740,"[('art', 'drawing'), ('art', 'followme'), ('art', 'startup'), ('art', 'tech'), ('drawing', 'followme'), ('drawing', 'startup'), ('drawing', 'tech'), ('followme', 'startup'), ('followme', 'tech'), ('startup', 'tech')]"
synthetic_post_0288.jpg,907,"[('beauty', 'instafood'), ('beauty', 'ootd'), ('beauty', 'outfit'), ('beauty', 'style'), ('instafood', 'ootd'), ('instafood', 'outfit'), ('instafood', 'style'), ('ootd', 'outfit'), ('ootd', 'style'), ('outfit', 'style')]"
synthetic_post_0289.jpg,589,"[('followme', 'software'), ('followme', 'startup'), ('followme', 'tech'), ('software', 'startup'), ('software', 'tech'), ('startup', 'tech')]"
synthetic_post_0290.jpg,1088,"[('chef', 'foodie'), ('chef', 'foodporn'), ('chef', 'software'), ('foodie', 'foodporn'), ('foodie', 'software'), ('foodporn', 'software')]"
synthetic_post_0291.jpg,806,"[('adventure', 'explore'), ('adventure', 'homemade'), ('adventure', 'nature'), ('adventure', 'vacation'), ('explore', 'homemade'), ('explore', 'nature'), ('explore', 'vacation'), ('homemade', 'nature'), ('homemade', 'vacation'), ('nature', 'vacation')]"
synthetic_post_0292.jpg,1090,"[('developer', 'gym'), ('developer', 'health'), ('developer', 'motivation'), ('developer', 'software'), ('developer', 'workout'), ('gym', 'health'), ('gym', 'motivation'), ('gym', 'software'), ('gym', 'workout'), ('health', 'motivation'), ('health', 'software'), ('health', 'workout'), ('motivation', 'software'), ('motivation', 'workout'), ('software', 'workout')]"
synthetic_post_0293.jpg,909,"[('chef', 'fitfam'), ('chef', 'health'), ('chef', 'instafood'), ('chef', 'motivation'), ('chef', 'workout'), ('fitfam', 'health'), ('fitfam', 'instafood'), ('fitfam', 'motivation'), ('fitfam', 'workout'), ('health', 'instafood'), ('health', 'motivation'), ('health', 'workout'), ('instafood', 'motivation'), ('instafood', 'workout'), ('motivation', 'workout')]"
synthetic_post_0294.jpg,1041,"[('fitness', 'gallery'), ('fitness', 'health'), ('fitness', 'motivation'), ('fitness', 'training'), ('gallery', 'health'), ('gallery', 'motivation'), ('gallery', 'training'), ('health', 'motivation'), ('health', 'training'), ('motivation', 'training')]"
synthetic_post_0295.jpg,808,"[('artist', 'design'), ('artist', 'foodporn'), ('artist', 'illustration'), ('artist', 'yummy'), ('design', 'foodporn'), ('design', 'illustration'), ('design', 'yummy'), ('foodporn', 'illustration'), ('foodporn', 'yummy'), ('illustration', 'yummy')]"
synthetic_post_0296.jpg,657,"[('coding', 'homemade'), ('coding', 'software'), ('coding', 'startup'), ('homemade', 'software'), ('homemade', 'startup'), ('software', 'startup')]"
synthetic_post_0297.jpg,609,"[('chef', 'gym'), ('chef', 'motivation'), ('chef', 'yummy'), ('gym', 'motivation'), ('gym', 'yummy'), ('motivation', 'yummy')]"
synthetic_post_0298.jpg,937,"[('ai', 'coding'), ('ai', 'developer'), ('ai', 'innovation'), ('coding', 'developer'), ('coding', 'innovation'), ('developer', 'innovation')]"
synthetic_post_0299.jpg,572,"[('fitfam', 'health'), ('fitfam', 'instagood'), ('fitfam', 'training'), ('health', 'instagood'), ('health', 'training'), ('instagood', 'training')]"
synthetic_post_0300.jpg,482,"[('delicious', 'instafood')]"
synthetic_post_0301.jpg,811,"[('fashion', 'foodie'), ('fashion', 'life'), ('fashion', 'model'), ('fashion', 'outfit'), ('fashion', 'style'), ('foodie', 'life'), ('foodie', 'model'), ('foodie', 'outfit'), ('foodie', 'style'), ('life', 'model'), ('life', 'outfit'), ('life', 'style'), ('model', 'outfit'), ('model', 'style'), ('outfit', 'style')]"
synthetic_post_0302.jpg,1081,"[('fitfam', 'fitness'), ('fitfam', 'foodie'), ('fitfam', 'foodporn'), ('fitfam', 'health'), ('fitfam', 'motivation'), ('fitness', 'foodie'), ('fitness', 'foodporn'), ('fitness', 'health'), ('fitness', 'motivation'), ('foodie', 'foodporn'), ('foodie', 'health'), ('foodie', 'motivation'), ('foodporn', 'health'), ('foodporn', 'motivation'), ('health', 'motivation')]"
synthetic_post_0303.jpg,971,"[('ai', 'artist'), ('ai', 'coding'), ('ai', 'developer'), ('ai', 'instagood'), ('ai', 'software'), ('artist', 'coding'), ('artist', 'developer'), ('artist', 'instagood'), ('artist', 'software'), ('coding', 'developer'), ('coding', 'instagood'), ('coding', 'software'), ('developer', 'instagood'), ('developer', 'software'), ('instagood', 'software')]"
synthetic_post_0304.jpg,373,"[('ai', 'startup'), ('ai', 'vacation'), ('startup', 'vacation')]"
synthetic_post_0305.jpg,908,"[('outfit', 'software'), ('outfit', 'startup'), ('outfit', 'style'), ('outfit', 'tech'), ('software', 'startup'), ('software', 'style'), ('software', 'tech'), ('startup', 'style'), ('startup', 'tech'), ('style', 'tech')]"
synthetic_post_0306.jpg,809,"[('chef', 'delicious'), ('chef', 'travel'), ('chef', 'wanderlust'), ('chef', 'yummy'), ('delicious', 'travel'), ('delicious', 'wanderlust'), ('delicious', 'yummy'), ('travel', 'wanderlust'), ('travel', 'yummy'), ('wanderlust', 'yummy')]"
synthetic_post_0307.jpg,1179,"[('art', 'artist'), ('art', 'creative'), ('art', 'health'), ('art', 'like4like'), ('art', 'motivation'), ('artist', 'creative'), ('artist', 'health'), ('artist', 'like4like'), ('artist', 'motivation'), ('creative', 'health'), ('creative', 'like4like'), ('creative', 'motivation'), ('health', 'like4like'), ('health', 'motivation'), ('like4like', 'motivation')]"
synthetic_post_0308.jpg,509,"[('coding', 'developer'), ('coding', 'startup'), ('developer', 'startup')]"
synthetic_post_0309.jpg,760,"[('creative', 'fashion'), ('creative', 'gallery'), ('creative', 'style'), ('fashion', 'gallery'), ('fashion', 'style'), ('gallery', 'style')]"
synthetic_post_0310.jpg,652,"[('beauty', 'developer'), ('beauty', 'fashion'), ('beauty', 'love'), ('beauty', 'ootd'), ('developer', 'fashion'), ('developer', 'love'), ('developer', 'ootd'), ('fashion', 'love'), ('fashion', 'ootd'), ('love', 'ootd')]"
synthetic_post_0311.jpg,913,"[('beauty', 'model'), ('beauty', 'travel'), ('beauty', 'wanderlust'), ('model', 'travel'), ('model', 'wanderlust'), ('travel', 'wanderlust')]"
synthetic_post_0312.jpg,880,"[('art', 'creative'), ('art', 'explore'), ('art', 'life'), ('art', 'photography'), ('creative', 'explore'), ('creative', 'life'), ('creative', 'photography'), ('explore', 'life'), ('explore', 'photography'), ('life', 'photography')]"
synthetic_post_0313.jpg,981,"[('ai', 'artist'), ('ai', 'creative'), ('ai', 'drawing'), ('ai', 'gallery'), ('artist', 'creative'), ('artist', 'drawing'), ('artist', 'gallery'), ('creative', 'drawing'), ('creative', 'gallery'), ('drawing', 'gallery')]"
synthetic_post_0314.jpg,1532,"[('adventure', 'developer'), ('adventure', 'innovation'), ('adventure', 'photography'), ('adventure', 'software'), ('adventure', 'tech'), ('developer', 'innovation'), ('developer', 'photography'), ('developer', 'software'), ('developer', 'tech'), ('innovation', 'photography'), ('innovation', 'software'), ('innovation', 'tech'), ('photography', 'software'), ('photography', 'tech'), ('software', 'tech')]"
synthetic_post_0315.jpg,960,"[('fashion', 'outfit'), ('fashion', 'photooftheday'), ('fashion', 'style'), ('fashion', 'vacation'), ('outfit', 'photooftheday'), ('outfit', 'style'), ('outfit', 'vacation'), ('photooftheday', 'style'), ('photooftheday', 'vacation'), ('style', 'vacation')]"
synthetic_post_0316.jpg,993,"[('beauty', 'creative'), ('beauty', 'fashion'), ('beauty', 'gallery'), ('beauty', 'life'), ('beauty', 'ootd'), ('beauty', 'style'), ('creative', 'fashion'), ('creative', 'gallery'), ('creative', 'life'), ('creative', 'ootd'), ('creative', 'style'), ('fashion', 'gallery'), ('fashion', 'life'), ('fashion', 'ootd'), ('fashion', 'style'), ('gallery', 'life'), ('gallery', 'ootd'), ('gallery', 'style'), ('life', 'ootd'), ('life', 'style'), ('ootd', 'style')]"
synthetic_post_0317.jpg,994,"[('foodie', 'foodporn'), ('foodie', 'gym'), ('foodie', 'love'), ('foodie', 'training'), ('foodporn', 'gym'), ('foodporn', 'love'), ('foodporn', 'training'), ('gym', 'love'), ('gym', 'training'), ('love', 'training')]"
synthetic_post_0318.jpg,947,"[('ai', 'developer'), ('ai', 'startup'), ('ai', 'training'), ('developer', 'startup'), ('developer', 'training'), ('startup', 'training')]"
synthetic_post_0319.jpg,768,"[('innovation', 'ootd'), ('innovation', 'software'), ('innovation', 'streetstyle'), ('ootd', 'software'), ('ootd', 'streetstyle'), ('software', 'streetstyle')]"
synthetic_post_0320.jpg,1192,"[('art', 'creative'), ('art', 'delicious'), ('art', 'illustration'), ('art', 'instafood'), ('art', 'photooftheday'), ('creative', 'delicious'), ('creative', 'illustration'), ('creative', 'instafood'), ('creative', 'photooftheday'), ('delicious', 'illustration'), ('delicious', 'instafood'), ('delicious', 'photooftheday'), ('illustration', 'instafood'), ('illustration', 'photooftheday'), ('instafood', 'photooftheday')]"
synthetic_post_0321.jpg,974,"[('beauty', 'instafood'), ('beauty', 'instagood'), ('beauty', 'model'), ('beauty', 'ootd'), ('beauty', 'yummy'), ('instafood', 'instagood'), ('instafood', 'model'), ('instafood', 'ootd'), ('instafood', 'yummy'), ('instagood', 'model'), ('instagood', 'ootd'), ('instagood', 'yummy'), ('model', 'ootd'), ('model', 'yummy'), ('ootd', 'yummy')]"
synthetic_post_0322.jpg,982,"[('chef', 'foodie'), ('chef', 'foodporn'), ('chef', 'yummy'), ('foodie', 'foodporn'), ('foodie', 'yummy'), ('foodporn', 'yummy')]"
synthetic_post_0323.jpg,470,"[('ai', 'tech')]"
synthetic_post_0324.jpg,763,"[('happy', 'health'), ('happy', 'training'), ('happy', 'workout'), ('health', 'training'), ('health', 'workout'), ('training', 'workout')]"
synthetic_post_0325.jpg,1072,"[('creative', 'fitfam'), ('creative', 'fitness'), ('creative', 'illustration'), ('creative', 'motivation'), ('creative', 'training'), ('fitfam', 'fitness'), ('fitfam', 'illustration'), ('fitfam', 'motivation'), ('fitfam', 'training'), ('fitness', 'illustration'), ('fitness', 'motivation'), ('fitness', 'training'), ('illustration', 'motivation'), ('illustration', 'training'), ('motivation', 'training')]"
synthetic_post_0326.jpg,982,"[('chef', 'instafood'), ('chef', 'motivation'), ('chef', 'workout'), ('instafood', 'motivation'), ('instafood', 'workout'), ('motivation', 'workout')]"
synthetic_post_0327.jpg,334,"[('foodporn', 'homemade'), ('foodporn', 'photooftheday'), ('homemade', 'photooftheday')]"
synthetic_post_0328.jpg,531,"[('fashion', 'instagood'), ('fashion', 'outfit'), ('fashion', 'tech'), ('instagood', 'outfit'), ('instagood', 'tech'), ('outfit', 'tech')]"
synthetic_post_0329.jpg,801,"[('artist', 'foodie'), ('artist', 'illustration'), ('foodie', 'illustration')]"
synthetic_post_0330.jpg,1406,"[('delicious', 'drawing'), ('delicious', 'foodporn'), ('delicious', 'homemade'), ('delicious', 'illustration'), ('delicious', 'yummy'), ('drawing', 'foodporn'), ('drawing', 'homemade'), ('drawing', 'illustration'), ('drawing', 'yummy'), ('foodporn', 'homemade'), ('foodporn', 'illustration'), ('foodporn', 'yummy'), ('homemade', 'illustration'), ('homemade', 'yummy'), ('illustration', 'yummy')]"
synthetic_post_0331.jpg,719,"[('gym', 'life'), ('gym', 'training'), ('gym', 'workout'), ('life', 'training'), ('life', 'workout'), ('training', 'workout')]"
synthetic_post_0332.jpg,1082,"[('beauty', 'gym'), ('beauty', 'health'), ('beauty', 'outfit'), ('gym', 'health'), ('gym', 'outfit'), ('health', 'outfit')]"
synthetic_post_0333.jpg,1178,"[('art', 'chef'), ('art', 'design'), ('art', 'foodporn'), ('art', 'homemade'), ('art', 'yummy'), ('chef', 'design'), ('chef', 'foodporn'), ('chef', 'homemade'), ('chef', 'yummy'), ('design', 'foodporn'), ('design', 'homemade'), ('design', 'yummy'), ('foodporn', 'homemade'), ('foodporn', 'yummy'), ('homemade', 'yummy')]"
synthetic_post_0334.jpg,881,"[('delicious', 'explore'), ('delicious', 'life'), ('delicious', 'travel'), ('delicious', 'yummy'), ('explore', 'life'), ('explore', 'travel'), ('explore', 'yummy'), ('life', 'travel'), ('life', 'yummy'), ('travel', 'yummy')]"
synthetic_post_0335.jpg,435,"[('explore', 'homemade'), ('explore', 'vacation'), ('homemade', 'vacation')]"
synthetic_post_0336.jpg,860,"[('fashion', 'fitfam'), ('fashion', 'like4like'), ('fashion', 'model'), ('fashion', 'training'), ('fashion', 'workout'), ('fitfam', 'like4like'), ('fitfam', 'model'), ('fitfam', 'training'), ('fitfam', 'workout'), ('like4like', 'model'), ('like4like', 'training'), ('like4like', 'workout'), ('model', 'training'), ('model', 'workout'), ('training', 'workout')]"
synthetic_post_0337.jpg,756,"[('chef', 'foodie'), ('chef', 'like4like'), ('chef', 'yummy'), ('foodie', 'like4like'), ('foodie', 'yummy'), ('like4like', 'yummy')]"
synthetic_post_0338.jpg,1135,"[('artist', 'design'), ('artist', 'drawing'), ('artist', 'explore'), ('artist', 'illustration'), ('artist', 'wanderlust'), ('design', 'drawing'), ('design', 'explore'), ('design', 'illustration'), ('design', 'wanderlust'), ('drawing', 'explore'), ('drawing', 'illustration'), ('drawing', 'wanderlust'), ('explore', 'illustration'), ('explore', 'wanderlust'), ('illustration', 'wanderlust')]"
synthetic_post_0339.jpg,610,"[('chef', 'fitness'), ('chef', 'happy'), ('chef', 'homemade'), ('fitness', 'happy'), ('fitness', 'homemade'), ('happy', 'homemade')]"
synthetic_post_0340.jpg,657,"[('adventure', 'love'), ('adventure', 'photography'), ('adventure', 'vacation'), ('adventure', 'wanderlust'), ('love', 'photography'), ('love', 'vacation'), ('love', 'wanderlust'), ('photography', 'vacation'), ('photography', 'wanderlust'), ('vacation', 'wanderlust')]"
synthetic_post_0341.jpg,641,"[('artist', 'health'), ('artist', 'motivation'), ('health', 'motivation')]"
synthetic_post_0342.jpg,1228,"[('art', 'delicious'), ('art', 'design'), ('art', 'drawing'), ('art', 'homemade'), ('delicious', 'design'), ('delicious', 'drawing'), ('delicious', 'homemade'), ('design', 'drawing'), ('design', 'homemade'), ('drawing', 'homemade')]"
synthetic_post_0343.jpg,602,"[('photooftheday', 'startup'), ('photooftheday', 'tech'), ('startup', 'tech')]"
synthetic_post_0344.jpg,804,"[('creative', 'illustration'), ('creative', 'instafood'), ('illustration', 'instafood')]"
synthetic_post_0345.jpg,602,"[('ai', 'developer'), ('ai', 'fitness'), ('ai', 'innovation'), ('developer', 'fitness'), ('developer', 'innovation'), ('fitness', 'innovation')]"
synthetic_post_0346.jpg,808,"[('fashion', 'homemade'), ('fashion', 'streetstyle'), ('fashion', 'yummy'), ('homemade', 'streetstyle'), ('homemade', 'yummy'), ('streetstyle', 'yummy')]"
synthetic_post_0347.jpg,642,"[('chef', 'creative'), ('chef', 'foodie'), ('chef', 'yummy'), ('creative', 'foodie'), ('creative', 'yummy'), ('foodie', 'yummy')]"
synthetic_post_0348.jpg,562,"[('fitness', 'happy'), ('fitness', 'health'), ('fitness', 'photography'), ('happy', 'health'), ('happy', 'photography'), ('health', 'photography')]"
synthetic_post_0349.jpg,1126,"[('coding', 'design'), ('coding', 'drawing'), ('coding', 'gallery'), ('design', 'drawing'), ('design', 'gallery'), ('drawing', 'gallery')]"
synthetic_post_0350.jpg,751,"[('fitfam', 'health'), ('fitfam', 'training'), ('fitfam', 'workout'), ('health', 'training'), ('health', 'workout'), ('training', 'workout')]"
synthetic_post_0351.jpg,880,"[('fashion', 'fitfam'), ('fashion', 'fitness'), ('fashion', 'motivation'), ('fashion', 'streetstyle'), ('fitfam', 'fitness'), ('fitfam', 'motivation'), ('fitfam', 'streetstyle'), ('fitness', 'motivation'), ('fitness', 'streetstyle'), ('motivation', 'streetstyle')]"
synthetic_post_0352.jpg,882,"[('artist', 'drawing'), ('artist', 'fitness'), ('artist', 'gallery'), ('artist', 'illustration'), ('drawing', 'fitness'), ('drawing', 'gallery'), ('drawing', 'illustration'), ('fitness', 'gallery'), ('fitness', 'illustration'), ('gallery', 'illustration')]"
synthetic_post_0353.jpg,909,"[('adventure', 'fitfam'), ('adventure', 'fitness'), ('adventure', 'gym'), ('adventure', 'health'), ('adventure', 'like4like'), ('adventure', 'vacation'), ('fitfam', 'fitness'), ('fitfam', 'gym'), ('fitfam', 'health'), ('fitfam', 'like4like'), ('fitfam', 'vacation'), ('fitness', 'gym'), ('fitness', 'health'), ('fitness', 'like4like'), ('fitness', 'vacation'), ('gym', 'health'), ('gym', 'like4like'), ('gym', 'vacation'), ('health', 'like4like'), ('health', 'vacation'), ('like4like', 'vacation')]"
synthetic_post_0354.jpg,637,"[('fitfam', 'fitness'), ('fitfam', 'gym'), ('fitness', 'gym')]"
synthetic_post_0355.jpg,853,"[('gym', 'health'), ('gym', 'tech'), ('gym', 'training'), ('gym', 'workout'), ('health', 'tech'), ('health', 'training'), ('health', 'workout'), ('tech', 'training'), ('tech', 'workout'), ('training', 'workout')]"
synthetic_post_0356.jpg,930,"[('delicious', 'fashion'), ('delicious', 'happy'), ('delicious', 'homemade'), ('delicious', 'ootd'), ('fashion', 'happy'), ('fashion', 'homemade'), ('fashion', 'ootd'), ('happy', 'homemade'), ('happy', 'ootd'), ('homemade', 'ootd')]"
synthetic_post_0357.jpg,804,"[('beauty', 'outfit'), ('beauty', 'startup'), ('outfit', 'startup')]"
synthetic_post_0358.jpg,846,"[('ai', 'art'), ('ai', 'developer'), ('ai', 'drawing'), ('ai', 'photooftheday'), ('art', 'developer'), ('art', 'drawing'), ('art', 'photooftheday'), ('developer', 'drawing'), ('developer', 'photooftheday'), ('drawing', 'photooftheday')]"
synthetic_post_0359.jpg,599,"[('model', 'photography'), ('model', 'style'), ('model', 'wanderlust'), ('photography', 'style'), ('photography', 'wanderlust'), ('style', 'wanderlust')]"
synthetic_post_0360.jpg,940,"[('art', 'design'), ('art', 'gallery'), ('art', 'photography'), ('art', 'wanderlust'), ('design', 'gallery'), ('design', 'photography'), ('design', 'wanderlust'), ('gallery', 'photography'), ('gallery', 'wanderlust'), ('photography', 'wanderlust')]"
synthetic_post_0361.jpg,583,"[('art', 'design'), ('art', 'gallery'), ('art', 'illustration'), ('art', 'love'), ('design', 'gallery'), ('design', 'illustration'), ('design', 'love'), ('gallery', 'illustration'), ('gallery', 'love'), ('illustration', 'love')]"
synthetic_post_0362.jpg,766,"[('art', 'beauty'), ('art', 'followme'), ('art', 'model'), ('art', 'ootd'), ('beauty', 'followme'), ('beauty', 'model'), ('beauty', 'ootd'), ('followme', 'model'), ('followme', 'ootd'), ('model', 'ootd')]"
synthetic_post_0363.jpg,600,"[('coding', 'software')]"
synthetic_post_0364.jpg,750,"[('fashion', 'ootd'), ('fashion', 'photooftheday'), ('fashion', 'streetstyle'), ('fashion', 'style'), ('ootd', 'photooftheday'), ('ootd', 'streetstyle'), ('ootd', 'style'), ('photooftheday', 'streetstyle'), ('photooftheday', 'style'), ('streetstyle', 'style')]"
synthetic_post_0365.jpg,976,"[('coding', 'developer'), ('coding', 'gym'), ('coding', 'happy'), ('coding', 'motivation'), ('developer', 'gym'), ('developer', 'happy'), ('developer', 'motivation'), ('gym', 'happy'), ('gym', 'motivation'), ('happy', 'motivation')]"
synthetic_post_0366.jpg,937,"[('coding', 'health'), ('coding', 'innovation'), ('coding', 'startup'), ('health', 'innovation'), ('health', 'startup'), ('innovation', 'startup')]"
synthetic_post_0367.jpg,558,"[('art', 'coding'), ('art', 'creative'), ('art', 'instagood'), ('coding', 'creative'), ('coding', 'instagood'), ('creative', 'instagood')]"
synthetic_post_0368.jpg,643,"[('chef', 'foodporn'), ('chef', 'life'), ('foodporn', 'life')]"
synthetic_post_0369.jpg,1137,"[('drawing', 'gallery'), ('drawing', 'like4like'), ('drawing', 'nature'), ('drawing', 'photography'), ('drawing', 'wanderlust'), ('gallery', 'like4like'), ('gallery', 'nature'), ('gallery', 'photography'), ('gallery', 'wanderlust'), ('like4like', 'nature'), ('like4like', 'photography'), ('like4like', 'wanderlust'), ('nature', 'photography'), ('nature', 'wanderlust'), ('photography', 'wanderlust')]"
synthetic_post_0370.jpg,609,"[('adventure', 'explore'), ('adventure', 'model'), ('explore', 'model')]"
synthetic_post_0371.jpg,1409,"[('fashion', 'followme'), ('fashion', 'homemade'), ('fashion', 'instafood'), ('fashion', 'outfit'), ('fashion', 'streetstyle'), ('followme', 'homemade'), ('followme', 'instafood'), ('followme', 'outfit'), ('followme', 'streetstyle'), ('homemade', 'instafood'), ('homemade', 'outfit'), ('homemade', 'streetstyle'), ('instafood', 'outfit'), ('instafood', 'streetstyle'), ('outfit', 'streetstyle')]"
synthetic_post_0372.jpg,882,"[('beauty', 'photography'), ('beauty', 'streetstyle'), ('beauty', 'travel'), ('photography', 'streetstyle'), ('photography', 'travel'), ('streetstyle', 'travel')]"
synthetic_post_0373.jpg,536,"[('fitfam', 'model'), ('fitfam', 'workout'), ('model', 'workout')]"
synthetic_post_0374.jpg,859,"[('ai', 'art'), ('ai', 'artist'), ('ai', 'coding'), ('ai', 'developer'), ('ai', 'innovation'), ('art', 'artist'), ('art', 'coding'), ('art', 'developer'), ('art', 'innovation'), ('artist', 'coding'), ('artist', 'developer'), ('artist', 'innovation'), ('coding', 'developer'), ('coding', 'innovation'), ('developer', 'innovation')]"
synthetic_post_0375.jpg,1086,"[('adventure', 'explore'), ('adventure', 'photography'), ('adventure', 'travel'), ('explore', 'photography'), ('explore', 'travel'), ('photography', 'travel')]"
synthetic_post_0376.jpg,867,"[('chef', 'delicious'), ('chef', 'foodporn'), ('chef', 'gym'), ('chef', 'homemade'), ('delicious', 'foodporn'), ('delicious', 'gym'), ('delicious', 'homemade'), ('foodporn', 'gym'), ('foodporn', 'homemade'), ('gym', 'homemade')]"
synthetic_post_0377.jpg,905,"[('foodie', 'nature'), ('foodie', 'travel'), ('foodie', 'yummy'), ('nature', 'travel'), ('nature', 'yummy'), ('travel', 'yummy')]"
synthetic_post_0378.jpg,543,"[('fashion', 'life'), ('fashion', 'model'), ('fashion', 'streetstyle'), ('life', 'model'), ('life', 'streetstyle'), ('model', 'streetstyle')]"
synthetic_post_0379.jpg,687,"[('foodie', 'happy'), ('foodie', 'instafood'), ('foodie', 'nature'), ('foodie', 'photography'), ('happy', 'instafood'), ('happy', 'nature'), ('happy', 'photography'), ('instafood', 'nature'), ('instafood', 'photography'), ('nature', 'photography')]"
synthetic_post_0380.jpg,779,"[('adventure', 'explore'), ('adventure', 'happy'), ('adventure', 'health'), ('adventure', 'training'), ('adventure', 'travel'), ('explore', 'happy'), ('explore', 'health'), ('explore', 'training'), ('explore', 'travel'), ('happy', 'health'), ('happy', 'training'), ('happy', 'travel'), ('health', 'training'), ('health', 'travel'), ('training', 'travel')]"
synthetic_post_0381.jpg,737,"[('delicious', 'foodie'), ('delicious', 'illustration'), ('foodie', 'illustration')]"
synthetic_post_0382.jpg,661,"[('ai', 'coding'), ('ai', 'fitfam'), ('ai', 'gym'), ('ai', 'health'), ('ai', 'workout'), ('coding', 'fitfam'), ('coding', 'gym'), ('coding', 'health'), ('coding', 'workout'), ('fitfam', 'gym'), ('fitfam', 'health'), ('fitfam', 'workout'), ('gym', 'health'), ('gym', 'workout'), ('health', 'workout')]"
synthetic_post_0383.jpg,1032,"[('artist', 'design'), ('artist', 'explore'), ('artist', 'gallery'), ('artist', 'illustration'), ('artist', 'like4like'), ('artist', 'travel'), ('design', 'explore'), ('design', 'gallery'), ('design', 'illustration'), ('design', 'like4like'), ('design', 'travel'), ('explore', 'gallery'), ('explore', 'illustration'), ('explore', 'like4like'), ('explore', 'travel'), ('gallery', 'illustration'), ('gallery', 'like4like'), ('gallery', 'travel'), ('illustration', 'like4like'), ('illustration', 'travel'), ('like4like', 'travel')]"
synthetic_post_0384.jpg,720,"[('fitness', 'health'), ('fitness', 'training'), ('fitness', 'workout'), ('health', 'training'), ('health', 'workout'), ('training', 'workout')]"
synthetic_post_0385.jpg,980,"[('art', 'artist'), ('art', 'gallery'), ('art', 'model'), ('art', 'style'), ('artist', 'gallery'), ('artist', 'model'), ('artist', 'style'), ('gallery', 'model'), ('gallery', 'style'), ('model', 'style')]"
synthetic_post_0386.jpg,1071,"[('developer', 'illustration'), ('developer', 'innovation'), ('developer', 'startup'), ('developer', 'tech'), ('illustration', 'innovation'), ('illustration', 'startup'), ('illustration', 'tech'), ('innovation', 'startup'), ('innovation', 'tech'), ('startup', 'tech')]"
synthetic_post_0387.jpg,825,"[('coding', 'gallery'), ('coding', 'illustration'), ('coding', 'like4like'), ('coding', 'startup'), ('gallery', 'illustration'), ('gallery', 'like4like'), ('gallery', 'startup'), ('illustration', 'like4like'), ('illustration', 'startup'), ('like4like', 'startup')]"
synthetic_post_0388.jpg,1150,"[('chef', 'fitness'), ('chef', 'foodporn'), ('chef', 'gym'), ('chef', 'instafood'), ('chef', 'love'), ('fitness', 'foodporn'), ('fitness', 'gym'), ('fitness', 'instafood'), ('fitness', 'love'), ('foodporn', 'gym'), ('foodporn', 'instafood'), ('foodporn', 'love'), ('gym', 'instafood'), ('gym', 'love'), ('instafood', 'love')]"
synthetic_post_0389.jpg,759,"[('delicious', 'homemade'), ('delicious', 'photooftheday'), ('delicious', 'yummy'), ('homemade', 'photooftheday'), ('homemade', 'yummy'), ('photooftheday', 'yummy')]"
synthetic_post_0390.jpg,546,"[('beauty', 'creative'), ('beauty', 'fashion'), ('beauty', 'model'), ('beauty', 'ootd'), ('creative', 'fashion'), ('creative', 'model'), ('creative', 'ootd'), ('fashion', 'model'), ('fashion', 'ootd'), ('model', 'ootd')]"
synthetic_post_0391.jpg,729,"[('chef', 'training'), ('chef', 'workout'), ('chef', 'yummy'), ('training', 'workout'), ('training', 'yummy'), ('workout', 'yummy')]"
synthetic_post_0392.jpg,1034,"[('explore', 'homemade'), ('explore', 'nature'), ('explore', 'photography'), ('explore', 'vacation'), ('homemade', 'nature'), ('homemade', 'photography'), ('homemade', 'vacation'), ('nature', 'photography'), ('nature', 'vacation'), ('photography', 'vacation')]"
synthetic_post_0393.jpg,790,"[('fashion', 'love'), ('fashion', 'outfit'), ('fashion', 'travel'), ('love', 'outfit'), ('love', 'travel'), ('outfit', 'travel')]"
synthetic_post_0394.jpg,1212,"[('art', 'chef'), ('art', 'delicious'), ('art', 'foodie'), ('art', 'yummy'), ('chef', 'delicious'), ('chef', 'foodie'), ('chef', 'yummy'), ('delicious', 'foodie'), ('delicious', 'yummy'), ('foodie', 'yummy')]"
synthetic_post_0395.jpg,1042,"[('chef', 'foodporn'), ('chef', 'instafood'), ('chef', 'yummy'), ('foodporn', 'instafood'), ('foodporn', 'yummy'), ('instafood', 'yummy')]"
synthetic_post_0396.jpg,856,"[('beauty', 'explore'), ('beauty', 'outfit'), ('beauty', 'style'), ('beauty', 'vacation'), ('explore', 'outfit'), ('explore', 'style'), ('explore', 'vacation'), ('outfit', 'style'), ('outfit', 'vacation'), ('style', 'vacation')]"
synthetic_post_0397.jpg,987,"[('fitfam', 'health'), ('fitfam', 'instagood'), ('fitfam', 'startup'), ('fitfam', 'training'), ('health', 'instagood'), ('health', 'startup'), ('health', 'training'), ('instagood', 'startup'), ('instagood', 'training'), ('startup', 'training')]"
synthetic_post_0398.jpg,1198,"[('coding', 'fitness'), ('coding', 'health'), ('coding', 'innovation'), ('coding', 'software'), ('coding', 'tech'), ('fitness', 'health'), ('fitness', 'innovation'), ('fitness', 'software'), ('fitness', 'tech'), ('health', 'innovation'), ('health', 'software'), ('health', 'tech'), ('innovation', 'software'), ('innovation', 'tech'), ('software', 'tech')]"
synthetic_post_0399.jpg,1145,"[('ai', 'developer'), ('ai', 'instagood'), ('ai', 'photography'), ('ai', 'software'), ('ai', 'startup'), ('ai', 'vacation'), ('developer', 'instagood'), ('developer', 'photography'), ('developer', 'software'), ('developer', 'startup'), ('developer', 'vacation'), ('instagood', 'photography'), ('instagood', 'software'), ('instagood', 'startup'), ('instagood', 'vacation'), ('photography', 'software'), ('photography', 'startup'), ('photography', 'vacation'), ('software', 'startup'), ('software', 'vacation'), ('startup', 'vacation')]"
synthetic_post_0400.jpg,1182,"[('happy', 'innovation'), ('happy', 'model'), ('happy', 'ootd'), ('happy', 'outfit'), ('happy', 'startup'), ('happy', 'style'), ('innovation', 'model'), ('innovation', 'ootd'), ('innovation', 'outfit'), ('innovation', 'startup'), ('innovation', 'style'), ('model', 'ootd'), ('model', 'outfit'), ('model', 'startup'), ('model', 'style'), ('ootd', 'outfit'), ('ootd', 'startup'), ('ootd', 'style'), ('outfit', 'startup'), ('outfit', 'style'), ('startup', 'style')]"
synthetic_post_0401.jpg,1091,"[('explore', 'love'), ('explore', 'nature'), ('explore', 'training'), ('explore', 'travel'), ('explore', 'vacation'), ('love', 'nature'), ('love', 'training'), ('love', 'travel'), ('love', 'vacation'), ('nature', 'training'), ('nature', 'travel'), ('nature', 'vacation'), ('training', 'travel'), ('training', 'vacation'), ('travel', 'vacation')]"
synthetic_post_0402.jpg,686,"[('coding', 'model'), ('coding', 'software'), ('coding', 'style'), ('model', 'software'), ('model', 'style'), ('software', 'style')]"
synthetic_post_0403.jpg,573,"[('design', 'drawing'), ('design', 'photography'), ('design', 'wanderlust'), ('drawing', 'photography'), ('drawing', 'wanderlust'), ('photography', 'wanderlust')]"
synthetic_post_0404.jpg,867,"[('coding', 'model'), ('coding', 'outfit'), ('coding', 'software'), ('coding', 'streetstyle'), ('model', 'outfit'), ('model', 'software'), ('model', 'streetstyle'), ('outfit', 'software'), ('outfit', 'streetstyle'), ('software', 'streetstyle')]"
synthetic_post_0405.jpg,816,"[('happy', 'motivation'), ('happy', 'startup'), ('happy', 'tech'), ('happy', 'workout'), ('motivation', 'startup'), ('motivation', 'tech'), ('motivation', 'workout'), ('startup', 'tech'), ('startup', 'workout'), ('tech', 'workout')]"
synthetic_post_0406.jpg,723,"[('ai', 'coding')]"
synthetic_post_0407.jpg,976,"[('adventure', 'nature'), ('adventure', 'ootd'), ('adventure', 'outfit'), ('adventure', 'vacation'), ('nature', 'ootd'), ('nature', 'outfit'), ('nature', 'vacation'), ('ootd', 'outfit'), ('ootd', 'vacation'), ('outfit', 'vacation')]"
synthetic_post_0408.jpg,862,"[('art', 'artist'), ('art', 'creative'), ('art', 'illustration'), ('art', 'ootd'), ('artist', 'creative'), ('artist', 'illustration'), ('artist', 'ootd'), ('creative', 'illustration'), ('creative', 'ootd'), ('illustration', 'ootd')]"
synthetic_post_0409.jpg,700,"[('fitness', 'motivation')]"
synthetic_post_0410.jpg,873,"[('beauty', 'delicious'), ('beauty', 'fashion'), ('beauty', 'model'), ('beauty', 'ootd'), ('delicious', 'fashion'), ('delicious', 'model'), ('delicious', 'ootd'), ('fashion', 'model'), ('fashion', 'ootd'), ('model', 'ootd')]"
synthetic_post_0411.jpg,1274,"[('chef', 'foodie'), ('chef', 'happy'), ('chef', 'homemade'), ('chef', 'instafood'), ('chef', 'tech'), ('foodie', 'happy'), ('foodie', 'homemade'), ('foodie', 'instafood'), ('foodie', 'tech'), ('happy', 'homemade'), ('happy', 'instafood'), ('happy', 'tech'), ('homemade', 'instafood'), ('homemade', 'tech'), ('instafood', 'tech')]"
synthetic_post_0412.jpg,674,"[('outfit', 'streetstyle'), ('outfit', 'workout'), ('streetstyle', 'workout')]"
synthetic_post_0413.jpg,960,"[('creative', 'drawing'), ('creative', 'illustration'), ('creative', 'training'), ('creative', 'workout'), ('drawing', 'illustration'), ('drawing', 'training'), ('drawing', 'workout'), ('illustration', 'training'), ('illustration', 'workout'), ('training', 'workout')]"
synthetic_post_0414.jpg,472,"[('creative', 'illustration'), ('creative', 'love'), ('illustration', 'love')]"
synthetic_post_0415.jpg,937,"[('delicious', 'fitness'), ('delicious', 'gym'), ('delicious', 'life'), ('delicious', 'training'), ('delicious', 'workout'), ('fitness', 'gym'), ('fitness', 'life'), ('fitness', 'training'), ('fitness', 'workout'), ('gym', 'life'), ('gym', 'training'), ('gym', 'workout'), ('life', 'training'), ('life', 'workout'), ('training', 'workout')]"
synthetic_post_0416.jpg,968,"[('art', 'artist'), ('art', 'drawing'), ('art', 'gallery'), ('art', 'happy'), ('artist', 'drawing'), ('artist', 'gallery'), ('artist', 'happy'), ('drawing', 'gallery'), ('drawing', 'happy'), ('gallery', 'happy')]"
synthetic_post_0417.jpg,1011,"[('chef', 'explore'), ('chef', 'foodie'), ('chef', 'like4like'), ('chef', 'travel'), ('chef', 'yummy'), ('explore', 'foodie'), ('explore', 'like4like'), ('explore', 'travel'), ('explore', 'yummy'), ('foodie', 'like4like'), ('foodie', 'travel'), ('foodie', 'yummy'), ('like4like', 'travel'), ('like4like', 'yummy'), ('travel', 'yummy')]"
synthetic_post_0418.jpg,882,"[('artist', 'delicious'), ('artist', 'foodie'), ('artist', 'foodporn'), ('artist', 'illustration'), ('delicious', 'foodie'), ('delicious', 'foodporn'), ('delicious', 'illustration'), ('foodie', 'foodporn'), ('foodie', 'illustration'), ('foodporn', 'illustration')]"
synthetic_post_0419.jpg,1013,"[('fashion', 'instagood'), ('fashion', 'model'), ('fashion', 'photography'), ('fashion', 'style'), ('instagood', 'model'), ('instagood', 'photography'), ('instagood', 'style'), ('model', 'photography'), ('model', 'style'), ('photography', 'style')]"
synthetic_post_0420.jpg,808,"[('design', 'streetstyle'), ('design', 'style'), ('streetstyle', 'style')]"
synthetic_post_0421.jpg,878,"[('explore', 'gallery'), ('explore', 'nature'), ('explore', 'photography'), ('explore', 'travel'), ('gallery', 'nature'), ('gallery', 'photography'), ('gallery', 'travel'), ('nature', 'photography'), ('nature', 'travel'), ('photography', 'travel')]"
synthetic_post_0422.jpg,814,"[('drawing', 'fashion'), ('drawing', 'gallery'), ('drawing', 'outfit'), ('fashion', 'gallery'), ('fashion', 'outfit'), ('gallery', 'outfit')]"
synthetic_post_0423.jpg,483,"[('beauty', 'streetstyle')]"
synthetic_post_0424.jpg,642,"[('fitfam', 'fitness'), ('fitfam', 'gallery'), ('fitness', 'gallery')]"
synthetic_post_0425.jpg,828,"[('art', 'design'), ('art', 'drawing'), ('art', 'foodporn'), ('design', 'drawing'), ('design', 'foodporn'), ('drawing', 'foodporn')]"
synthetic_post_0426.jpg,1326,"[('ai', 'foodie'), ('ai', 'innovation'), ('ai', 'software'), ('ai', 'tech'), ('foodie', 'innovation'), ('foodie', 'software'), ('foodie', 'tech'), ('innovation', 'software'), ('innovation', 'tech'), ('software', 'tech')]"
synthetic_post_0427.jpg,854,"[('chef', 'foodie'), ('chef', 'gym'), ('chef', 'health'), ('chef', 'like4like'), ('foodie', 'gym'), ('foodie', 'health'), ('foodie', 'like4like'), ('gym', 'health'), ('gym', 'like4like'), ('health', 'like4like')]"
synthetic_post_0428.jpg,1431,"[('delicious', 'foodie'), ('delicious', 'foodporn'), ('delicious', 'love'), ('delicious', 'travel'), ('delicious', 'vacation'), ('delicious', 'yummy'), ('foodie', 'foodporn'), ('foodie', 'love'), ('foodie', 'travel'), ('foodie', 'vacation'), ('foodie', 'yummy'), ('foodporn', 'love'), ('foodporn', 'travel'), ('foodporn', 'vacation'), ('foodporn', 'yummy'), ('love', 'travel'), ('love', 'vacation'), ('love', 'yummy'), ('travel', 'vacation'), ('travel', 'yummy'), ('vacation', 'yummy')]"
synthetic_post_0429.jpg,1092,"[('artist', 'design'), ('artist', 'gallery'), ('artist', 'happy'), ('artist', 'health'), ('artist', 'illustration'), ('design', 'gallery'), ('design', 'happy'), ('design', 'health'), ('design', 'illustration'), ('gallery', 'happy'), ('gallery', 'health'), ('gallery', 'illustration'), ('happy', 'health'), ('happy', 'illustration'), ('health', 'illustration')]"
synthetic_post_0430.jpg,893,"[('delicious', 'foodie'), ('delicious', 'foodporn'), ('delicious', 'instafood'), ('delicious', 'photography'), ('delicious', 'vacation'), ('foodie', 'foodporn'), ('foodie', 'instafood'), ('foodie', 'photography'), ('foodie', 'vacation'), ('foodporn', 'instafood'), ('foodporn', 'photography'), ('foodporn', 'vacation'), ('instafood', 'photography'), ('instafood', 'vacation'), ('photography', 'vacation')]"
synthetic_post_0431.jpg,585,"[('chef', 'delicious'), ('chef', 'foodie'), ('chef', 'instafood'), ('chef', 'photooftheday'), ('delicious', 'foodie'), ('delicious', 'instafood'), ('delicious', 'photooftheday'), ('foodie', 'instafood'), ('foodie', 'photooftheday'), ('instafood', 'photooftheday')]"
synthetic_post_0432.jpg,1070,"[('delicious', 'foodie'), ('delicious', 'homemade'), ('delicious', 'photography'), ('foodie', 'homemade'), ('foodie', 'photography'), ('homemade', 'photography')]"
synthetic_post_0433.jpg,681,"[('chef', 'foodporn'), ('chef', 'gym'), ('chef', 'instagood'), ('chef', 'motivation'), ('foodporn', 'gym'), ('foodporn', 'instagood'), ('foodporn', 'motivation'), ('gym', 'instagood'), ('gym', 'motivation'), ('instagood', 'motivation')]"
synthetic_post_0434.jpg,762,"[('ai', 'developer'), ('ai', 'outfit'), ('developer', 'outfit')]"
synthetic_post_0435.jpg,630,"[('artist', 'creative'), ('artist', 'software'), ('creative', 'software')]"
synthetic_post_0436.jpg,466,"[('ai', 'tech')]"
synthetic_post_0437.jpg,947,"[('creative', 'delicious'), ('creative', 'design'), ('delicious', 'design')]"
synthetic_post_0438.jpg,1134,"[('adventure', 'fashion'), ('adventure', 'photography'), ('adventure', 'style'), ('adventure', 'travel'), ('adventure', 'vacation'), ('fashion', 'photography'), ('fashion', 'style'), ('fashion', 'travel'), ('fashion', 'vacation'), ('photography', 'style'), ('photography', 'travel'), ('photography', 'vacation'), ('style', 'travel'), ('style', 'vacation'), ('travel', 'vacation')]"
synthetic_post_0439.jpg,768,"[('design', 'drawing'), ('design', 'photography'), ('design', 'wanderlust'), ('drawing', 'photography'), ('drawing', 'wanderlust'), ('photography', 'wanderlust')]"
synthetic_post_0440.jpg,903,"[('design', 'fitness'), ('design', 'motivation'), ('design', 'training'), ('fitness', 'motivation'), ('fitness', 'training'), ('motivation', 'training')]"
synthetic_post_0441.jpg,1100,"[('chef', 'developer'), ('chef', 'foodie'), ('chef', 'happy'), ('chef', 'software'), ('chef', 'startup'), ('chef', 'tech'), ('developer', 'foodie'), ('developer', 'happy'), ('developer', 'software'), ('developer', 'startup'), ('developer', 'tech'), ('foodie', 'happy'), ('foodie', 'software'), ('foodie', 'startup'), ('foodie', 'tech'), ('happy', 'software'), ('happy', 'startup'), ('happy', 'tech'), ('software', 'startup'), ('software', 'tech'), ('startup', 'tech')]"
synthetic_post_0442.jpg,821,"[('delicious', 'foodie'), ('delicious', 'health'), ('delicious', 'motivation'), ('foodie', 'health'), ('foodie', 'motivation'), ('health', 'motivation')]"
synthetic_post_0443.jpg,944,"[('adventure', 'nature'), ('adventure', 'training'), ('adventure', 'workout'), ('nature', 'training'), ('nature', 'workout'), ('training', 'workout')]"
synthetic_post_0444.jpg,357,"[('artist', 'design'), ('artist', 'happy'), ('design', 'happy')]"
synthetic_post_0445.jpg,1091,"[('artist', 'gallery'), ('artist', 'illustration'), ('artist', 'instafood'), ('gallery', 'illustration'), ('gallery', 'instafood'), ('illustration', 'instafood')]"
synthetic_post_0446.jpg,576,"[('artist', 'creative'), ('artist', 'like4like'), ('creative', 'like4like')]"
synthetic_post_0447.jpg,1212,"[('ai', 'artist'), ('ai', 'illustration'), ('ai', 'innovation'), ('ai', 'software'), ('ai', 'startup'), ('artist', 'illustration'), ('artist', 'innovation'), ('artist', 'software'), ('artist', 'startup'), ('illustration', 'innovation'), ('illustration', 'software'), ('illustration', 'startup'), ('innovation', 'software'), ('innovation', 'startup'), ('software', 'startup')]"
synthetic_post_0448.jpg,634,"[('adventure', 'explore'), ('adventure', 'homemade'), ('adventure', 'wanderlust'), ('explore', 'homemade'), ('explore', 'wanderlust'), ('homemade', 'wanderlust')]"
synthetic_post_0449.jpg,689,"[('coding', 'fitfam'), ('coding', 'software'), ('coding', 'workout'), ('fitfam', 'software'), ('fitfam', 'workout'), ('software', 'workout')]"
synthetic_post_0450.jpg,784,"[('chef', 'coding'), ('chef', 'foodie'), ('chef', 'software'), ('chef', 'yummy'), ('coding', 'foodie'), ('coding', 'software'), ('coding', 'yummy'), ('foodie', 'software'), ('foodie', 'yummy'), ('software', 'yummy')]"
synthetic_post_0451.jpg,730,"[('fitness', 'model'), ('fitness', 'motivation'), ('fitness', 'outfit'), ('fitness', 'streetstyle'), ('fitness', 'style'), ('model', 'motivation'), ('model', 'outfit'), ('model', 'streetstyle'), ('model', 'style'), ('motivation', 'outfit'), ('motivation', 'streetstyle'), ('motivation', 'style'), ('outfit', 'streetstyle'), ('outfit', 'style'), ('streetstyle', 'style')]"
synthetic_post_0452.jpg,727,"[('fashion', 'health'), ('fashion', 'ootd'), ('health', 'ootd')]"
synthetic_post_0453.jpg,655,"[('ai', 'developer'), ('ai', 'instagood'), ('ai', 'model'), ('developer', 'instagood'), ('developer', 'model'), ('instagood', 'model')]"
synthetic_post_0454.jpg,625,"[('fitness', 'happy'), ('fitness', 'health'), ('fitness', 'training'), ('happy', 'health'), ('happy', 'training'), ('health', 'training')]"
synthetic_post_0455.jpg,480,"[('coding', 'like4like'), ('coding', 'software'), ('like4like', 'software')]"
synthetic_post_0456.jpg,949,"[('artist', 'design'), ('artist', 'gym'), ('artist', 'happy'), ('artist', 'illustration'), ('design', 'gym'), ('design', 'happy'), ('design', 'illustration'), ('gym', 'happy'), ('gym', 'illustration'), ('happy', 'illustration')]"
synthetic_post_0457.jpg,1062,"[('foodporn', 'instafood'), ('foodporn', 'photography'), ('foodporn', 'vacation'), ('instafood', 'photography'), ('instafood', 'vacation'), ('photography', 'vacation')]"
synthetic_post_0458.jpg,1324,"[('explore', 'fitfam'), ('explore', 'health'), ('explore', 'nature'), ('explore', 'travel'), ('fitfam', 'health'), ('fitfam', 'nature'), ('fitfam', 'travel'), ('health', 'nature'), ('health', 'travel'), ('nature', 'travel')]"
synthetic_post_0459.jpg,871,"[('coding', 'foodporn'), ('coding', 'innovation'), ('coding', 'instafood'), ('coding', 'love'), ('foodporn', 'innovation'), ('foodporn', 'instafood'), ('foodporn', 'love'), ('innovation', 'instafood'), ('innovation', 'love'), ('instafood', 'love')]"
synthetic_post_0460.jpg,605,"[('coding', 'gallery'), ('coding', 'like4like'), ('coding', 'startup'), ('gallery', 'like4like'), ('gallery', 'startup'), ('like4like', 'startup')]"
synthetic_post_0461.jpg,829,"[('ai', 'developer'), ('ai', 'explore'), ('ai', 'photography'), ('ai', 'travel'), ('ai', 'wanderlust'), ('developer', 'explore'), ('developer', 'photography'), ('developer', 'travel'), ('developer', 'wanderlust'), ('explore', 'photography'), ('explore', 'travel'), ('explore', 'wanderlust'), ('photography', 'travel'), ('photography', 'wanderlust'), ('travel', 'wanderlust')]"
synthetic_post_0462.jpg,765,"[('innovation', 'software'), ('innovation', 'startup'), ('innovation', 'tech'), ('software', 'startup'), ('software', 'tech'), ('startup', 'tech')]"
synthetic_post_0463.jpg,566,"[('design', 'followme'), ('design', 'gallery'), ('design', 'gym'), ('design', 'motivation'), ('followme', 'gallery'), ('followme', 'gym'), ('followme', 'motivation'), ('gallery', 'gym'), ('gallery', 'motivation'), ('gym', 'motivation')]"
synthetic_post_0464.jpg,275,"[('homemade', 'yummy')]"
synthetic_post_0465.jpg,456,"[('adventure', 'nature'), ('adventure', 'photooftheday'), ('adventure', 'travel'), ('adventure', 'vacation'), ('nature', 'photooftheday'), ('nature', 'travel'), ('nature', 'vacation'), ('photooftheday', 'travel'), ('photooftheday', 'vacation'), ('travel', 'vacation')]"
synthetic_post_0466.jpg,644,"[('developer', 'followme'), ('developer', 'foodie'), ('developer', 'innovation'), ('followme', 'foodie'), ('followme', 'innovation'), ('foodie', 'innovation')]"
synthetic_post_0467.jpg,585,"[('instagood', 'nature'), ('instagood', 'software'), ('instagood', 'startup'), ('nature', 'software'), ('nature', 'startup'), ('software', 'startup')]"
synthetic_post_0468.jpg,844,"[('artist', 'drawing'), ('artist', 'fashion'), ('artist', 'illustration'), ('artist', 'model'), ('artist', 'photooftheday'), ('drawing', 'fashion'), ('drawing', 'illustration'), ('drawing', 'model'), ('drawing', 'photooftheday'), ('fashion', 'illustration'), ('fashion', 'model'), ('fashion', 'photooftheday'), ('illustration', 'model'), ('illustration', 'photooftheday'), ('model', 'photooftheday')]"
synthetic_post_0469.jpg,1004,"[('explore', 'fitness'), ('explore', 'gym'), ('explore', 'health'), ('explore', 'vacation'), ('fitness', 'gym'), ('fitness', 'health'), ('fitness', 'vacation'), ('gym', 'health'), ('gym', 'vacation'), ('health', 'vacation')]"
synthetic_post_0470.jpg,1035,"[('fitfam', 'gym'), ('fitfam', 'love'), ('fitfam', 'motivation'), ('fitfam', 'ootd'), ('fitfam', 'outfit'), ('fitfam', 'workout'), ('gym', 'love'), ('gym', 'motivation'), ('gym', 'ootd'), ('gym', 'outfit'), ('gym', 'workout'), ('love', 'motivation'), ('love', 'ootd'), ('love', 'outfit'), ('love', 'workout'), ('motivation', 'ootd'), ('motivation', 'outfit'), ('motivation', 'workout'), ('ootd', 'outfit'), ('ootd', 'workout'), ('outfit', 'workout')]"
synthetic_post_0471.jpg,954,"[('ai', 'beauty'), ('ai', 'fashion'), ('ai', 'innovation'), ('ai', 'model'), ('ai', 'style'), ('beauty', 'fashion'), ('beauty', 'innovation'), ('beauty', 'model'), ('beauty', 'style'), ('fashion', 'innovation'), ('fashion', 'model'), ('fashion', 'style'), ('innovation', 'model'), ('innovation', 'style'), ('model', 'style')]"
synthetic_post_0472.jpg,1121,"[('ai', 'coding'), ('ai', 'model'), ('ai', 'ootd'), ('coding', 'model'), ('coding', 'ootd'), ('model', 'ootd')]"
synthetic_post_0473.jpg,467,"[('ai', 'fitness'), ('ai', 'happy'), ('ai', 'software'), ('fitness', 'happy'), ('fitness', 'software'), ('happy', 'software')]"
synthetic_post_0474.jpg,607,"[('design', 'explore'), ('design', 'illustration'), ('design', 'wanderlust'), ('explore', 'illustration'), ('explore', 'wanderlust'), ('illustration', 'wanderlust')]"
synthetic_post_0475.jpg,984,"[('beauty', 'creative'), ('beauty', 'gallery'), ('beauty', 'illustration'), ('beauty', 'streetstyle'), ('creative', 'gallery'), ('creative', 'illustration'), ('creative', 'streetstyle'), ('gallery', 'illustration'), ('gallery', 'streetstyle'), ('illustration', 'streetstyle')]"
synthetic_post_0476.jpg,433,"[('fashion', 'style')]"
synthetic_post_0477.jpg,1224,"[('beauty', 'model'), ('beauty', 'nature'), ('beauty', 'outfit'), ('beauty', 'streetstyle'), ('beauty', 'wanderlust'), ('model', 'nature'), ('model', 'outfit'), ('model', 'streetstyle'), ('model', 'wanderlust'), ('nature', 'outfit'), ('nature', 'streetstyle'), ('nature', 'wanderlust'), ('outfit', 'streetstyle'), ('outfit', 'wanderlust'), ('streetstyle', 'wanderlust')]"
synthetic_post_0478.jpg,692,"[('explore', 'nature'), ('explore', 'travel'), ('explore', 'wanderlust'), ('nature', 'travel'), ('nature', 'wanderlust'), ('travel', 'wanderlust')]"
synthetic_post_0479.jpg,936,"[('fitness', 'gym'), ('fitness', 'motivation'), ('fitness', 'style'), ('gym', 'motivation'), ('gym', 'style'), ('motivation', 'style')]"
synthetic_post_0480.jpg,930,"[('adventure', 'developer'), ('adventure', 'photography'), ('adventure', 'tech'), ('adventure', 'travel'), ('developer', 'photography'), ('developer', 'tech'), ('developer', 'travel'), ('photography', 'tech'), ('photography', 'travel'), ('tech', 'travel')]"
synthetic_post_0481.jpg,1103,"[('happy', 'model'), ('happy', 'nature'), ('happy', 'ootd'), ('happy', 'outfit'), ('happy', 'style'), ('happy', 'wanderlust'), ('model', 'nature'), ('model', 'ootd'), ('model', 'outfit'), ('model', 'style'), ('model', 'wanderlust'), ('nature', 'ootd'), ('nature', 'outfit'), ('nature', 'style'), ('nature', 'wanderlust'), ('ootd', 'outfit'), ('ootd', 'style'), ('ootd', 'wanderlust'), ('outfit', 'style'), ('outfit', 'wanderlust'), ('style', 'wanderlust')]"
synthetic_post_0482.jpg,1389,"[('adventure', 'health'), ('adventure', 'love'), ('adventure', 'nature'), ('adventure', 'travel'), ('adventure', 'wanderlust'), ('health', 'love'), ('health', 'nature'), ('health', 'travel'), ('health', 'wanderlust'), ('love', 'nature'), ('love', 'travel'), ('love', 'wanderlust'), ('nature', 'travel'), ('nature', 'wanderlust'), ('travel', 'wanderlust')]"
synthetic_post_0483.jpg,1437,"[('creative', 'design'), ('creative', 'drawing'), ('creative', 'fitfam'), ('creative', 'gallery'), ('design', 'drawing'), ('design', 'fitfam'), ('design', 'gallery'), ('drawing', 'fitfam'), ('drawing', 'gallery'), ('fitfam', 'gallery')]"
synthetic_post_0484.jpg,1307,"[('foodporn', 'homemade'), ('foodporn', 'innovation'), ('foodporn', 'startup'), ('foodporn', 'yummy'), ('homemade', 'innovation'), ('homemade', 'startup'), ('homemade', 'yummy'), ('innovation', 'startup'), ('innovation', 'yummy'), ('startup', 'yummy')]"
synthetic_post_0485.jpg,822,"[('delicious', 'homemade'), ('delicious', 'instafood'), ('delicious', 'like4like'), ('delicious', 'yummy'), ('homemade', 'instafood'), ('homemade', 'like4like'), ('homemade', 'yummy'), ('instafood', 'like4like'), ('instafood', 'yummy'), ('like4like', 'yummy')]"
synthetic_post_0486.jpg,559,"[('artist', 'coding'), ('artist', 'design'), ('artist', 'instagood'), ('coding', 'design'), ('coding', 'instagood'), ('design', 'instagood')]"
synthetic_post_0487.jpg,429,"[('foodie', 'health'), ('foodie', 'instafood'), ('foodie', 'like4like'), ('foodie', 'motivation'), ('health', 'instafood'), ('health', 'like4like'), ('health', 'motivation'), ('instafood', 'like4like'), ('instafood', 'motivation'), ('like4like', 'motivation')]"
synthetic_post_0488.jpg,920,"[('beauty', 'model'), ('beauty', 'photography'), ('beauty', 'travel'), ('beauty', 'vacation'), ('model', 'photography'), ('model', 'travel'), ('model', 'vacation'), ('photography', 'travel'), ('photography', 'vacation'), ('travel', 'vacation')]"
synthetic_post_0489.jpg,760,"[('explore', 'fashion'), ('explore', 'nature'), ('explore', 'streetstyle'), ('fashion', 'nature'), ('fashion', 'streetstyle'), ('nature', 'streetstyle')]"
synthetic_post_0490.jpg,1073,"[('fitness', 'health'), ('fitness', 'ootd'), ('fitness', 'streetstyle'), ('fitness', 'workout'), ('health', 'ootd'), ('health', 'streetstyle'), ('health', 'workout'), ('ootd', 'streetstyle'), ('ootd', 'workout'), ('streetstyle', 'workout')]"
synthetic_post_0491.jpg,780,"[('chef', 'homemade'), ('chef', 'instafood'), ('chef', 'motivation'), ('homemade', 'instafood'), ('homemade', 'motivation'), ('instafood', 'motivation')]"
synthetic_post_0492.jpg,642,"[('art', 'drawing'), ('art', 'gallery'), ('drawing', 'gallery')]"
synthetic_post_0493.jpg,717,"[('adventure', 'chef'), ('adventure', 'homemade'), ('adventure', 'vacation'), ('adventure', 'wanderlust'), ('chef', 'homemade'), ('chef', 'vacation'), ('chef', 'wanderlust'), ('homemade', 'vacation'), ('homemade', 'wanderlust'), ('vacation', 'wanderlust')]"
synthetic_post_0494.jpg,902,"[('artist', 'fashion'), ('artist', 'gallery'), ('artist', 'life'), ('artist', 'streetstyle'), ('fashion', 'gallery'), ('fashion', 'life'), ('fashion', 'streetstyle'), ('gallery', 'life'), ('gallery', 'streetstyle'), ('life', 'streetstyle')]"
synthetic_post_0495.jpg,807,"[('artist', 'delicious'), ('artist', 'design'), ('artist', 'instafood'), ('artist', 'instagood'), ('delicious', 'design'), ('delicious', 'instafood'), ('delicious', 'instagood'), ('design', 'instafood'), ('design', 'instagood'), ('instafood', 'instagood')]"
synthetic_post_0496.jpg,853,"[('artist', 'chef'), ('artist', 'drawing'), ('artist', 'happy'), ('artist', 'illustration'), ('artist', 'instafood'), ('chef', 'drawing'), ('chef', 'happy'), ('chef', 'illustration'), ('chef', 'instafood'), ('drawing', 'happy'), ('drawing', 'illustration'), ('drawing', 'instafood'), ('happy', 'illustration'), ('happy', 'instafood'), ('illustration', 'instafood')]"
synthetic_post_0497.jpg,710,"[('ai', 'coding'), ('ai', 'creative'), ('ai', 'innovation'), ('ai', 'tech'), ('coding', 'creative'), ('coding', 'innovation'), ('coding', 'tech'), ('creative', 'innovation'), ('creative', 'tech'), ('innovation', 'tech')]"
synthetic_post_0498.jpg,1012,"[('chef', 'fitfam'), ('chef', 'fitness'), ('chef', 'health'), ('chef', 'homemade'), ('chef', 'training'), ('fitfam', 'fitness'), ('fitfam', 'health'), ('fitfam', 'homemade'), ('fitfam', 'training'), ('fitness', 'health'), ('fitness', 'homemade'), ('fitness', 'training'), ('health', 'homemade'), ('health', 'training'), ('homemade', 'training')]"
synthetic_post_0499.jpg,727,"[('beauty', 'delicious'), ('beauty', 'foodporn'), ('beauty', 'instagood'), ('beauty', 'model'), ('delicious', 'foodporn'), ('delicious', 'instagood'), ('delicious', 'model'), ('foodporn', 'instagood'), ('foodporn', 'model'), ('instagood', 'model')]"
synthetic_post_0500.jpg,1153,"[('chef', 'fitfam'), ('chef', 'foodie'), ('chef', 'homemade'), ('chef', 'photooftheday'), ('chef', 'yummy'), ('fitfam', 'foodie'), ('fitfam', 'homemade'), ('fitfam', 'photooftheday'), ('fitfam', 'yummy'), ('foodie', 'homemade'), ('foodie', 'photooftheday'), ('foodie', 'yummy'), ('homemade', 'photooftheday'), ('homemade', 'yummy'), ('photooftheday', 'yummy')]"
synthetic_post_0501.jpg,892,"[('coding', 'developer'), ('coding', 'explore'), ('coding', 'nature'), ('developer', 'explore'), ('developer', 'nature'), ('explore', 'nature')]"
synthetic_post_0502.jpg,896,"[('creative', 'fashion'), ('creative', 'happy'), ('creative', 'streetstyle'), ('creative', 'style'), ('fashion', 'happy'), ('fashion', 'streetstyle'), ('fashion', 'style'), ('happy', 'streetstyle'), ('happy', 'style'), ('streetstyle', 'style')]"
synthetic_post_0503.jpg,725,"[('fitfam', 'foodie'), ('fitfam', 'instafood'), ('foodie', 'instafood')]"
synthetic_post_0504.jpg,878,"[('beauty', 'motivation'), ('beauty', 'style'), ('beauty', 'workout'), ('motivation', 'style'), ('motivation', 'workout'), ('style', 'workout')]"
synthetic_post_0505.jpg,1336,"[('adventure', 'foodporn'), ('adventure', 'instafood'), ('adventure', 'photooftheday'), ('adventure', 'travel'), ('adventure', 'yummy'), ('foodporn', 'instafood'), ('foodporn', 'photooftheday'), ('foodporn', 'travel'), ('foodporn', 'yummy'), ('instafood', 'photooftheday'), ('instafood', 'travel'), ('instafood', 'yummy'), ('photooftheday', 'travel'), ('photooftheday', 'yummy'), ('travel', 'yummy')]"
synthetic_post_0506.jpg,751,"[('life', 'training'), ('life', 'vacation'), ('life', 'workout'), ('training', 'vacation'), ('training', 'workout'), ('vacation', 'workout')]"
synthetic_post_0507.jpg,760,"[('chef', 'foodie'), ('chef', 'homemade'), ('chef', 'instafood'), ('chef', 'love'), ('chef', 'outfit'), ('foodie', 'homemade'), ('foodie', 'instafood'), ('foodie', 'love'), ('foodie', 'outfit'), ('homemade', 'instafood'), ('homemade', 'love'), ('homemade', 'outfit'), ('instafood', 'love'), ('instafood', 'outfit'), ('love', 'outfit')]"
synthetic_post_0508.jpg,901,"[('art', 'creative'), ('art', 'drawing'), ('art', 'gallery'), ('art', 'motivation'), ('art', 'workout'), ('creative', 'drawing'), ('creative', 'gallery'), ('creative', 'motivation'), ('creative', 'workout'), ('drawing', 'gallery'), ('drawing', 'motivation'), ('drawing', 'workout'), ('gallery', 'motivation'), ('gallery', 'workout'), ('motivation', 'workout')]"
synthetic_post_0509.jpg,1190,"[('art', 'design'), ('art', 'drawing'), ('art', 'illustration'), ('art', 'vacation'), ('art', 'wanderlust'), ('design', 'drawing'), ('design', 'illustration'), ('design', 'vacation'), ('design', 'wanderlust'), ('drawing', 'illustration'), ('drawing', 'vacation'), ('drawing', 'wanderlust'), ('illustration', 'vacation'), ('illustration', 'wanderlust'), ('vacation', 'wanderlust')]"
synthetic_post_0510.jpg,1036,"[('creative', 'drawing'), ('creative', 'fitfam'), ('creative', 'fitness'), ('creative', 'gym'), ('creative', 'workout'), ('drawing', 'fitfam'), ('drawing', 'fitness'), ('drawing', 'gym'), ('drawing', 'workout'), ('fitfam', 'fitness'), ('fitfam', 'gym'), ('fitfam', 'workout'), ('fitness', 'gym'), ('fitness', 'workout'), ('gym', 'workout')]"
synthetic_post_0511.jpg,669,"[('ootd', 'outfit'), ('ootd', 'streetstyle'), ('outfit', 'streetstyle')]"
synthetic_post_0512.jpg,1214,"[('adventure', 'ai'), ('adventure', 'photography'), ('adventure', 'wanderlust'), ('ai', 'photography'), ('ai', 'wanderlust'), ('photography', 'wanderlust')]"
synthetic_post_0513.jpg,805,"[('gym', 'model'), ('gym', 'style'), ('gym', 'training'), ('model', 'style'), ('model', 'training'), ('style', 'training')]"
synthetic_post_0514.jpg,595,"[('model', 'outfit')]"
synthetic_post_0515.jpg,583,"[('artist', 'design'), ('artist', 'gallery'), ('artist', 'happy'), ('design', 'gallery'), ('design', 'happy'), ('gallery', 'happy')]"
synthetic_post_0516.jpg,536,"[('delicious', 'followme'), ('delicious', 'homemade'), ('followme', 'homemade')]"
synthetic_post_0517.jpg,1433,"[('adventure', 'chef'), ('adventure', 'delicious'), ('adventure', 'followme'), ('adventure', 'nature'), ('adventure', 'photography'), ('adventure', 'vacation'), ('chef', 'delicious'), ('chef', 'followme'), ('chef', 'nature'), ('chef', 'photography'), ('chef', 'vacation'), ('delicious', 'followme'), ('delicious', 'nature'), ('delicious', 'photography'), ('delicious', 'vacation'), ('followme', 'nature'), ('followme', 'photography'), ('followme', 'vacation'), ('nature', 'photography'), ('nature', 'vacation'), ('photography', 'vacation')]"
synthetic_post_0518.jpg,647,"[('foodporn', 'homemade'), ('foodporn', 'wanderlust'), ('homemade', 'wanderlust')]"
synthetic_post_0519.jpg,1062,"[('fashion', 'foodporn'), ('fashion', 'model'), ('fashion', 'outfit'), ('foodporn', 'model'), ('foodporn', 'outfit'), ('model', 'outfit')]"
synthetic_post_0520.jpg,937,"[('fitness', 'innovation'), ('fitness', 'training'), ('fitness', 'workout'), ('innovation', 'training'), ('innovation', 'workout'), ('training', 'workout')]"
synthetic_post_0521.jpg,1124,"[('life', 'model'), ('life', 'outfit'), ('life', 'startup'), ('life', 'streetstyle'), ('life', 'style'), ('model', 'outfit'), ('model', 'startup'), ('model', 'streetstyle'), ('model', 'style'), ('outfit', 'startup'), ('outfit', 'streetstyle'), ('outfit', 'style'), ('startup', 'streetstyle'), ('startup', 'style'), ('streetstyle', 'style')]"
synthetic_post_0522.jpg,864,"[('ai', 'artist'), ('ai', 'innovation'), ('ai', 'instagood'), ('ai', 'software'), ('artist', 'innovation'), ('artist', 'instagood'), ('artist', 'software'), ('innovation', 'instagood'), ('innovation', 'software'), ('instagood', 'software')]"
synthetic_post_0523.jpg,1048,"[('ai', 'coding'), ('ai', 'developer'), ('ai', 'drawing'), ('ai', 'gallery'), ('ai', 'software'), ('coding', 'developer'), ('coding', 'drawing'), ('coding', 'gallery'), ('coding', 'software'), ('developer', 'drawing'), ('developer', 'gallery'), ('developer', 'software'), ('drawing', 'gallery'), ('drawing', 'software'), ('gallery', 'software')]"
synthetic_post_0524.jpg,576,"[('delicious', 'foodporn')]"
synthetic_post_0525.jpg,805,"[('gym', 'motivation'), ('gym', 'training'), ('motivation', 'training')]"
synthetic_post_0526.jpg,815,"[('adventure', 'developer'), ('adventure', 'explore'), ('adventure', 'software'), ('developer', 'explore'), ('developer', 'software'), ('explore', 'software')]"
synthetic_post_0527.jpg,679,"[('beauty', 'streetstyle'), ('beauty', 'vacation'), ('streetstyle', 'vacation')]"
synthetic_post_0528.jpg,880,"[('art', 'design'), ('art', 'gallery'), ('art', 'illustration'), ('art', 'like4like'), ('art', 'motivation'), ('design', 'gallery'), ('design', 'illustration'), ('design', 'like4like'), ('design', 'motivation'), ('gallery', 'illustration'), ('gallery', 'like4like'), ('gallery', 'motivation'), ('illustration', 'like4like'), ('illustration', 'motivation'), ('like4like', 'motivation')]"
synthetic_post_0529.jpg,1225,"[('fashion', 'motivation'), ('fashion', 'streetstyle'), ('fashion', 'style'), ('fashion', 'workout'), ('motivation', 'streetstyle'), ('motivation', 'style'), ('motivation', 'workout'), ('streetstyle', 'style'), ('streetstyle', 'workout'), ('style', 'workout')]"
synthetic_post_0530.jpg,567,"[('ootd', 'outfit'), ('ootd', 'streetstyle'), ('outfit', 'streetstyle')]"
synthetic_post_0531.jpg,1114,"[('beauty', 'fashion'), ('beauty', 'fitfam'), ('beauty', 'fitness'), ('fashion', 'fitfam'), ('fashion', 'fitness'), ('fitfam', 'fitness')]"
synthetic_post_0532.jpg,1092,"[('creative', 'drawing'), ('creative', 'gallery'), ('creative', 'illustration'), ('creative', 'photooftheday'), ('drawing', 'gallery'), ('drawing', 'illustration'), ('drawing', 'photooftheday'), ('gallery', 'illustration'), ('gallery', 'photooftheday'), ('illustration', 'photooftheday')]"
synthetic_post_0533.jpg,1106,"[('art', 'artist'), ('art', 'creative'), ('art', 'design'), ('art', 'followme'), ('art', 'health'), ('artist', 'creative'), ('artist', 'design'), ('artist', 'followme'), ('artist', 'health'), ('creative', 'design'), ('creative', 'followme'), ('creative', 'health'), ('design', 'followme'), ('design', 'health'), ('followme', 'health')]"
synthetic_post_0534.jpg,802,"[('coding', 'developer'), ('coding', 'innovation'), ('coding', 'tech'), ('coding', 'training'), ('developer', 'innovation'), ('developer', 'tech'), ('developer', 'training'), ('innovation', 'tech'), ('innovation', 'training'), ('tech', 'training')]"
synthetic_post_0535.jpg,437,"[('fitness', 'health'), ('fitness', 'training'), ('fitness', 'workout'), ('health', 'training'), ('health', 'workout'), ('training', 'workout')]"
synthetic_post_0536.jpg,1207,"[('artist', 'developer'), ('artist', 'drawing'), ('artist', 'gallery'), ('artist', 'illustration'), ('artist', 'software'), ('developer', 'drawing'), ('developer', 'gallery'), ('developer', 'illustration'), ('developer', 'software'), ('drawing', 'gallery'), ('drawing', 'illustration'), ('drawing', 'software'), ('gallery', 'illustration'), ('gallery', 'software'), ('illustration', 'software')]"
synthetic_post_0537.jpg,315,"[('developer', 'software')]"
synthetic_post_0538.jpg,1112,"[('foodie', 'model'), ('foodie', 'streetstyle'), ('foodie', 'yummy'), ('model', 'streetstyle'), ('model', 'yummy'), ('streetstyle', 'yummy')]"
synthetic_post_0539.jpg,1056,"[('artist', 'design'), ('artist', 'drawing'), ('artist', 'followme'), ('artist', 'illustration'), ('artist', 'model'), ('artist', 'outfit'), ('design', 'drawing'), ('design', 'followme'), ('design', 'illustration'), ('design', 'model'), ('design', 'outfit'), ('drawing', 'followme'), ('drawing', 'illustration'), ('drawing', 'model'), ('drawing', 'outfit'), ('followme', 'illustration'), ('followme', 'model'), ('followme', 'outfit'), ('illustration', 'model'), ('illustration', 'outfit'), ('model', 'outfit')]"
synthetic_post_0540.jpg,889,"[('art', 'creative'), ('art', 'design'), ('art', 'foodie'), ('art', 'illustration'), ('art', 'photooftheday'), ('creative', 'design'), ('creative', 'foodie'), ('creative', 'illustration'), ('creative', 'photooftheday'), ('design', 'foodie'), ('design', 'illustration'), ('design', 'photooftheday'), ('foodie', 'illustration'), ('foodie', 'photooftheday'), ('illustration', 'photooftheday')]"
synthetic_post_0541.jpg,721,"[('fitness', 'gym'), ('fitness', 'motivation'), ('gym', 'motivation')]"
synthetic_post_0542.jpg,988,"[('adventure', 'explore'), ('adventure', 'photography'), ('adventure', 'travel'), ('explore', 'photography'), ('explore', 'travel'), ('photography', 'travel')]"
synthetic_post_0543.jpg,811,"[('ai', 'gallery'), ('ai', 'innovation'), ('ai', 'software'), ('gallery', 'innovation'), ('gallery', 'software'), ('innovation', 'software')]"
synthetic_post_0544.jpg,754,"[('drawing', 'explore'), ('drawing', 'followme'), ('drawing', 'photography'), ('drawing', 'travel'), ('explore', 'followme'), ('explore', 'photography'), ('explore', 'travel'), ('followme', 'photography'), ('followme', 'travel'), ('photography', 'travel')]"
synthetic_post_0545.jpg,741,"[('chef', 'delicious'), ('chef', 'foodie'), ('chef', 'foodporn'), ('chef', 'ootd'), ('delicious', 'foodie'), ('delicious', 'foodporn'), ('delicious', 'ootd'), ('foodie', 'foodporn'), ('foodie', 'ootd'), ('foodporn', 'ootd')]"
synthetic_post_0546.jpg,705,"[('beauty', 'outfit'), ('beauty', 'style'), ('beauty', 'vacation'), ('outfit', 'style'), ('outfit', 'vacation'), ('style', 'vacation')]"
synthetic_post_0547.jpg,818,"[('fitness', 'instafood'), ('fitness', 'workout'), ('instafood', 'workout')]"
synthetic_post_0548.jpg,673,"[('beauty', 'gym'), ('beauty', 'like4like'), ('beauty', 'ootd'), ('beauty', 'workout'), ('gym', 'like4like'), ('gym', 'ootd'), ('gym', 'workout'), ('like4like', 'ootd'), ('like4like', 'workout'), ('ootd', 'workout')]"
synthetic_post_0549.jpg,761,"[('developer', 'outfit'), ('developer', 'streetstyle'), ('developer', 'tech'), ('outfit', 'streetstyle'), ('outfit', 'tech'), ('streetstyle', 'tech')]"
synthetic_post_0550.jpg,1428,"[('chef', 'foodporn'), ('chef', 'innovation'), ('chef', 'instafood'), ('chef', 'tech'), ('chef', 'yummy'), ('foodporn', 'innovation'), ('foodporn', 'instafood'), ('foodporn', 'tech'), ('foodporn', 'yummy'), ('innovation', 'instafood'), ('innovation', 'tech'), ('innovation', 'yummy'), ('instafood', 'tech'), ('instafood', 'yummy'), ('tech', 'yummy')]"
synthetic_post_0551.jpg,877,"[('ai', 'happy'), ('ai', 'model'), ('ai', 'style'), ('ai', 'tech'), ('happy', 'model'), ('happy', 'style'), ('happy', 'tech'), ('model', 'style'), ('model', 'tech'), ('style', 'tech')]"
synthetic_post_0552.jpg,915,"[('explore', 'nature'), ('explore', 'travel'), ('explore', 'vacation'), ('explore', 'yummy'), ('nature', 'travel'), ('nature', 'vacation'), ('nature', 'yummy'), ('travel', 'vacation'), ('travel', 'yummy'), ('vacation', 'yummy')]"
synthetic_post_0553.jpg,706,"[('artist', 'creative'), ('artist', 'design'), ('artist', 'drawing'), ('artist', 'fitfam'), ('artist', 'gym'), ('creative', 'design'), ('creative', 'drawing'), ('creative', 'fitfam'), ('creative', 'gym'), ('design', 'drawing'), ('design', 'fitfam'), ('design', 'gym'), ('drawing', 'fitfam'), ('drawing', 'gym'), ('fitfam', 'gym')]"
synthetic_post_0554.jpg,1326,"[('delicious', 'design'), ('delicious', 'drawing'), ('delicious', 'foodie'), ('delicious', 'illustration'), ('design', 'drawing'), ('design', 'foodie'), ('design', 'illustration'), ('drawing', 'foodie'), ('drawing', 'illustration'), ('foodie', 'illustration')]"
synthetic_post_0555.jpg,901,"[('ai', 'fashion'), ('ai', 'instagood'), ('ai', 'outfit'), ('ai', 'style'), ('fashion', 'instagood'), ('fashion', 'outfit'), ('fashion', 'style'), ('instagood', 'outfit'), ('instagood', 'style'), ('outfit', 'style')]"
synthetic_post_0556.jpg,1108,"[('developer', 'explore'), ('developer', 'followme'), ('developer', 'nature'), ('developer', 'photography'), ('developer', 'tech'), ('developer', 'wanderlust'), ('explore', 'followme'), ('explore', 'nature'), ('explore', 'photography'), ('explore', 'tech'), ('explore', 'wanderlust'), ('followme', 'nature'), ('followme', 'photography'), ('followme', 'tech'), ('followme', 'wanderlust'), ('nature', 'photography'), ('nature', 'tech'), ('nature', 'wanderlust'), ('photography', 'tech'), ('photography', 'wanderlust'), ('tech', 'wanderlust')]"
synthetic_post_0557.jpg,675,"[('coding', 'software'), ('coding', 'startup'), ('software', 'startup')]"
synthetic_post_0558.jpg,973,"[('coding', 'delicious'), ('coding', 'developer'), ('coding', 'homemade'), ('coding', 'innovation'), ('coding', 'tech'), ('delicious', 'developer'), ('delicious', 'homemade'), ('delicious', 'innovation'), ('delicious', 'tech'), ('developer', 'homemade'), ('developer', 'innovation'), ('developer', 'tech'), ('homemade', 'innovation'), ('homemade', 'tech'), ('innovation', 'tech')]"
synthetic_post_0559.jpg,1263,"[('adventure', 'art'), ('adventure', 'explore'), ('adventure', 'happy'), ('adventure', 'travel'), ('adventure', 'vacation'), ('art', 'explore'), ('art', 'happy'), ('art', 'travel'), ('art', 'vacation'), ('explore', 'happy'), ('explore', 'travel'), ('explore', 'vacation'), ('happy', 'travel'), ('happy', 'vacation'), ('travel', 'vacation')]"
synthetic_post_0560.jpg,781,"[('coding', 'photography'), ('coding', 'photooftheday'), ('coding', 'tech'), ('coding', 'wanderlust'), ('photography', 'photooftheday'), ('photography', 'tech'), ('photography', 'wanderlust'), ('photooftheday', 'tech'), ('photooftheday', 'wanderlust'), ('tech', 'wanderlust')]"
synthetic_post_0561.jpg,757,"[('coding', 'design'), ('coding', 'developer'), ('coding', 'photooftheday'), ('coding', 'software'), ('design', 'developer'), ('design', 'photooftheday'), ('design', 'software'), ('developer', 'photooftheday'), ('developer', 'software'), ('photooftheday', 'software')]"
synthetic_post_0562.jpg,885,"[('art', 'drawing'), ('art', 'gallery'), ('art', 'illustration'), ('art', 'instagood'), ('art', 'model'), ('art', 'ootd'), ('drawing', 'gallery'), ('drawing', 'illustration'), ('drawing', 'instagood'), ('drawing', 'model'), ('drawing', 'ootd'), ('gallery', 'illustration'), ('gallery', 'instagood'), ('gallery', 'model'), ('gallery', 'ootd'), ('illustration', 'instagood'), ('illustration', 'model'), ('illustration', 'ootd'), ('instagood', 'model'), ('instagood', 'ootd'), ('model', 'ootd')]"
synthetic_post_0563.jpg,671,"[('art', 'creative'), ('art', 'design'), ('art', 'illustration'), ('art', 'nature'), ('creative', 'design'), ('creative', 'illustration'), ('creative', 'nature'), ('design', 'illustration'), ('design', 'nature'), ('illustration', 'nature')]"
synthetic_post_0564.jpg,1111,"[('art', 'fitfam'), ('art', 'fitness'), ('art', 'life'), ('art', 'training'), ('art', 'workout'), ('fitfam', 'fitness'), ('fitfam', 'life'), ('fitfam', 'training'), ('fitfam', 'workout'), ('fitness', 'life'), ('fitness', 'training'), ('fitness', 'workout'), ('life', 'training'), ('life', 'workout'), ('training', 'workout')]"
synthetic_post_0565.jpg,1262,"[('art', 'life'), ('art', 'model'), ('art', 'outfit'), ('art', 'streetstyle'), ('art', 'style'), ('life', 'model'), ('life', 'outfit'), ('life', 'streetstyle'), ('life', 'style'), ('model', 'outfit'), ('model', 'streetstyle'), ('model', 'style'), ('outfit', 'streetstyle'), ('outfit', 'style'), ('streetstyle', 'style')]"
synthetic_post_0566.jpg,1024,"[('beauty', 'fashion'), ('beauty', 'fitness'), ('beauty', 'like4like'), ('beauty', 'model'), ('beauty', 'ootd'), ('fashion', 'fitness'), ('fashion', 'like4like'), ('fashion', 'model'), ('fashion', 'ootd'), ('fitness', 'like4like'), ('fitness', 'model'), ('fitness', 'ootd'), ('like4like', 'model'), ('like4like', 'ootd'), ('model', 'ootd')]"
synthetic_post_0567.jpg,1043,"[('adventure', 'health'), ('adventure', 'life'), ('adventure', 'motivation'), ('adventure', 'photography'), ('health', 'life'), ('health', 'motivation'), ('health', 'photography'), ('life', 'motivation'), ('life', 'photography'), ('motivation', 'photography')]"
synthetic_post_0568.jpg,771,"[('adventure', 'beauty'), ('adventure', 'fashion'), ('adventure', 'style'), ('beauty', 'fashion'), ('beauty', 'style'), ('fashion', 'style')]"
synthetic_post_0569.jpg,624,"[('explore', 'health'), ('explore', 'photooftheday'), ('explore', 'travel'), ('health', 'photooftheday'), ('health', 'travel'), ('photooftheday', 'travel')]"
synthetic_post_0570.jpg,475,"[('instafood', 'motivation'), ('instafood', 'workout'), ('motivation', 'workout')]"
synthetic_post_0571.jpg,812,"[('adventure', 'creative'), ('adventure', 'photography'), ('creative', 'photography')]"
synthetic_post_0572.jpg,844,"[('coding', 'software'), ('coding', 'startup'), ('coding', 'style'), ('coding', 'tech'), ('software', 'startup'), ('software', 'style'), ('software', 'tech'), ('startup', 'style'), ('startup', 'tech'), ('style', 'tech')]"
synthetic_post_0573.jpg,782,"[('chef', 'fitness'), ('chef', 'gym'), ('chef', 'workout'), ('fitness', 'gym'), ('fitness', 'workout'), ('gym', 'workout')]"
synthetic_post_0574.jpg,1343,"[('ai', 'developer'), ('ai', 'ootd'), ('ai', 'software'), ('ai', 'startup'), ('ai', 'style'), ('developer', 'ootd'), ('developer', 'software'), ('developer', 'startup'), ('developer', 'style'), ('ootd', 'software'), ('ootd', 'startup'), ('ootd', 'style'), ('software', 'startup'), ('software', 'style'), ('startup', 'style')]"
synthetic_post_0575.jpg,507,"[('foodporn', 'photooftheday'), ('foodporn', 'yummy'), ('photooftheday', 'yummy')]"
synthetic_post_0576.jpg,1101,"[('delicious', 'instafood'), ('delicious', 'life'), ('delicious', 'nature'), ('delicious', 'yummy'), ('instafood', 'life'), ('instafood', 'nature'), ('instafood', 'yummy'), ('life', 'nature'), ('life', 'yummy'), ('nature', 'yummy')]"
synthetic_post_0577.jpg,761,"[('fitfam', 'fitness'), ('fitfam', 'followme'), ('fitfam', 'outfit'), ('fitfam', 'workout'), ('fitness', 'followme'), ('fitness', 'outfit'), ('fitness', 'workout'), ('followme', 'outfit'), ('followme', 'workout'), ('outfit', 'workout')]"
synthetic_post_0578.jpg,734,"[('art', 'artist'), ('art', 'drawing'), ('art', 'explore'), ('art', 'instagood'), ('artist', 'drawing'), ('artist', 'explore'), ('artist', 'instagood'), ('drawing', 'explore'), ('drawing', 'instagood'), ('explore', 'instagood')]"
synthetic_post_0579.jpg,854,"[('developer', 'drawing'), ('developer', 'gallery'), ('developer', 'photooftheday'), ('developer', 'tech'), ('drawing', 'gallery'), ('drawing', 'photooftheday'), ('drawing', 'tech'), ('gallery', 'photooftheday'), ('gallery', 'tech'), ('photooftheday', 'tech')]"
synthetic_post_0580.jpg,1124,"[('chef', 'foodporn'), ('chef', 'homemade'), ('chef', 'yummy'), ('foodporn', 'homemade'), ('foodporn', 'yummy'), ('homemade', 'yummy')]"
synthetic_post_0581.jpg,762,"[('creative', 'like4like'), ('creative', 'model'), ('creative', 'outfit'), ('creative', 'style'), ('like4like', 'model'), ('like4like', 'outfit'), ('like4like', 'style'), ('model', 'outfit'), ('model', 'style'), ('outfit', 'style')]"
synthetic_post_0582.jpg,996,"[('beauty', 'love'), ('beauty', 'ootd'), ('beauty', 'outfit'), ('beauty', 'streetstyle'), ('love', 'ootd'), ('love', 'outfit'), ('love', 'streetstyle'), ('ootd', 'outfit'), ('ootd', 'streetstyle'), ('outfit', 'streetstyle')]"
synthetic_post_0583.jpg,593,"[('delicious', 'life'), ('delicious', 'outfit'), ('delicious', 'yummy'), ('life', 'outfit'), ('life', 'yummy'), ('outfit', 'yummy')]"
synthetic_post_0584.jpg,1009,"[('ai', 'art'), ('ai', 'artist'), ('ai', 'drawing'), ('ai', 'instagood'), ('art', 'artist'), ('art', 'drawing'), ('art', 'instagood'), ('artist', 'drawing'), ('artist', 'instagood'), ('drawing', 'instagood')]"
synthetic_post_0585.jpg,764,"[('adventure', 'foodie'), ('adventure', 'happy'), ('adventure', 'photography'), ('adventure', 'vacation'), ('foodie', 'happy'), ('foodie', 'photography'), ('foodie', 'vacation'), ('happy', 'photography'), ('happy', 'vacation'), ('photography', 'vacation')]"
synthetic_post_0586.jpg,844,"[('illustration', 'ootd'), ('illustration', 'outfit'), ('illustration', 'streetstyle'), ('illustration', 'style'), ('ootd', 'outfit'), ('ootd', 'streetstyle'), ('ootd', 'style'), ('outfit', 'streetstyle'), ('outfit', 'style'), ('streetstyle', 'style')]"
synthetic_post_0587.jpg,768,"[('ai', 'ootd'), ('ai', 'software'), ('ai', 'streetstyle'), ('ootd', 'software'), ('ootd', 'streetstyle'), ('software', 'streetstyle')]"
synthetic_post_0588.jpg,785,"[('chef', 'model'), ('chef', 'streetstyle'), ('chef', 'yummy'), ('model', 'streetstyle'), ('model', 'yummy'), ('streetstyle', 'yummy')]"
synthetic_post_0589.jpg,845,"[('ai', 'art'), ('ai', 'artist'), ('ai', 'drawing'), ('ai', 'photooftheday'), ('ai', 'startup'), ('art', 'artist'), ('art', 'drawing'), ('art', 'photooftheday'), ('art', 'startup'), ('artist', 'drawing'), ('artist', 'photooftheday'), ('artist', 'startup'), ('drawing', 'photooftheday'), ('drawing', 'startup'), ('photooftheday', 'startup')]"
synthetic_post_0590.jpg,655,"[('fitfam', 'fitness'), ('fitfam', 'health'), ('fitfam', 'instafood'), ('fitfam', 'training'), ('fitfam', 'yummy'), ('fitness', 'health'), ('fitness', 'instafood'), ('fitness', 'training'), ('fitness', 'yummy'), ('health', 'instafood'), ('health', 'training'), ('health', 'yummy'), ('instafood', 'training'), ('instafood', 'yummy'), ('training', 'yummy')]"
synthetic_post_0591.jpg,962,"[('fitfam', 'fitness'), ('fitfam', 'illustration'), ('fitfam', 'motivation'), ('fitfam', 'training'), ('fitness', 'illustration'), ('fitness', 'motivation'), ('fitness', 'training'), ('illustration', 'motivation'), ('illustration', 'training'), ('motivation', 'training')]"
synthetic_post_0592.jpg,603,"[('developer', 'tech'), ('developer', 'travel'), ('developer', 'wanderlust'), ('tech', 'travel'), ('tech', 'wanderlust'), ('travel', 'wanderlust')]"
synthetic_post_0593.jpg,942,"[('adventure', 'art'), ('adventure', 'artist'), ('adventure', 'design'), ('adventure', 'illustration'), ('art', 'artist'), ('art', 'design'), ('art', 'illustration'), ('artist', 'design'), ('artist', 'illustration'), ('design', 'illustration')]"
synthetic_post_0594.jpg,878,"[('chef', 'fitness'), ('chef', 'foodie'), ('chef', 'instagood'), ('chef', 'training'), ('fitness', 'foodie'), ('fitness', 'instagood'), ('fitness', 'training'), ('foodie', 'instagood'), ('foodie', 'training'), ('instagood', 'training')]"
synthetic_post_0595.jpg,873,"[('beauty', 'innovation'), ('beauty', 'instagood'), ('beauty', 'ootd'), ('beauty', 'startup'), ('innovation', 'instagood'), ('innovation', 'ootd'), ('innovation', 'startup'), ('instagood', 'ootd'), ('instagood', 'startup'), ('ootd', 'startup')]"
synthetic_post_0596.jpg,450,"[('fitfam', 'fitness')]"
synthetic_post_0597.jpg,965,"[('art', 'artist'), ('art', 'developer'), ('art', 'gallery'), ('art', 'startup'), ('artist', 'developer'), ('artist', 'gallery'), ('artist', 'startup'), ('developer', 'gallery'), ('developer', 'startup'), ('gallery', 'startup')]"
synthetic_post_0598.jpg,566,"[('artist', 'creative')]"
synthetic_post_0599.jpg,608,"[('art', 'coding'), ('art', 'innovation'), ('art', 'startup'), ('art', 'tech'), ('coding', 'innovation'), ('coding', 'startup'), ('coding', 'tech'), ('innovation', 'startup'), ('innovation', 'tech'), ('startup', 'tech')]"
synthetic_post_0600.jpg,1076,"[('followme', 'foodporn'), ('followme', 'gym'), ('followme', 'homemade'), ('followme', 'instafood'), ('followme', 'motivation'), ('foodporn', 'gym'), ('foodporn', 'homemade'), ('foodporn', 'instafood'), ('foodporn', 'motivation'), ('gym', 'homemade'), ('gym', 'instafood'), ('gym', 'motivation'), ('homemade', 'instafood'), ('homemade', 'motivation'), ('instafood', 'motivation')]"
synthetic_post_0601.jpg,1464,"[('coding', 'developer'), ('coding', 'love'), ('coding', 'ootd'), ('coding', 'software'), ('coding', 'style'), ('coding', 'tech'), ('developer', 'love'), ('developer', 'ootd'), ('developer', 'software'), ('developer', 'style'), ('developer', 'tech'), ('love', 'ootd'), ('love', 'software'), ('love', 'style'), ('love', 'tech'), ('ootd', 'software'), ('ootd', 'style'), ('ootd', 'tech'), ('software', 'style'), ('software', 'tech'), ('style', 'tech')]"
synthetic_post_0602.jpg,734,"[('artist', 'fashion'), ('artist', 'instagood'), ('artist', 'outfit'), ('fashion', 'instagood'), ('fashion', 'outfit'), ('instagood', 'outfit')]"
synthetic_post_0603.jpg,676,"[('ai', 'developer'), ('ai', 'happy'), ('ai', 'innovation'), ('ai', 'photography'), ('developer', 'happy'), ('developer', 'innovation'), ('developer', 'photography'), ('happy', 'innovation'), ('happy', 'photography'), ('innovation', 'photography')]"
synthetic_post_0604.jpg,1040,"[('adventure', 'beauty'), ('adventure', 'outfit'), ('adventure', 'style'), ('adventure', 'vacation'), ('beauty', 'outfit'), ('beauty', 'style'), ('beauty', 'vacation'), ('outfit', 'style'), ('outfit', 'vacation'), ('style', 'vacation')]"
synthetic_post_0605.jpg,1302,"[('ai', 'developer'), ('ai', 'gym'), ('ai', 'health'), ('ai', 'training'), ('ai', 'workout'), ('developer', 'gym'), ('developer', 'health'), ('developer', 'training'), ('developer', 'workout'), ('gym', 'health'), ('gym', 'training'), ('gym', 'workout'), ('health', 'training'), ('health', 'workout'), ('training', 'workout')]"
synthetic_post_0606.jpg,607,"[('delicious', 'foodie')]"
synthetic_post_0607.jpg,954,"[('fashion', 'fitfam'), ('fashion', 'model'), ('fashion', 'outfit'), ('fashion', 'streetstyle'), ('fitfam', 'model'), ('fitfam', 'outfit'), ('fitfam', 'streetstyle'), ('model', 'outfit'), ('model', 'streetstyle'), ('outfit', 'streetstyle')]"
synthetic_post_0608.jpg,527,"[('art', 'design'), ('art', 'drawing'), ('design', 'drawing')]"
synthetic_post_0609.jpg,894,"[('gym', 'motivation'), ('gym', 'startup'), ('gym', 'workout'), ('motivation', 'startup'), ('motivation', 'workout'), ('startup', 'workout')]"
synthetic_post_0610.jpg,724,"[('ai', 'artist'), ('ai', 'coding'), ('ai', 'illustration'), ('ai', 'photooftheday'), ('artist', 'coding'), ('artist', 'illustration'), ('artist', 'photooftheday'), ('coding', 'illustration'), ('coding', 'photooftheday'), ('illustration', 'photooftheday')]"
synthetic_post_0611.jpg,708,"[('artist', 'creative'), ('artist', 'gallery'), ('artist', 'innovation'), ('artist', 'photooftheday'), ('creative', 'gallery'), ('creative', 'innovation'), ('creative', 'photooftheday'), ('gallery', 'innovation'), ('gallery', 'photooftheday'), ('innovation', 'photooftheday')]"
synthetic_post_0612.jpg,1039,"[('ai', 'coding'), ('ai', 'developer'), ('ai', 'innovation'), ('ai', 'instagood'), ('ai', 'ootd'), ('coding', 'developer'), ('coding', 'innovation'), ('coding', 'instagood'), ('coding', 'ootd'), ('developer', 'innovation'), ('developer', 'instagood'), ('developer', 'ootd'), ('innovation', 'instagood'), ('innovation', 'ootd'), ('instagood', 'ootd')]"
synthetic_post_0613.jpg,516,"[('foodporn', 'homemade')]"
synthetic_post_0614.jpg,889,"[('fitness', 'happy'), ('fitness', 'nature'), ('fitness', 'training'), ('fitness', 'travel'), ('fitness', 'workout'), ('happy', 'nature'), ('happy', 'training'), ('happy', 'travel'), ('happy', 'workout'), ('nature', 'training'), ('nature', 'travel'), ('nature', 'workout'), ('training', 'travel'), ('training', 'workout'), ('travel', 'workout')]"
synthetic_post_0615.jpg,1252,"[('adventure', 'explore'), ('adventure', 'instafood'), ('adventure', 'travel'), ('adventure', 'vacation'), ('adventure', 'yummy'), ('explore', 'instafood'), ('explore', 'travel'), ('explore', 'vacation'), ('explore', 'yummy'), ('instafood', 'travel'), ('instafood', 'vacation'), ('instafood', 'yummy'), ('travel', 'vacation'), ('travel', 'yummy'), ('vacation', 'yummy')]"
synthetic_post_0616.jpg,836,"[('beauty', 'ootd'), ('beauty', 'tech'), ('ootd', 'tech')]"
synthetic_post_0617.jpg,741,"[('fashion', 'fitfam'), ('fashion', 'health'), ('fashion', 'motivation'), ('fashion', 'training'), ('fitfam', 'health'), ('fitfam', 'motivation'), ('fitfam', 'training'), ('health', 'motivation'), ('health', 'training'), ('motivation', 'training')]"
synthetic_post_0618.jpg,972,"[('beauty', 'innovation'), ('beauty', 'outfit'), ('beauty', 'startup'), ('beauty', 'tech'), ('innovation', 'outfit'), ('innovation', 'startup'), ('innovation', 'tech'), ('outfit', 'startup'), ('outfit', 'tech'), ('startup', 'tech')]"
synthetic_post_0619.jpg,1232,"[('explore', 'foodporn'), ('explore', 'travel'), ('explore', 'vacation'), ('explore', 'yummy'), ('foodporn', 'travel'), ('foodporn', 'vacation'), ('foodporn', 'yummy'), ('travel', 'vacation'), ('travel', 'yummy'), ('vacation', 'yummy')]"
synthetic_post_0620.jpg,1247,"[('adventure', 'explore'), ('adventure', 'happy'), ('adventure', 'model'), ('adventure', 'style'), ('adventure', 'travel'), ('adventure', 'wanderlust'), ('explore', 'happy'), ('explore', 'model'), ('explore', 'style'), ('explore', 'travel'), ('explore', 'wanderlust'), ('happy', 'model'), ('happy', 'style'), ('happy', 'travel'), ('happy', 'wanderlust'), ('model', 'style'), ('model', 'travel'), ('model', 'wanderlust'), ('style', 'travel'), ('style', 'wanderlust'), ('travel', 'wanderlust')]"
synthetic_post_0621.jpg,1129,"[('foodie', 'homemade'), ('foodie', 'innovation'), ('foodie', 'instafood'), ('foodie', 'software'), ('foodie', 'yummy'), ('homemade', 'innovation'), ('homemade', 'instafood'), ('homemade', 'software'), ('homemade', 'yummy'), ('innovation', 'instafood'), ('innovation', 'software'), ('innovation', 'yummy'), ('instafood', 'software'), ('instafood', 'yummy'), ('software', 'yummy')]"
synthetic_post_0622.jpg,631,"[('nature', 'photography'), ('nature', 'wanderlust'), ('photography', 'wanderlust')]"
synthetic_post_0623.jpg,1130,"[('adventure', 'explore'), ('adventure', 'innovation'), ('adventure', 'photography'), ('adventure', 'software'), ('adventure', 'wanderlust'), ('explore', 'innovation'), ('explore', 'photography'), ('explore', 'software'), ('explore', 'wanderlust'), ('innovation', 'photography'), ('innovation', 'software'), ('innovation', 'wanderlust'), ('photography', 'software'), ('photography', 'wanderlust'), ('software', 'wanderlust')]"
synthetic_post_0624.jpg,535,"[('beauty', 'fitfam'), ('beauty', 'ootd'), ('fitfam', 'ootd')]"
synthetic_post_0625.jpg,711,"[('drawing', 'gallery'), ('drawing', 'illustration'), ('drawing', 'photography'), ('drawing', 'wanderlust'), ('gallery', 'illustration'), ('gallery', 'photography'), ('gallery', 'wanderlust'), ('illustration', 'photography'), ('illustration', 'wanderlust'), ('photography', 'wanderlust')]"
synthetic_post_0626.jpg,1378,"[('foodie', 'foodporn'), ('foodie', 'instafood'), ('foodie', 'ootd'), ('foodie', 'outfit'), ('foodie', 'yummy'), ('foodporn', 'instafood'), ('foodporn', 'ootd'), ('foodporn', 'outfit'), ('foodporn', 'yummy'), ('instafood', 'ootd'), ('instafood', 'outfit'), ('instafood', 'yummy'), ('ootd', 'outfit'), ('ootd', 'yummy'), ('outfit', 'yummy')]"
synthetic_post_0627.jpg,1276,"[('art', 'design'), ('art', 'gallery'), ('art', 'illustration'), ('art', 'instafood'), ('design', 'gallery'), ('design', 'illustration'), ('design', 'instafood'), ('gallery', 'illustration'), ('gallery', 'instafood'), ('illustration', 'instafood')]"
synthetic_post_0628.jpg,706,"[('artist', 'drawing'), ('artist', 'gallery'), ('artist', 'model'), ('drawing', 'gallery'), ('drawing', 'model'), ('gallery', 'model')]"
synthetic_post_0629.jpg,1096,"[('fitfam', 'health'), ('fitfam', 'photography'), ('fitfam', 'travel'), ('fitfam', 'wanderlust'), ('health', 'photography'), ('health', 'travel'), ('health', 'wanderlust'), ('photography', 'travel'), ('photography', 'wanderlust'), ('travel', 'wanderlust')]"
synthetic_post_0630.jpg,988,"[('fashion', 'followme'), ('fashion', 'motivation'), ('fashion', 'outfit'), ('fashion', 'streetstyle'), ('fashion', 'style'), ('fashion', 'training'), ('followme', 'motivation'), ('followme', 'outfit'), ('followme', 'streetstyle'), ('followme', 'style'), ('followme', 'training'), ('motivation', 'outfit'), ('motivation', 'streetstyle'), ('motivation', 'style'), ('motivation', 'training'), ('outfit', 'streetstyle'), ('outfit', 'style'), ('outfit', 'training'), ('streetstyle', 'style'), ('streetstyle', 'training'), ('style', 'training')]"
synthetic_post_0631.jpg,1239,"[('model', 'nature'), ('model', 'ootd'), ('model', 'photography'), ('model', 'travel'), ('model', 'wanderlust'), ('nature', 'ootd'), ('nature', 'photography'), ('nature', 'travel'), ('nature', 'wanderlust'), ('ootd', 'photography'), ('ootd', 'travel'), ('ootd', 'wanderlust'), ('photography', 'travel'), ('photography', 'wanderlust'), ('travel', 'wanderlust')]"
synthetic_post_0632.jpg,635,"[('fitfam', 'nature'), ('fitfam', 'photography'), ('nature', 'photography')]"
synthetic_post_0633.jpg,750,"[('coding', 'innovation'), ('coding', 'software'), ('coding', 'tech'), ('innovation', 'software'), ('innovation', 'tech'), ('software', 'tech')]"
synthetic_post_0634.jpg,1279,"[('chef', 'foodie'), ('chef', 'love'), ('chef', 'photography'), ('chef', 'travel'), ('chef', 'vacation'), ('chef', 'wanderlust'), ('foodie', 'love'), ('foodie', 'photography'), ('foodie', 'travel'), ('foodie', 'vacation'), ('foodie', 'wanderlust'), ('love', 'photography'), ('love', 'travel'), ('love', 'vacation'), ('love', 'wanderlust'), ('photography', 'travel'), ('photography', 'vacation'), ('photography', 'wanderlust'), ('travel', 'vacation'), ('travel', 'wanderlust'), ('vacation', 'wanderlust')]"
synthetic_post_0635.jpg,984,"[('delicious', 'gym'), ('delicious', 'health'), ('delicious', 'instafood'), ('gym', 'health'), ('gym', 'instafood'), ('health', 'instafood')]"
synthetic_post_0636.jpg,650,"[('art', 'artist'), ('art', 'explore'), ('artist', 'explore')]"
synthetic_post_0637.jpg,1156,"[('adventure', 'ai'), ('adventure', 'explore'), ('adventure', 'tech'), ('adventure', 'wanderlust'), ('ai', 'explore'), ('ai', 'tech'), ('ai', 'wanderlust'), ('explore', 'tech'), ('explore', 'wanderlust'), ('tech', 'wanderlust')]"
synthetic_post_0638.jpg,524,"[('artist', 'creative'), ('artist', 'drawing'), ('artist', 'gallery'), ('creative', 'drawing'), ('creative', 'gallery'), ('drawing', 'gallery')]"
synthetic_post_0639.jpg,868,"[('explore', 'fitfam'), ('explore', 'fitness'), ('explore', 'health'), ('explore', 'motivation'), ('fitfam', 'fitness'), ('fitfam', 'health'), ('fitfam', 'motivation'), ('fitness', 'health'), ('fitness', 'motivation'), ('health', 'motivation')]"
synthetic_post_0640.jpg,785,"[('adventure', 'style'), ('adventure', 'travel'), ('style', 'travel')]"
synthetic_post_0641.jpg,1121,"[('coding', 'developer'), ('coding', 'explore'), ('coding', 'wanderlust'), ('developer', 'explore'), ('developer', 'wanderlust'), ('explore', 'wanderlust')]"
synthetic_post_0642.jpg,1397,"[('artist', 'drawing'), ('artist', 'followme'), ('artist', 'gallery'), ('artist', 'illustration'), ('artist', 'innovation'), ('artist', 'startup'), ('drawing', 'followme'), ('drawing', 'gallery'), ('drawing', 'illustration'), ('drawing', 'innovation'), ('drawing', 'startup'), ('followme', 'gallery'), ('followme', 'illustration'), ('followme', 'innovation'), ('followme', 'startup'), ('gallery', 'illustration'), ('gallery', 'innovation'), ('gallery', 'startup'), ('illustration', 'innovation'), ('illustration', 'startup'), ('innovation', 'startup')]"
synthetic_post_0643.jpg,856,"[('fashion', 'fitfam'), ('fashion', 'gym'), ('fashion', 'model'), ('fashion', 'training'), ('fashion', 'workout'), ('fitfam', 'gym'), ('fitfam', 'model'), ('fitfam', 'training'), ('fitfam', 'workout'), ('gym', 'model'), ('gym', 'training'), ('gym', 'workout'), ('model', 'training'), ('model', 'workout'), ('training', 'workout')]"
synthetic_post_0644.jpg,889,"[('ai', 'foodie'), ('ai', 'homemade'), ('ai', 'startup'), ('foodie', 'homemade'), ('foodie', 'startup'), ('homemade', 'startup')]"
synthetic_post_0645.jpg,413,"[('art', 'design'), ('art', 'drawing'), ('art', 'gallery'), ('design', 'drawing'), ('design', 'gallery'), ('drawing', 'gallery')]"
synthetic_post_0646.jpg,718,"[('innovation', 'like4like'), ('innovation', 'startup'), ('innovation', 'style'), ('like4like', 'startup'), ('like4like', 'style'), ('startup', 'style')]"
synthetic_post_0647.jpg,625,"[('homemade', 'instafood'), ('homemade', 'training'), ('instafood', 'training')]"
synthetic_post_0648.jpg,831,"[('adventure', 'design'), ('adventure', 'explore'), ('adventure', 'nature'), ('adventure', 'wanderlust'), ('design', 'explore'), ('design', 'nature'), ('design', 'wanderlust'), ('explore', 'nature'), ('explore', 'wanderlust'), ('nature', 'wanderlust')]"
synthetic_post_0649.jpg,677,"[('adventure', 'love'), ('adventure', 'motivation'), ('adventure', 'workout'), ('love', 'motivation'), ('love', 'workout'), ('motivation', 'workout')]"
synthetic_post_0650.jpg,869,"[('adventure', 'fashion'), ('adventure', 'ootd'), ('adventure', 'photooftheday'), ('adventure', 'style'), ('fashion', 'ootd'), ('fashion', 'photooftheday'), ('fashion', 'style'), ('ootd', 'photooftheday'), ('ootd', 'style'), ('photooftheday', 'style')]"
synthetic_post_0651.jpg,693,"[('artist', 'creative'), ('artist', 'fashion'), ('artist', 'ootd'), ('creative', 'fashion'), ('creative', 'ootd'), ('fashion', 'ootd')]"
synthetic_post_0652.jpg,1235,"[('creative', 'drawing'), ('creative', 'fashion'), ('creative', 'happy'), ('creative', 'model'), ('creative', 'style'), ('drawing', 'fashion'), ('drawing', 'happy'), ('drawing', 'model'), ('drawing', 'style'), ('fashion', 'happy'), ('fashion', 'model'), ('fashion', 'style'), ('happy', 'model'), ('happy', 'style'), ('model', 'style')]"
synthetic_post_0653.jpg,726,"[('chef', 'foodie'), ('chef', 'love'), ('chef', 'wanderlust'), ('foodie', 'love'), ('foodie', 'wanderlust'), ('love', 'wanderlust')]"
synthetic_post_0654.jpg,695,"[('beauty', 'fashion'), ('beauty', 'health'), ('beauty', 'life'), ('beauty', 'outfit'), ('fashion', 'health'), ('fashion', 'life'), ('fashion', 'outfit'), ('health', 'life'), ('health', 'outfit'), ('life', 'outfit')]"
synthetic_post_0655.jpg,1039,"[('beauty', 'chef'), ('beauty', 'delicious'), ('beauty', 'foodie'), ('beauty', 'foodporn'), ('chef', 'delicious'), ('chef', 'foodie'), ('chef', 'foodporn'), ('delicious', 'foodie'), ('delicious', 'foodporn'), ('foodie', 'foodporn')]"
synthetic_post_0656.jpg,774,"[('fitfam', 'fitness'), ('fitfam', 'foodie'), ('fitness', 'foodie')]"
synthetic_post_0657.jpg,507,"[('outfit', 'streetstyle')]"
synthetic_post_0658.jpg,720,"[('fitness', 'foodie'), ('fitness', 'foodporn'), ('foodie', 'foodporn')]"
synthetic_post_0659.jpg,1063,"[('chef', 'fitness'), ('chef', 'homemade'), ('chef', 'instafood'), ('fitness', 'homemade'), ('fitness', 'instafood'), ('homemade', 'instafood')]"
synthetic_post_0660.jpg,733,"[('art', 'delicious'), ('art', 'followme'), ('art', 'foodporn'), ('art', 'yummy'), ('delicious', 'followme'), ('delicious', 'foodporn'), ('delicious', 'yummy'), ('followme', 'foodporn'), ('followme', 'yummy'), ('foodporn', 'yummy')]"
synthetic_post_0661.jpg,1017,"[('adventure', 'explore'), ('adventure', 'happy'), ('adventure', 'tech'), ('adventure', 'vacation'), ('adventure', 'wanderlust'), ('explore', 'happy'), ('explore', 'tech'), ('explore', 'vacation'), ('explore', 'wanderlust'), ('happy', 'tech'), ('happy', 'vacation'), ('happy', 'wanderlust'), ('tech', 'vacation'), ('tech', 'wanderlust'), ('vacation', 'wanderlust')]"
synthetic_post_0662.jpg,652,"[('instagood', 'nature'), ('instagood', 'streetstyle'), ('instagood', 'travel'), ('instagood', 'vacation'), ('nature', 'streetstyle'), ('nature', 'travel'), ('nature', 'vacation'), ('streetstyle', 'travel'), ('streetstyle', 'vacation'), ('travel', 'vacation')]"
synthetic_post_0663.jpg,723,"[('adventure', 'ai'), ('adventure', 'nature'), ('adventure', 'startup'), ('ai', 'nature'), ('ai', 'startup'), ('nature', 'startup')]"
synthetic_post_0664.jpg,1378,"[('beauty', 'developer'), ('beauty', 'innovation'), ('beauty', 'photooftheday'), ('beauty', 'software'), ('beauty', 'startup'), ('beauty', 'style'), ('developer', 'innovation'), ('developer', 'photooftheday'), ('developer', 'software'), ('developer', 'startup'), ('developer', 'style'), ('innovation', 'photooftheday'), ('innovation', 'software'), ('innovation', 'startup'), ('innovation', 'style'), ('photooftheday', 'software'), ('photooftheday', 'startup'), ('photooftheday', 'style'), ('software', 'startup'), ('software', 'style'), ('startup', 'style')]"
synthetic_post_0665.jpg,693,"[('gym', 'motivation'), ('gym', 'photography'), ('gym', 'training'), ('gym', 'workout'), ('motivation', 'photography'), ('motivation', 'training'), ('motivation', 'workout'), ('photography', 'training'), ('photography', 'workout'), ('training', 'workout')]"
synthetic_post_0666.jpg,907,"[('adventure', 'art'), ('adventure', 'creative'), ('adventure', 'explore'), ('adventure', 'photography'), ('adventure', 'wanderlust'), ('art', 'creative'), ('art', 'explore'), ('art', 'photography'), ('art', 'wanderlust'), ('creative', 'explore'), ('creative', 'photography'), ('creative', 'wanderlust'), ('explore', 'photography'), ('explore', 'wanderlust'), ('photography', 'wanderlust')]"
synthetic_post_0667.jpg,1131,"[('ai', 'developer'), ('ai', 'gallery'), ('ai', 'innovation'), ('ai', 'tech'), ('developer', 'gallery'), ('developer', 'innovation'), ('developer', 'tech'), ('gallery', 'innovation'), ('gallery', 'tech'), ('innovation', 'tech')]"
synthetic_post_0668.jpg,741,"[('artist', 'creative'), ('artist', 'design'), ('artist', 'instagood'), ('creative', 'design'), ('creative', 'instagood'), ('design', 'instagood')]"
synthetic_post_0669.jpg,672,"[('adventure', 'fitness'), ('adventure', 'happy'), ('adventure', 'wanderlust'), ('fitness', 'happy'), ('fitness', 'wanderlust'), ('happy', 'wanderlust')]"
synthetic_post_0670.jpg,533,"[('ai', 'innovation'), ('ai', 'tech'), ('ai', 'vacation'), ('innovation', 'tech'), ('innovation', 'vacation'), ('tech', 'vacation')]"
synthetic_post_0671.jpg,1110,"[('explore', 'like4like'), ('explore', 'photography'), ('explore', 'travel'), ('explore', 'wanderlust'), ('like4like', 'photography'), ('like4like', 'travel'), ('like4like', 'wanderlust'), ('photography', 'travel'), ('photography', 'wanderlust'), ('travel', 'wanderlust')]"
synthetic_post_0672.jpg,1147,"[('delicious', 'foodie'), ('delicious', 'homemade'), ('delicious', 'instafood'), ('delicious', 'life'), ('delicious', 'vacation'), ('foodie', 'homemade'), ('foodie', 'instafood'), ('foodie', 'life'), ('foodie', 'vacation'), ('homemade', 'instafood'), ('homemade', 'life'), ('homemade', 'vacation'), ('instafood', 'life'), ('instafood', 'vacation'), ('life', 'vacation')]"
synthetic_post_0673.jpg,968,"[('adventure', 'explore'), ('adventure', 'followme'), ('adventure', 'foodporn'), ('adventure', 'homemade'), ('adventure', 'wanderlust'), ('explore', 'followme'), ('explore', 'foodporn'), ('explore', 'homemade'), ('explore', 'wanderlust'), ('followme', 'foodporn'), ('followme', 'homemade'), ('followme', 'wanderlust'), ('foodporn', 'homemade'), ('foodporn', 'wanderlust'), ('homemade', 'wanderlust')]"
synthetic_post_0674.jpg,1238,"[('fitness', 'happy'), ('fitness', 'motivation'), ('fitness', 'nature'), ('fitness', 'training'), ('fitness', 'workout'), ('happy', 'motivation'), ('happy', 'nature'), ('happy', 'training'), ('happy', 'workout'), ('motivation', 'nature'), ('motivation', 'training'), ('motivation', 'workout'), ('nature', 'training'), ('nature', 'workout'), ('training', 'workout')]"
synthetic_post_0675.jpg,770,"[('fitfam', 'motivation'), ('fitfam', 'photography'), ('fitfam', 'vacation'), ('fitfam', 'workout'), ('motivation', 'photography'), ('motivation', 'vacation'), ('motivation', 'workout'), ('photography', 'vacation'), ('photography', 'workout'), ('vacation', 'workout')]"
synthetic_post_0676.jpg,813,"[('art', 'illustration'), ('art', 'model'), ('art', 'ootd'), ('art', 'photooftheday'), ('illustration', 'model'), ('illustration', 'ootd'), ('illustration', 'photooftheday'), ('model', 'ootd'), ('model', 'photooftheday'), ('ootd', 'photooftheday')]"
synthetic_post_0677.jpg,1012,"[('gallery', 'model'), ('gallery', 'ootd'), ('gallery', 'streetstyle'), ('model', 'ootd'), ('model', 'streetstyle'), ('ootd', 'streetstyle')]"
synthetic_post_0678.jpg,746,"[('beauty', 'fashion'), ('beauty', 'outfit'), ('beauty', 'software'), ('beauty', 'startup'), ('beauty', 'style'), ('fashion', 'outfit'), ('fashion', 'software'), ('fashion', 'startup'), ('fashion', 'style'), ('outfit', 'software'), ('outfit', 'startup'), ('outfit', 'style'), ('software', 'startup'), ('software', 'style'), ('startup', 'style')]"
synthetic_post_0679.jpg,919,"[('coding', 'developer'), ('coding', 'fitness'), ('coding', 'gym'), ('coding', 'instagood'), ('coding', 'motivation'), ('developer', 'fitness'), ('developer', 'gym'), ('developer', 'instagood'), ('developer', 'motivation'), ('fitness', 'gym'), ('fitness', 'instagood'), ('fitness', 'motivation'), ('gym', 'instagood'), ('gym', 'motivation'), ('instagood', 'motivation')]"
synthetic_post_0680.jpg,1127,"[('adventure', 'art'), ('adventure', 'drawing'), ('adventure', 'life'), ('adventure', 'photography'), ('adventure', 'travel'), ('adventure', 'wanderlust'), ('art', 'drawing'), ('art', 'life'), ('art', 'photography'), ('art', 'travel'), ('art', 'wanderlust'), ('drawing', 'life'), ('drawing', 'photography'), ('drawing', 'travel'), ('drawing', 'wanderlust'), ('life', 'photography'), ('life', 'travel'), ('life', 'wanderlust'), ('photography', 'travel'), ('photography', 'wanderlust'), ('travel', 'wanderlust')]"
synthetic_post_0681.jpg,863,"[('chef', 'foodporn'), ('chef', 'nature'), ('chef', 'travel'), ('foodporn', 'nature'), ('foodporn', 'travel'), ('nature', 'travel')]"
synthetic_post_0682.jpg,442,"[('art', 'creative'), ('art', 'followme'), ('creative', 'followme')]"
synthetic_post_0683.jpg,1029,"[('creative', 'drawing'), ('creative', 'gallery'), ('creative', 'illustration'), ('creative', 'outfit'), ('drawing', 'gallery'), ('drawing', 'illustration'), ('drawing', 'outfit'), ('gallery', 'illustration'), ('gallery', 'outfit'), ('illustration', 'outfit')]"
synthetic_post_0684.jpg,640,"[('ai', 'coding'), ('ai', 'vacation'), ('coding', 'vacation')]"
synthetic_post_0685.jpg,556,"[('art', 'creative'), ('art', 'fashion'), ('art', 'like4like'), ('creative', 'fashion'), ('creative', 'like4like'), ('fashion', 'like4like')]"
synthetic_post_0686.jpg,906,"[('explore', 'foodporn'), ('explore', 'life'), ('explore', 'nature'), ('explore', 'travel'), ('explore', 'wanderlust'), ('foodporn', 'life'), ('foodporn', 'nature'), ('foodporn', 'travel'), ('foodporn', 'wanderlust'), ('life', 'nature'), ('life', 'travel'), ('life', 'wanderlust'), ('nature', 'travel'), ('nature', 'wanderlust'), ('travel', 'wanderlust')]"
synthetic_post_0687.jpg,837,"[('explore', 'fitfam'), ('explore', 'training'), ('explore', 'workout'), ('fitfam', 'training'), ('fitfam', 'workout'), ('training', 'workout')]"
synthetic_post_0688.jpg,869,"[('ai', 'delicious'), ('ai', 'foodie'), ('ai', 'instagood'), ('ai', 'startup'), ('delicious', 'foodie'), ('delicious', 'instagood'), ('delicious', 'startup'), ('foodie', 'instagood'), ('foodie', 'startup'), ('instagood', 'startup')]"
synthetic_post_0689.jpg,945,"[('chef', 'creative'), ('chef', 'drawing'), ('chef', 'foodporn'), ('chef', 'gallery'), ('chef', 'illustration'), ('chef', 'photooftheday'), ('creative', 'drawing'), ('creative', 'foodporn'), ('creative', 'gallery'), ('creative', 'illustration'), ('creative', 'photooftheday'), ('drawing', 'foodporn'), ('drawing', 'gallery'), ('drawing', 'illustration'), ('drawing', 'photooftheday'), ('foodporn', 'gallery'), ('foodporn', 'illustration'), ('foodporn', 'photooftheday'), ('gallery', 'illustration'), ('gallery', 'photooftheday'), ('illustration', 'photooftheday')]"
synthetic_post_0690.jpg,968,"[('foodie', 'foodporn'), ('foodie', 'homemade'), ('foodie', 'startup'), ('foodie', 'tech'), ('foodie', 'yummy'), ('foodporn', 'homemade'), ('foodporn', 'startup'), ('foodporn', 'tech'), ('foodporn', 'yummy'), ('homemade', 'startup'), ('homemade', 'tech'), ('homemade', 'yummy'), ('startup', 'tech'), ('startup', 'yummy'), ('tech', 'yummy')]"
synthetic_post_0691.jpg,1203,"[('coding', 'fitfam'), ('coding', 'software'), ('coding', 'tech'), ('coding', 'workout'), ('fitfam', 'software'), ('fitfam', 'tech'), ('fitfam', 'workout'), ('software', 'tech'), ('software', 'workout'), ('tech', 'workout')]"
synthetic_post_0692.jpg,1109,"[('model', 'ootd'), ('model', 'outfit'), ('model', 'style'), ('ootd', 'outfit'), ('ootd', 'style'), ('outfit', 'style')]"
synthetic_post_0693.jpg,669,"[('drawing', 'health'), ('drawing', 'motivation'), ('health', 'motivation')]"
synthetic_post_0694.jpg,832,"[('ai', 'coding'), ('ai', 'fashion'), ('ai', 'happy'), ('ai', 'model'), ('coding', 'fashion'), ('coding', 'happy'), ('coding', 'model'), ('fashion', 'happy'), ('fashion', 'model'), ('happy', 'model')]"
synthetic_post_0695.jpg,577,"[('ootd', 'outfit'), ('ootd', 'photooftheday'), ('outfit', 'photooftheday')]"
synthetic_post_0696.jpg,912,"[('adventure', 'developer'), ('adventure', 'wanderlust'), ('developer', 'wanderlust')]"
synthetic_post_0697.jpg,518,"[('chef', 'instafood'), ('chef', 'photography'), ('chef', 'vacation'), ('instafood', 'photography'), ('instafood', 'vacation'), ('photography', 'vacation')]"
synthetic_post_0698.jpg,1003,"[('artist', 'beauty'), ('artist', 'creative'), ('artist', 'happy'), ('artist', 'illustration'), ('beauty', 'creative'), ('beauty', 'happy'), ('beauty', 'illustration'), ('creative', 'happy'), ('creative', 'illustration'), ('happy', 'illustration')]"
synthetic_post_0699.jpg,1325,"[('beauty', 'ootd'), ('beauty', 'outfit'), ('beauty', 'software'), ('beauty', 'style'), ('beauty', 'tech'), ('ootd', 'outfit'), ('ootd', 'software'), ('ootd', 'style'), ('ootd', 'tech'), ('outfit', 'software'), ('outfit', 'style'), ('outfit', 'tech'), ('software', 'style'), ('software', 'tech'), ('style', 'tech')]"
synthetic_post_0700.jpg,879,"[('beauty', 'instafood'), ('beauty', 'yummy'), ('instafood', 'yummy')]"
synthetic_post_0701.jpg,429,"[('ai', 'art'), ('ai', 'artist'), ('art', 'artist')]"
synthetic_post_0702.jpg,483,"[('training', 'workout')]"
synthetic_post_0703.jpg,1201,"[('coding', 'developer'), ('coding', 'life'), ('coding', 'ootd'), ('coding', 'outfit'), ('coding', 'software'), ('coding', 'tech'), ('developer', 'life'), ('developer', 'ootd'), ('developer', 'outfit'), ('developer', 'software'), ('developer', 'tech'), ('life', 'ootd'), ('life', 'outfit'), ('life', 'software'), ('life', 'tech'), ('ootd', 'outfit'), ('ootd', 'software'), ('ootd', 'tech'), ('outfit', 'software'), ('outfit', 'tech'), ('software', 'tech')]"
synthetic_post_0704.jpg,487,"[('art', 'gallery'), ('art', 'happy'), ('art', 'innovation'), ('gallery', 'happy'), ('gallery', 'innovation'), ('happy', 'innovation')]"
synthetic_post_0705.jpg,1008,"[('artist', 'design'), ('artist', 'fitness'), ('artist', 'gallery'), ('artist', 'gym'), ('design', 'fitness'), ('design', 'gallery'), ('design', 'gym'), ('fitness', 'gallery'), ('fitness', 'gym'), ('gallery', 'gym')]"
synthetic_post_0706.jpg,554,"[('ai', 'chef'), ('ai', 'homemade'), ('ai', 'instafood'), ('ai', 'software'), ('chef', 'homemade'), ('chef', 'instafood'), ('chef', 'software'), ('homemade', 'instafood'), ('homemade', 'software'), ('instafood', 'software')]"
synthetic_post_0707.jpg,988,"[('ai', 'coding'), ('ai', 'developer'), ('ai', 'illustration'), ('ai', 'software'), ('coding', 'developer'), ('coding', 'illustration'), ('coding', 'software'), ('developer', 'illustration'), ('developer', 'software'), ('illustration', 'software')]"
synthetic_post_0708.jpg,940,"[('beauty', 'fashion'), ('beauty', 'health'), ('beauty', 'life'), ('beauty', 'outfit'), ('beauty', 'style'), ('fashion', 'health'), ('fashion', 'life'), ('fashion', 'outfit'), ('fashion', 'style'), ('health', 'life'), ('health', 'outfit'), ('health', 'style'), ('life', 'outfit'), ('life', 'style'), ('outfit', 'style')]"
synthetic_post_0709.jpg,641,"[('fashion', 'nature'), ('fashion', 'photography'), ('nature', 'photography')]"
synthetic_post_0710.jpg,615,"[('chef', 'delicious'), ('chef', 'foodporn'), ('chef', 'instafood'), ('delicious', 'foodporn'), ('delicious', 'instafood'), ('foodporn', 'instafood')]"
synthetic_post_0711.jpg,635,"[('art', 'design'), ('art', 'photooftheday'), ('art', 'tech'), ('design', 'photooftheday'), ('design', 'tech'), ('photooftheday', 'tech')]"
synthetic_post_0712.jpg,814,"[('adventure', 'fashion'), ('adventure', 'happy'), ('adventure', 'model'), ('adventure', 'travel'), ('fashion', 'happy'), ('fashion', 'model'), ('fashion', 'travel'), ('happy', 'model'), ('happy', 'travel'), ('model', 'travel')]"
synthetic_post_0713.jpg,903,"[('chef', 'creative'), ('chef', 'delicious'), ('chef', 'design'), ('chef', 'foodie'), ('chef', 'homemade'), ('creative', 'delicious'), ('creative', 'design'), ('creative', 'foodie'), ('creative', 'homemade'), ('delicious', 'design'), ('delicious', 'foodie'), ('delicious', 'homemade'), ('design', 'foodie'), ('design', 'homemade'), ('foodie', 'homemade')]"
synthetic_post_0714.jpg,418,"[('coding', 'delicious'), ('coding', 'foodie'), ('delicious', 'foodie')]"
synthetic_post_0715.jpg,519,"[('creative', 'gallery')]"
synthetic_post_0716.jpg,1206,"[('beauty', 'delicious'), ('beauty', 'foodie'), ('beauty', 'ootd'), ('beauty', 'style'), ('delicious', 'foodie'), ('delicious', 'ootd'), ('delicious', 'style'), ('foodie', 'ootd'), ('foodie', 'style'), ('ootd', 'style')]"
synthetic_post_0717.jpg,1013,"[('ai', 'beauty'), ('ai', 'coding'), ('ai', 'fashion'), ('ai', 'ootd'), ('ai', 'streetstyle'), ('beauty', 'coding'), ('beauty', 'fashion'), ('beauty', 'ootd'), ('beauty', 'streetstyle'), ('coding', 'fashion'), ('coding', 'ootd'), ('coding', 'streetstyle'), ('fashion', 'ootd'), ('fashion', 'streetstyle'), ('ootd', 'streetstyle')]"
synthetic_post_0718.jpg,793,"[('fashion', 'innovation'), ('fashion', 'like4like'), ('fashion', 'outfit'), ('fashion', 'software'), ('fashion', 'startup'), ('innovation', 'like4like'), ('innovation', 'outfit'), ('innovation', 'software'), ('innovation', 'startup'), ('like4like', 'outfit'), ('like4like', 'software'), ('like4like', 'startup'), ('outfit', 'software'), ('outfit', 'startup'), ('software', 'startup')]"
synthetic_post_0719.jpg,914,"[('art', 'artist'), ('art', 'creative'), ('art', 'workout'), ('artist', 'creative'), ('artist', 'workout'), ('creative', 'workout')]"
synthetic_post_0720.jpg,936,"[('gym', 'health'), ('gym', 'life'), ('gym', 'startup'), ('health', 'life'), ('health', 'startup'), ('life', 'startup')]"
synthetic_post_0721.jpg,1217,"[('foodie', 'instafood'), ('foodie', 'travel'), ('foodie', 'vacation'), ('foodie', 'yummy'), ('instafood', 'travel'), ('instafood', 'vacation'), ('instafood', 'yummy'), ('travel', 'vacation'), ('travel', 'yummy'), ('vacation', 'yummy')]"
synthetic_post_0722.jpg,346,"[('creative', 'design'), ('creative', 'software'), ('design', 'software')]"
synthetic_post_0723.jpg,1194,"[('beauty', 'explore'), ('beauty', 'model'), ('beauty', 'ootd'), ('beauty', 'vacation'), ('explore', 'model'), ('explore', 'ootd'), ('explore', 'vacation'), ('model', 'ootd'), ('model', 'vacation'), ('ootd', 'vacation')]"
synthetic_post_0724.jpg,560,"[('art', 'beauty'), ('art', 'like4like'), ('art', 'ootd'), ('beauty', 'like4like'), ('beauty', 'ootd'), ('like4like', 'ootd')]"
synthetic_post_0725.jpg,596,"[('explore', 'instafood'), ('explore', 'nature'), ('explore', 'travel'), ('explore', 'vacation'), ('instafood', 'nature'), ('instafood', 'travel'), ('instafood', 'vacation'), ('nature', 'travel'), ('nature', 'vacation'), ('travel', 'vacation')]"
synthetic_post_0726.jpg,864,"[('artist', 'creative'), ('artist', 'drawing'), ('artist', 'startup'), ('creative', 'drawing'), ('creative', 'startup'), ('drawing', 'startup')]"
synthetic_post_0727.jpg,975,"[('ai', 'chef'), ('ai', 'developer'), ('ai', 'homemade'), ('ai', 'innovation'), ('ai', 'software'), ('chef', 'developer'), ('chef', 'homemade'), ('chef', 'innovation'), ('chef', 'software'), ('developer', 'homemade'), ('developer', 'innovation'), ('developer', 'software'), ('homemade', 'innovation'), ('homemade', 'software'), ('innovation', 'software')]"
synthetic_post_0728.jpg,733,"[('art', 'design'), ('art', 'travel'), ('design', 'travel')]"
synthetic_post_0729.jpg,1020,"[('ai', 'developer'), ('ai', 'innovation'), ('ai', 'software'), ('developer', 'innovation'), ('developer', 'software'), ('innovation', 'software')]"
synthetic_post_0730.jpg,662,"[('ai', 'photooftheday'), ('ai', 'software'), ('photooftheday', 'software')]"
synthetic_post_0731.jpg,718,"[('art', 'design'), ('art', 'explore'), ('art', 'followme'), ('design', 'explore'), ('design', 'followme'), ('explore', 'followme')]"
synthetic_post_0732.jpg,969,"[('fitfam', 'gym'), ('fitfam', 'ootd'), ('fitfam', 'photooftheday'), ('fitfam', 'streetstyle'), ('gym', 'ootd'), ('gym', 'photooftheday'), ('gym', 'streetstyle'), ('ootd', 'photooftheday'), ('ootd', 'streetstyle'), ('photooftheday', 'streetstyle')]"
synthetic_post_0733.jpg,814,"[('delicious', 'instafood'), ('delicious', 'love'), ('delicious', 'outfit'), ('delicious', 'streetstyle'), ('instafood', 'love'), ('instafood', 'outfit'), ('instafood', 'streetstyle'), ('love', 'outfit'), ('love', 'streetstyle'), ('outfit', 'streetstyle')]"
synthetic_post_0734.jpg,658,"[('life', 'startup'), ('life', 'tech'), ('life', 'workout'), ('startup', 'tech'), ('startup', 'workout'), ('tech', 'workout')]"
synthetic_post_0735.jpg,405,"[('homemade', 'instafood'), ('homemade', 'life'), ('instafood', 'life')]"
synthetic_post_0736.jpg,573,"[('creative', 'drawing'), ('creative', 'foodporn'), ('creative', 'happy'), ('drawing', 'foodporn'), ('drawing', 'happy'), ('foodporn', 'happy')]"
synthetic_post_0737.jpg,758,"[('adventure', 'fitness'), ('adventure', 'like4like'), ('adventure', 'motivation'), ('adventure', 'nature'), ('fitness', 'like4like'), ('fitness', 'motivation'), ('fitness', 'nature'), ('like4like', 'motivation'), ('like4like', 'nature'), ('motivation', 'nature')]"
synthetic_post_0738.jpg,439,"[('coding', 'software')]"
synthetic_post_0739.jpg,629,"[('fitfam', 'followme'), ('fitfam', 'gallery'), ('fitfam', 'training'), ('fitfam', 'workout'), ('followme', 'gallery'), ('followme', 'training'), ('followme', 'workout'), ('gallery', 'training'), ('gallery', 'workout'), ('training', 'workout')]"
synthetic_post_0740.jpg,792,"[('fashion', 'followme'), ('fashion', 'foodporn'), ('fashion', 'homemade'), ('fashion', 'outfit'), ('followme', 'foodporn'), ('followme', 'homemade'), ('followme', 'outfit'), ('foodporn', 'homemade'), ('foodporn', 'outfit'), ('homemade', 'outfit')]"
synthetic_post_0741.jpg,1312,"[('creative', 'drawing'), ('creative', 'fitfam'), ('creative', 'gym'), ('creative', 'health'), ('creative', 'training'), ('drawing', 'fitfam'), ('drawing', 'gym'), ('drawing', 'health'), ('drawing', 'training'), ('fitfam', 'gym'), ('fitfam', 'health'), ('fitfam', 'training'), ('gym', 'health'), ('gym', 'training'), ('health', 'training')]"
synthetic_post_0742.jpg,1120,"[('art', 'creative'), ('art', 'design'), ('art', 'drawing'), ('art', 'fitness'), ('art', 'training'), ('creative', 'design'), ('creative', 'drawing'), ('creative', 'fitness'), ('creative', 'training'), ('design', 'drawing'), ('design', 'fitness'), ('design', 'training'), ('drawing', 'fitness'), ('drawing', 'training'), ('fitness', 'training')]"
synthetic_post_0743.jpg,749,"[('fashion', 'fitness'), ('fashion', 'life'), ('fashion', 'style'), ('fashion', 'training'), ('fashion', 'workout'), ('fitness', 'life'), ('fitness', 'style'), ('fitness', 'training'), ('fitness', 'workout'), ('life', 'style'), ('life', 'training'), ('life', 'workout'), ('style', 'training'), ('style', 'workout'), ('training', 'workout')]"
synthetic_post_0744.jpg,955,"[('artist', 'creative'), ('artist', 'explore'), ('artist', 'nature'), ('creative', 'explore'), ('creative', 'nature'), ('explore', 'nature')]"
synthetic_post_0745.jpg,1107,"[('ai', 'coding'), ('ai', 'photography'), ('ai', 'tech'), ('ai', 'wanderlust'), ('coding', 'photography'), ('coding', 'tech'), ('coding', 'wanderlust'), ('photography', 'tech'), ('photography', 'wanderlust'), ('tech', 'wanderlust')]"
synthetic_post_0746.jpg,1476,"[('coding', 'developer'), ('coding', 'innovation'), ('coding', 'outfit'), ('coding', 'startup'), ('coding', 'style'), ('developer', 'innovation'), ('developer', 'outfit'), ('developer', 'startup'), ('developer', 'style'), ('innovation', 'outfit'), ('innovation', 'startup'), ('innovation', 'style'), ('outfit', 'startup'), ('outfit', 'style'), ('startup', 'style')]"
synthetic_post_0747.jpg,550,"[('streetstyle', 'style')]"
synthetic_post_0748.jpg,691,"[('beauty', 'fashion'), ('beauty', 'streetstyle'), ('fashion', 'streetstyle')]"
synthetic_post_0749.jpg,1168,"[('ai', 'delicious'), ('ai', 'foodie'), ('ai', 'instafood'), ('ai', 'yummy'), ('delicious', 'foodie'), ('delicious', 'instafood'), ('delicious', 'yummy'), ('foodie', 'instafood'), ('foodie', 'yummy'), ('instafood', 'yummy')]"
synthetic_post_0750.jpg,1150,"[('art', 'creative'), ('art', 'explore'), ('art', 'illustration'), ('art', 'photography'), ('creative', 'explore'), ('creative', 'illustration'), ('creative', 'photography'), ('explore', 'illustration'), ('explore', 'photography'), ('illustration', 'photography')]"
synthetic_post_0751.jpg,577,"[('delicious', 'foodporn'), ('delicious', 'homemade'), ('delicious', 'instafood'), ('foodporn', 'homemade'), ('foodporn', 'instafood'), ('homemade', 'instafood')]"
synthetic_post_0752.jpg,808,"[('coding', 'innovation'), ('coding', 'nature'), ('coding', 'software'), ('coding', 'tech'), ('coding', 'travel'), ('innovation', 'nature'), ('innovation', 'software'), ('innovation', 'tech'), ('innovation', 'travel'), ('nature', 'software'), ('nature', 'tech'), ('nature', 'travel'), ('software', 'tech'), ('software', 'travel'), ('tech', 'travel')]"
synthetic_post_0753.jpg,1330,"[('ai', 'gym'), ('ai', 'innovation'), ('ai', 'instagood'), ('ai', 'motivation'), ('ai', 'startup'), ('ai', 'tech'), ('gym', 'innovation'), ('gym', 'instagood'), ('gym', 'motivation'), ('gym', 'startup'), ('gym', 'tech'), ('innovation', 'instagood'), ('innovation', 'motivation'), ('innovation', 'startup'), ('innovation', 'tech'), ('instagood', 'motivation'), ('instagood', 'startup'), ('instagood', 'tech'), ('motivation', 'startup'), ('motivation', 'tech'), ('startup', 'tech')]"
synthetic_post_0754.jpg,831,"[('fashion', 'happy'), ('fashion', 'model'), ('fashion', 'motivation'), ('fashion', 'streetstyle'), ('fashion', 'workout'), ('happy', 'model'), ('happy', 'motivation'), ('happy', 'streetstyle'), ('happy', 'workout'), ('model', 'motivation'), ('model', 'streetstyle'), ('model', 'workout'), ('motivation', 'streetstyle'), ('motivation', 'workout'), ('streetstyle', 'workout')]"
synthetic_post_0755.jpg,1039,"[('fashion', 'ootd'), ('fashion', 'outfit'), ('fashion', 'photography'), ('fashion', 'streetstyle'), ('ootd', 'outfit'), ('ootd', 'photography'), ('ootd', 'streetstyle'), ('outfit', 'photography'), ('outfit', 'streetstyle'), ('photography', 'streetstyle')]"
synthetic_post_0756.jpg,689,"[('explore', 'health'), ('explore', 'workout'), ('health', 'workout')]"
synthetic_post_0757.jpg,1187,"[('artist', 'creative'), ('artist', 'design'), ('artist', 'gallery'), ('creative', 'design'), ('creative', 'gallery'), ('design', 'gallery')]"
synthetic_post_0758.jpg,746,"[('artist', 'drawing'), ('artist', 'innovation'), ('artist', 'life'), ('artist', 'startup'), ('drawing', 'innovation'), ('drawing', 'life'), ('drawing', 'startup'), ('innovation', 'life'), ('innovation', 'startup'), ('life', 'startup')]"
synthetic_post_0759.jpg,573,"[('adventure', 'artist'), ('adventure', 'creative'), ('adventure', 'photography'), ('artist', 'creative'), ('artist', 'photography'), ('creative', 'photography')]"
synthetic_post_0760.jpg,912,"[('fitfam', 'innovation'), ('fitfam', 'tech'), ('innovation', 'tech')]"
synthetic_post_0761.jpg,1200,"[('delicious', 'design'), ('delicious', 'drawing'), ('delicious', 'foodporn'), ('delicious', 'homemade'), ('delicious', 'instafood'), ('delicious', 'instagood'), ('design', 'drawing'), ('design', 'foodporn'), ('design', 'homemade'), ('design', 'instafood'), ('design', 'instagood'), ('drawing', 'foodporn'), ('drawing', 'homemade'), ('drawing', 'instafood'), ('drawing', 'instagood'), ('foodporn', 'homemade'), ('foodporn', 'instafood'), ('foodporn', 'instagood'), ('homemade', 'instafood'), ('homemade', 'instagood'), ('instafood', 'instagood')]"
synthetic_post_0762.jpg,908,"[('foodie', 'instafood'), ('foodie', 'nature'), ('foodie', 'vacation'), ('instafood', 'nature'), ('instafood', 'vacation'), ('nature', 'vacation')]"
synthetic_post_0763.jpg,822,"[('coding', 'fitfam'), ('coding', 'software'), ('coding', 'startup'), ('fitfam', 'software'), ('fitfam', 'startup'), ('software', 'startup')]"
synthetic_post_0764.jpg,680,"[('fashion', 'nature'), ('fashion', 'style'), ('fashion', 'travel'), ('nature', 'style'), ('nature', 'travel'), ('style', 'travel')]"
synthetic_post_0765.jpg,1238,"[('explore', 'nature'), ('explore', 'photography'), ('explore', 'startup'), ('explore', 'tech'), ('explore', 'wanderlust'), ('nature', 'photography'), ('nature', 'startup'), ('nature', 'tech'), ('nature', 'wanderlust'), ('photography', 'startup'), ('photography', 'tech'), ('photography', 'wanderlust'), ('startup', 'tech'), ('startup', 'wanderlust'), ('tech', 'wanderlust')]"
synthetic_post_0766.jpg,976,"[('delicious', 'fitness'), ('delicious', 'gym'), ('delicious', 'training'), ('fitness', 'gym'), ('fitness', 'training'), ('gym', 'training')]"
synthetic_post_0767.jpg,596,"[('adventure', 'nature'), ('adventure', 'ootd'), ('adventure', 'photography'), ('adventure', 'travel'), ('nature', 'ootd'), ('nature', 'photography'), ('nature', 'travel'), ('ootd', 'photography'), ('ootd', 'travel'), ('photography', 'travel')]"
synthetic_post_0768.jpg,640,"[('beauty', 'fashion'), ('beauty', 'training'), ('fashion', 'training')]"
synthetic_post_0769.jpg,887,"[('artist', 'illustration'), ('artist', 'love'), ('artist', 'model'), ('artist', 'outfit'), ('illustration', 'love'), ('illustration', 'model'), ('illustration', 'outfit'), ('love', 'model'), ('love', 'outfit'), ('model', 'outfit')]"
synthetic_post_0770.jpg,490,"[('delicious', 'followme'), ('delicious', 'foodie'), ('followme', 'foodie')]"
synthetic_post_0771.jpg,805,"[('foodie', 'instafood'), ('foodie', 'ootd'), ('foodie', 'streetstyle'), ('instafood', 'ootd'), ('instafood', 'streetstyle'), ('ootd', 'streetstyle')]"
synthetic_post_0772.jpg,1376,"[('adventure', 'explore'), ('adventure', 'motivation'), ('adventure', 'vacation'), ('adventure', 'wanderlust'), ('adventure', 'workout'), ('explore', 'motivation'), ('explore', 'vacation'), ('explore', 'wanderlust'), ('explore', 'workout'), ('motivation', 'vacation'), ('motivation', 'wanderlust'), ('motivation', 'workout'), ('vacation', 'wanderlust'), ('vacation', 'workout'), ('wanderlust', 'workout')]"
synthetic_post_0773.jpg,944,"[('ai', 'developer'), ('ai', 'explore'), ('ai', 'instagood'), ('ai', 'travel'), ('developer', 'explore'), ('developer', 'instagood'), ('developer', 'travel'), ('explore', 'instagood'), ('explore', 'travel'), ('instagood', 'travel')]"
synthetic_post_0774.jpg,970,"[('adventure', 'photography'), ('adventure', 'travel'), ('adventure', 'vacation'), ('adventure', 'yummy'), ('photography', 'travel'), ('photography', 'vacation'), ('photography', 'yummy'), ('travel', 'vacation'), ('travel', 'yummy'), ('vacation', 'yummy')]"
synthetic_post_0775.jpg,967,"[('ai', 'fashion'), ('ai', 'innovation'), ('ai', 'instagood'), ('ai', 'style'), ('ai', 'tech'), ('fashion', 'innovation'), ('fashion', 'instagood'), ('fashion', 'style'), ('fashion', 'tech'), ('innovation', 'instagood'), ('innovation', 'style'), ('innovation', 'tech'), ('instagood', 'style'), ('instagood', 'tech'), ('style', 'tech')]"
synthetic_post_0776.jpg,935,"[('explore', 'gym'), ('explore', 'motivation'), ('explore', 'training'), ('explore', 'workout'), ('gym', 'motivation'), ('gym', 'training'), ('gym', 'workout'), ('motivation', 'training'), ('motivation', 'workout'), ('training', 'workout')]"
synthetic_post_0777.jpg,774,"[('innovation', 'outfit'), ('innovation', 'software'), ('innovation', 'startup'), ('innovation', 'style'), ('outfit', 'software'), ('outfit', 'startup'), ('outfit', 'style'), ('software', 'startup'), ('software', 'style'), ('startup', 'style')]"
synthetic_post_0778.jpg,1141,"[('ai', 'startup'), ('ai', 'tech'), ('ai', 'training'), ('ai', 'workout'), ('startup', 'tech'), ('startup', 'training'), ('startup', 'workout'), ('tech', 'training'), ('tech', 'workout'), ('training', 'workout')]"
synthetic_post_0779.jpg,421,"[('fashion', 'outfit')]"
synthetic_post_0780.jpg,563,"[('ai', 'coding'), ('ai', 'like4like'), ('ai', 'tech'), ('coding', 'like4like'), ('coding', 'tech'), ('like4like', 'tech')]"
synthetic_post_0781.jpg,712,"[('artist', 'coding'), ('artist', 'tech'), ('coding', 'tech')]"
synthetic_post_0782.jpg,764,"[('creative', 'life'), ('creative', 'nature'), ('creative', 'photography'), ('creative', 'travel'), ('life', 'nature'), ('life', 'photography'), ('life', 'travel'), ('nature', 'photography'), ('nature', 'travel'), ('photography', 'travel')]"
synthetic_post_0783.jpg,1029,"[('ai', 'developer'), ('ai', 'fitness'), ('ai', 'like4like'), ('ai', 'software'), ('ai', 'tech'), ('developer', 'fitness'), ('developer', 'like4like'), ('developer', 'software'), ('developer', 'tech'), ('fitness', 'like4like'), ('fitness', 'software'), ('fitness', 'tech'), ('like4like', 'software'), ('like4like', 'tech'), ('software', 'tech')]"
synthetic_post_0784.jpg,798,"[('fitness', 'foodporn'), ('fitness', 'instafood'), ('foodporn', 'instafood')]"
synthetic_post_0785.jpg,594,"[('design', 'drawing'), ('design', 'love'), ('drawing', 'love')]"
synthetic_post_0786.jpg,904,"[('developer', 'life'), ('developer', 'nature'), ('developer', 'photography'), ('developer', 'software'), ('developer', 'vacation'), ('life', 'nature'), ('life', 'photography'), ('life', 'software'), ('life', 'vacation'), ('nature', 'photography'), ('nature', 'software'), ('nature', 'vacation'), ('photography', 'software'), ('photography', 'vacation'), ('software', 'vacation')]"
synthetic_post_0787.jpg,1068,"[('design', 'drawing'), ('design', 'gym'), ('design', 'motivation'), ('design', 'photooftheday'), ('drawing', 'gym'), ('drawing', 'motivation'), ('drawing', 'photooftheday'), ('gym', 'motivation'), ('gym', 'photooftheday'), ('motivation', 'photooftheday')]"
synthetic_post_0788.jpg,1306,"[('beauty', 'delicious'), ('beauty', 'homemade'), ('beauty', 'model'), ('beauty', 'streetstyle'), ('beauty', 'style'), ('delicious', 'homemade'), ('delicious', 'model'), ('delicious', 'streetstyle'), ('delicious', 'style'), ('homemade', 'model'), ('homemade', 'streetstyle'), ('homemade', 'style'), ('model', 'streetstyle'), ('model', 'style'), ('streetstyle', 'style')]"
synthetic_post_0789.jpg,1030,"[('beauty', 'outfit'), ('beauty', 'streetstyle'), ('beauty', 'style'), ('outfit', 'streetstyle'), ('outfit', 'style'), ('streetstyle', 'style')]"
synthetic_post_0790.jpg,763,"[('art', 'gallery'), ('art', 'love'), ('art', 'photography'), ('art', 'travel'), ('gallery', 'love'), ('gallery', 'photography'), ('gallery', 'travel'), ('love', 'photography'), ('love', 'travel'), ('photography', 'travel')]"
synthetic_post_0791.jpg,1413,"[('creative', 'fashion'), ('creative', 'gallery'), ('creative', 'model'), ('creative', 'ootd'), ('creative', 'style'), ('fashion', 'gallery'), ('fashion', 'model'), ('fashion', 'ootd'), ('fashion', 'style'), ('gallery', 'model'), ('gallery', 'ootd'), ('gallery', 'style'), ('model', 'ootd'), ('model', 'style'), ('ootd', 'style')]"
synthetic_post_0792.jpg,1216,"[('creative', 'design'), ('creative', 'drawing'), ('creative', 'gallery'), ('creative', 'like4like'), ('creative', 'model'), ('design', 'drawing'), ('design', 'gallery'), ('design', 'like4like'), ('design', 'model'), ('drawing', 'gallery'), ('drawing', 'like4like'), ('drawing', 'model'), ('gallery', 'like4like'), ('gallery', 'model'), ('like4like', 'model')]"
synthetic_post_0793.jpg,1282,"[('fitness', 'happy'), ('fitness', 'model'), ('fitness', 'streetstyle'), ('fitness', 'style'), ('fitness', 'training'), ('happy', 'model'), ('happy', 'streetstyle'), ('happy', 'style'), ('happy', 'training'), ('model', 'streetstyle'), ('model', 'style'), ('model', 'training'), ('streetstyle', 'style'), ('streetstyle', 'training'), ('style', 'training')]"
synthetic_post_0794.jpg,770,"[('beauty', 'gym'), ('beauty', 'motivation'), ('beauty', 'training'), ('gym', 'motivation'), ('gym', 'training'), ('motivation', 'training')]"
synthetic_post_0795.jpg,689,"[('foodporn', 'training'), ('foodporn', 'workout'), ('foodporn', 'yummy'), ('training', 'workout'), ('training', 'yummy'), ('workout', 'yummy')]"
synthetic_post_0796.jpg,784,"[('chef', 'delicious'), ('chef', 'foodie'), ('chef', 'foodporn'), ('chef', 'tech'), ('delicious', 'foodie'), ('delicious', 'foodporn'), ('delicious', 'tech'), ('foodie', 'foodporn'), ('foodie', 'tech'), ('foodporn', 'tech')]"
synthetic_post_0797.jpg,647,"[('beauty', 'chef'), ('beauty', 'foodie'), ('beauty', 'homemade'), ('beauty', 'like4like'), ('beauty', 'outfit'), ('chef', 'foodie'), ('chef', 'homemade'), ('chef', 'like4like'), ('chef', 'outfit'), ('foodie', 'homemade'), ('foodie', 'like4like'), ('foodie', 'outfit'), ('homemade', 'like4like'), ('homemade', 'outfit'), ('like4like', 'outfit')]"
synthetic_post_0798.jpg,928,"[('fitfam', 'fitness'), ('fitfam', 'followme'), ('fitfam', 'foodie'), ('fitfam', 'training'), ('fitfam', 'workout'), ('fitfam', 'yummy'), ('fitness', 'followme'), ('fitness', 'foodie'), ('fitness', 'training'), ('fitness', 'workout'), ('fitness', 'yummy'), ('followme', 'foodie'), ('followme', 'training'), ('followme', 'workout'), ('followme', 'yummy'), ('foodie', 'training'), ('foodie', 'workout'), ('foodie', 'yummy'), ('training', 'workout'), ('training', 'yummy'), ('workout', 'yummy')]"
synthetic_post_0799.jpg,609,"[('coding', 'innovation'), ('coding', 'outfit'), ('coding', 'style'), ('innovation', 'outfit'), ('innovation', 'style'), ('outfit', 'style')]"
